{
"type": "FeatureCollection",
"name": "estate_points",
"crs": { "type": "name", "properties": { "name": "urn:ogc:def:crs:OGC:1.3:CRS84" } },
"features": [
{ "type": "Feature", "properties": { "Location": "Hambledon", "Estate Lat (WIP)": "50.9375440134", "Estate Lon (WIP)": "-1.0786395351", "Year of issue": "1049", "Diplomas": "S 1018", "Diploma authenticity (as in Notion)": "disputed suspicious (and/or opinions vary)", "Category of diploma authenticity (quadripartite simplification)": "likely spurious", "Beneficiary": "Ælfwine", "Beneficiary: commu or person": "person", "Beneficiary person: lay or ecclesiastic": "lay", "Diploma preserved at (archive)": "Winchester, Old Minster", "Num diplomas": "1", "Shire": "Hampshire", "Promulgation site": "Winchester", "Lat (comp.)": "", "Lon (comp.)": "", "Predicted accuracy": "", "Notes": "", "Archive Lat": "", "Archive Lon": "", "Prom Lat": "51.0612766", "Prom Lon": "-1.3131692", "Estate Lat": "50.9375440134", "Estate Lon": "-1.0786395351", "Distance between estate and promulgation site": 21.459893895099999, "Distance between estate and archive": "" }, "geometry": { "type": "Point", "coordinates": [ -1.08, 50.94 ] } },
{ "type": "Feature", "properties": { "Location": "Banwell", "Estate Lat (WIP)": "51.327", "Estate Lon (WIP)": "-2.864", "Year of issue": "1065", "Diplomas": "S 1042", "Diploma authenticity (as in Notion)": "disputed (probbaly spurious)", "Category of diploma authenticity (quadripartite simplification)": "likely spurious", "Beneficiary": "Wells, St Andrew's", "Beneficiary: commu or person": "community", "Beneficiary person: lay or ecclesiastic": "", "Diploma preserved at (archive)": "Wells", "Num diplomas": "1", "Shire": "Somerset", "Promulgation site": "Windsor", "Lat (comp.)": "51.3279764", "Lon (comp.)": "-2.8629427", "Predicted accuracy": "Shire match", "Notes": "", "Archive Lat": "", "Archive Lon": "", "Prom Lat": "51.4837886", "Prom Lon": "-0.6040419", "Estate Lat": "51.327", "Estate Lon": "-2.864", "Distance between estate and promulgation site": 158.2153953568, "Distance between estate and archive": "" }, "geometry": { "type": "Point", "coordinates": [ -2.86, 51.33 ] } },
{ "type": "Feature", "properties": { "Location": "(Bishops) Lydeard", "Estate Lat (WIP)": "", "Estate Lon (WIP)": "", "Year of issue": "1065", "Diplomas": "S 1042", "Diploma authenticity (as in Notion)": "disputed (probbaly spurious)", "Category of diploma authenticity (quadripartite simplification)": "likely spurious", "Beneficiary": "Wells, St Andrew's", "Beneficiary: commu or person": "community", "Beneficiary person: lay or ecclesiastic": "", "Diploma preserved at (archive)": "Wells", "Num diplomas": "1", "Shire": "Somerset", "Promulgation site": "Windsor", "Lat (comp.)": "51.0576845", "Lon (comp.)": "-3.1873724", "Predicted accuracy": "Shire match", "Notes": "", "Archive Lat": "", "Archive Lon": "", "Prom Lat": "51.4837886", "Prom Lon": "-0.6040419", "Estate Lat": "51.0576845", "Estate Lon": "-3.1873724", "Distance between estate and promulgation site": 186.40352087950001, "Distance between estate and archive": "" }, "geometry": { "type": "Point", "coordinates": [ -3.19, 51.06 ] } },
{ "type": "Feature", "properties": { "Location": "(East) Wanstrow", "Estate Lat (WIP)": "51.1736498261", "Estate Lon (WIP)": "-2.4142630925", "Year of issue": "1065", "Diplomas": "S 1042", "Diploma authenticity (as in Notion)": "disputed (probbaly spurious)", "Category of diploma authenticity (quadripartite simplification)": "likely spurious", "Beneficiary": "Wells, St Andrew's", "Beneficiary: commu or person": "community", "Beneficiary person: lay or ecclesiastic": "", "Diploma preserved at (archive)": "Wells", "Num diplomas": "1", "Shire": "Somerset", "Promulgation site": "Windsor", "Lat (comp.)": "", "Lon (comp.)": "", "Predicted accuracy": "Not found", "Notes": "", "Archive Lat": "", "Archive Lon": "", "Prom Lat": "51.4837886", "Prom Lon": "-0.6040419", "Estate Lat": "51.1736498261", "Estate Lon": "-2.4142630925", "Distance between estate and promulgation site": 130.80224346969999, "Distance between estate and archive": "" }, "geometry": { "type": "Point", "coordinates": [ -2.41, 51.17 ] } },
{ "type": "Feature", "properties": { "Location": "Binegar", "Estate Lat (WIP)": "", "Estate Lon (WIP)": "", "Year of issue": "1065", "Diplomas": "S 1042", "Diploma authenticity (as in Notion)": "disputed (probbaly spurious)", "Category of diploma authenticity (quadripartite simplification)": "likely spurious", "Beneficiary": "Wells, St Andrew's", "Beneficiary: commu or person": "community", "Beneficiary person: lay or ecclesiastic": "", "Diploma preserved at (archive)": "Wells", "Num diplomas": "1", "Shire": "Somerset", "Promulgation site": "Windsor", "Lat (comp.)": "51.2427853", "Lon (comp.)": "-2.5514413", "Predicted accuracy": "Shire match", "Notes": "", "Archive Lat": "", "Archive Lon": "", "Prom Lat": "51.4837886", "Prom Lon": "-0.6040419", "Estate Lat": "51.2427853", "Estate Lon": "-2.5514413", "Distance between estate and promulgation site": 138.2530417115, "Distance between estate and archive": "" }, "geometry": { "type": "Point", "coordinates": [ -2.55, 51.24 ] } },
{ "type": "Feature", "properties": { "Location": "Bleadney", "Estate Lat (WIP)": "", "Estate Lon (WIP)": "", "Year of issue": "1065", "Diplomas": "S 1042", "Diploma authenticity (as in Notion)": "disputed (probbaly spurious)", "Category of diploma authenticity (quadripartite simplification)": "likely spurious", "Beneficiary": "Wells, St Andrew's", "Beneficiary: commu or person": "community", "Beneficiary person: lay or ecclesiastic": "", "Diploma preserved at (archive)": "Wells", "Num diplomas": "1", "Shire": "Somerset", "Promulgation site": "Windsor", "Lat (comp.)": "51.203451", "Lon (comp.)": "-2.7378454", "Predicted accuracy": "Shire match", "Notes": "", "Archive Lat": "", "Archive Lon": "", "Prom Lat": "51.4837886", "Prom Lon": "-0.6040419", "Estate Lat": "51.203451", "Estate Lon": "-2.7378454", "Distance between estate and promulgation site": 151.90908608909999, "Distance between estate and archive": "" }, "geometry": { "type": "Point", "coordinates": [ -2.74, 51.2 ] } },
{ "type": "Feature", "properties": { "Location": "Chew Magna", "Estate Lat (WIP)": "", "Estate Lon (WIP)": "", "Year of issue": "1065", "Diplomas": "S 1042", "Diploma authenticity (as in Notion)": "disputed (probbaly spurious)", "Category of diploma authenticity (quadripartite simplification)": "likely spurious", "Beneficiary": "Wells, St Andrew's", "Beneficiary: commu or person": "community", "Beneficiary person: lay or ecclesiastic": "", "Diploma preserved at (archive)": "Wells", "Num diplomas": "1", "Shire": "Somerset", "Promulgation site": "Windsor", "Lat (comp.)": "51.3660251", "Lon (comp.)": "-2.6089889", "Predicted accuracy": "Shire match", "Notes": "", "Archive Lat": "", "Archive Lon": "", "Prom Lat": "51.4837886", "Prom Lon": "-0.6040419", "Estate Lat": "51.3660251", "Estate Lon": "-2.6089889", "Distance between estate and promulgation site": 140.06289091030001, "Distance between estate and archive": "" }, "geometry": { "type": "Point", "coordinates": [ -2.61, 51.37 ] } },
{ "type": "Feature", "properties": { "Location": "Combe St Nicholas", "Estate Lat (WIP)": "", "Estate Lon (WIP)": "", "Year of issue": "1065", "Diplomas": "S 1042", "Diploma authenticity (as in Notion)": "disputed (probbaly spurious)", "Category of diploma authenticity (quadripartite simplification)": "likely spurious", "Beneficiary": "Wells, St Andrew's", "Beneficiary: commu or person": "community", "Beneficiary person: lay or ecclesiastic": "", "Diploma preserved at (archive)": "Wells", "Num diplomas": "1", "Shire": "Somerset", "Promulgation site": "Windsor", "Lat (comp.)": "50.8973646", "Lon (comp.)": "-2.9947914", "Predicted accuracy": "Shire match", "Notes": "", "Archive Lat": "", "Archive Lon": "", "Prom Lat": "51.4837886", "Prom Lon": "-0.6040419", "Estate Lat": "50.8973646", "Estate Lon": "-2.9947914", "Distance between estate and promulgation site": 179.40784038539999, "Distance between estate and archive": "" }, "geometry": { "type": "Point", "coordinates": [ -2.99, 50.9 ] } },
{ "type": "Feature", "properties": { "Location": "Congresbury", "Estate Lat (WIP)": "", "Estate Lon (WIP)": "", "Year of issue": "1065", "Diplomas": "S 1042", "Diploma authenticity (as in Notion)": "disputed (probbaly spurious)", "Category of diploma authenticity (quadripartite simplification)": "likely spurious", "Beneficiary": "Wells, St Andrew's", "Beneficiary: commu or person": "community", "Beneficiary person: lay or ecclesiastic": "", "Diploma preserved at (archive)": "Wells", "Num diplomas": "1", "Shire": "Somerset", "Promulgation site": "Windsor", "Lat (comp.)": "51.3720095", "Lon (comp.)": "-2.8055631", "Predicted accuracy": "Shire match", "Notes": "", "Archive Lat": "", "Archive Lon": "", "Prom Lat": "51.4837886", "Prom Lon": "-0.6040419", "Estate Lat": "51.3720095", "Estate Lon": "-2.8055631", "Distance between estate and promulgation site": 153.61419629049999, "Distance between estate and archive": "" }, "geometry": { "type": "Point", "coordinates": [ -2.81, 51.37 ] } },
{ "type": "Feature", "properties": { "Location": "Evercreech", "Estate Lat (WIP)": "", "Estate Lon (WIP)": "", "Year of issue": "1065", "Diplomas": "S 1042", "Diploma authenticity (as in Notion)": "disputed (probbaly spurious)", "Category of diploma authenticity (quadripartite simplification)": "likely spurious", "Beneficiary": "Wells, St Andrew's", "Beneficiary: commu or person": "community", "Beneficiary person: lay or ecclesiastic": "", "Diploma preserved at (archive)": "Wells", "Num diplomas": "1", "Shire": "Somerset", "Promulgation site": "Windsor", "Lat (comp.)": "51.1520665", "Lon (comp.)": "-2.5084975", "Predicted accuracy": "Shire match", "Notes": "", "Archive Lat": "", "Archive Lon": "", "Prom Lat": "51.4837886", "Prom Lon": "-0.6040419", "Estate Lat": "51.1520665", "Estate Lon": "-2.5084975", "Distance between estate and promulgation site": 137.80176447810001, "Distance between estate and archive": "" }, "geometry": { "type": "Point", "coordinates": [ -2.51, 51.15 ] } },
{ "type": "Feature", "properties": { "Location": "Kingsbury", "Estate Lat (WIP)": "", "Estate Lon (WIP)": "", "Year of issue": "1065", "Diplomas": "S 1042", "Diploma authenticity (as in Notion)": "disputed (probbaly spurious)", "Category of diploma authenticity (quadripartite simplification)": "likely spurious", "Beneficiary": "Wells, St Andrew's", "Beneficiary: commu or person": "community", "Beneficiary person: lay or ecclesiastic": "", "Diploma preserved at (archive)": "Wells", "Num diplomas": "1", "Shire": "Somerset", "Promulgation site": "Windsor", "Lat (comp.)": "50.9864772", "Lon (comp.)": "-2.8072967", "Predicted accuracy": "Shire match", "Notes": "", "Archive Lat": "", "Archive Lon": "", "Prom Lat": "51.4837886", "Prom Lon": "-0.6040419", "Estate Lat": "50.9864772", "Estate Lon": "-2.8072967", "Distance between estate and promulgation site": 163.516511847, "Distance between estate and archive": "" }, "geometry": { "type": "Point", "coordinates": [ -2.81, 50.99 ] } },
{ "type": "Feature", "properties": { "Location": "Litton", "Estate Lat (WIP)": "", "Estate Lon (WIP)": "", "Year of issue": "1065", "Diplomas": "S 1042", "Diploma authenticity (as in Notion)": "disputed (probbaly spurious)", "Category of diploma authenticity (quadripartite simplification)": "likely spurious", "Beneficiary": "Wells, St Andrew's", "Beneficiary: commu or person": "community", "Beneficiary person: lay or ecclesiastic": "", "Diploma preserved at (archive)": "Wells", "Num diplomas": "1", "Shire": "Somerset", "Promulgation site": "Windsor", "Lat (comp.)": "51.2900131", "Lon (comp.)": "-2.5820639", "Predicted accuracy": "Shire match", "Notes": "", "Archive Lat": "", "Archive Lon": "", "Prom Lat": "51.4837886", "Prom Lon": "-0.6040419", "Estate Lat": "51.2900131", "Estate Lon": "-2.5820639", "Distance between estate and promulgation site": 139.36755771750001, "Distance between estate and archive": "" }, "geometry": { "type": "Point", "coordinates": [ -2.58, 51.29 ] } },
{ "type": "Feature", "properties": { "Location": "Wedmore", "Estate Lat (WIP)": "", "Estate Lon (WIP)": "", "Year of issue": "1065", "Diplomas": "S 1042", "Diploma authenticity (as in Notion)": "disputed (probbaly spurious)", "Category of diploma authenticity (quadripartite simplification)": "likely spurious", "Beneficiary": "Wells, St Andrew's", "Beneficiary: commu or person": "community", "Beneficiary person: lay or ecclesiastic": "", "Diploma preserved at (archive)": "Wells", "Num diplomas": "1", "Shire": "Somerset", "Promulgation site": "Windsor", "Lat (comp.)": "51.2255001", "Lon (comp.)": "-2.8114392", "Predicted accuracy": "Shire match", "Notes": "", "Archive Lat": "", "Archive Lon": "", "Prom Lat": "51.4837886", "Prom Lon": "-0.6040419", "Estate Lat": "51.2255001", "Estate Lon": "-2.8114392", "Distance between estate and promulgation site": 156.4254626195, "Distance between estate and archive": "" }, "geometry": { "type": "Point", "coordinates": [ -2.81, 51.23 ] } },
{ "type": "Feature", "properties": { "Location": "Wells", "Estate Lat (WIP)": "", "Estate Lon (WIP)": "", "Year of issue": "1065", "Diplomas": "S 1042", "Diploma authenticity (as in Notion)": "disputed (probbaly spurious)", "Category of diploma authenticity (quadripartite simplification)": "likely spurious", "Beneficiary": "Wells, St Andrew's", "Beneficiary: commu or person": "community", "Beneficiary person: lay or ecclesiastic": "", "Diploma preserved at (archive)": "Wells", "Num diplomas": "1", "Shire": "Somerset", "Promulgation site": "Windsor", "Lat (comp.)": "51.2094511", "Lon (comp.)": "-2.6451203", "Predicted accuracy": "Shire match", "Notes": "", "Archive Lat": "", "Archive Lon": "", "Prom Lat": "51.4837886", "Prom Lon": "-0.6040419", "Estate Lat": "51.2094511", "Estate Lon": "-2.6451203", "Distance between estate and promulgation site": 145.44197254380001, "Distance between estate and archive": "" }, "geometry": { "type": "Point", "coordinates": [ -2.65, 51.21 ] } },
{ "type": "Feature", "properties": { "Location": "Westbury", "Estate Lat (WIP)": "", "Estate Lon (WIP)": "", "Year of issue": "1065", "Diplomas": "S 1042", "Diploma authenticity (as in Notion)": "disputed (probbaly spurious)", "Category of diploma authenticity (quadripartite simplification)": "likely spurious", "Beneficiary": "Wells, St Andrew's", "Beneficiary: commu or person": "community", "Beneficiary person: lay or ecclesiastic": "", "Diploma preserved at (archive)": "Wells", "Num diplomas": "1", "Shire": "Somerset", "Promulgation site": "Windsor", "Lat (comp.)": "51.2386997", "Lon (comp.)": "-2.7194147", "Predicted accuracy": "Shire match", "Notes": "", "Archive Lat": "", "Archive Lon": "", "Prom Lat": "51.4837886", "Prom Lon": "-0.6040419", "Estate Lat": "51.2386997", "Estate Lon": "-2.7194147", "Distance between estate and promulgation site": 149.83445567390001, "Distance between estate and archive": "" }, "geometry": { "type": "Point", "coordinates": [ -2.72, 51.24 ] } },
{ "type": "Feature", "properties": { "Location": "Winsham", "Estate Lat (WIP)": "", "Estate Lon (WIP)": "", "Year of issue": "1065", "Diplomas": "S 1042", "Diploma authenticity (as in Notion)": "disputed (probbaly spurious)", "Category of diploma authenticity (quadripartite simplification)": "likely spurious", "Beneficiary": "Wells, St Andrew's", "Beneficiary: commu or person": "community", "Beneficiary person: lay or ecclesiastic": "", "Diploma preserved at (archive)": "Wells", "Num diplomas": "1", "Shire": "Somerset", "Promulgation site": "Windsor", "Lat (comp.)": "50.8638639", "Lon (comp.)": "-2.8790331", "Predicted accuracy": "Shire match", "Notes": "", "Archive Lat": "", "Archive Lon": "", "Prom Lat": "51.4837886", "Prom Lon": "-0.6040419", "Estate Lat": "50.8638639", "Estate Lon": "-2.8790331", "Distance between estate and promulgation site": 173.39680660249999, "Distance between estate and archive": "" }, "geometry": { "type": "Point", "coordinates": [ -2.88, 50.86 ] } },
{ "type": "Feature", "properties": { "Location": "Withycombe", "Estate Lat (WIP)": "", "Estate Lon (WIP)": "", "Year of issue": "1065", "Diplomas": "S 1042", "Diploma authenticity (as in Notion)": "disputed (probbaly spurious)", "Category of diploma authenticity (quadripartite simplification)": "likely spurious", "Beneficiary": "Wells, St Andrew's", "Beneficiary: commu or person": "community", "Beneficiary person: lay or ecclesiastic": "", "Diploma preserved at (archive)": "Wells", "Num diplomas": "1", "Shire": "Somerset", "Promulgation site": "Windsor", "Lat (comp.)": "51.1490711", "Lon (comp.)": "-3.4234301", "Predicted accuracy": "Shire match", "Notes": "", "Archive Lat": "", "Archive Lon": "", "Prom Lat": "51.4837886", "Prom Lon": "-0.6040419", "Estate Lat": "51.1490711", "Estate Lon": "-3.4234301", "Distance between estate and promulgation site": 200.0481387216, "Distance between estate and archive": "" }, "geometry": { "type": "Point", "coordinates": [ -3.42, 51.15 ] } },
{ "type": "Feature", "properties": { "Location": "Aldenham", "Estate Lat (WIP)": "", "Estate Lon (WIP)": "", "Year of issue": "1066", "Diplomas": "S 1043", "Diploma authenticity (as in Notion)": "spurious", "Category of diploma authenticity (quadripartite simplification)": "spurious", "Beneficiary": "Westminster abbey", "Beneficiary: commu or person": "community", "Beneficiary person: lay or ecclesiastic": "", "Diploma preserved at (archive)": "Westminster", "Num diplomas": "1", "Shire": "Hertfordshire", "Promulgation site": "Westminster", "Lat (comp.)": "51.6735426", "Lon (comp.)": "-0.3520014", "Predicted accuracy": "Shire match", "Notes": "", "Archive Lat": "", "Archive Lon": "", "Prom Lat": "51.5004439", "Prom Lon": "-0.1265398", "Estate Lat": "51.6735426", "Estate Lon": "-0.3520014", "Distance between estate and promulgation site": 24.800919532799998, "Distance between estate and archive": "" }, "geometry": { "type": "Point", "coordinates": [ -0.35, 51.67 ] } },
{ "type": "Feature", "properties": { "Location": "Amersham", "Estate Lat (WIP)": "", "Estate Lon (WIP)": "", "Year of issue": "1066", "Diplomas": "S 1043", "Diploma authenticity (as in Notion)": "spurious", "Category of diploma authenticity (quadripartite simplification)": "spurious", "Beneficiary": "Westminster abbey", "Beneficiary: commu or person": "community", "Beneficiary person: lay or ecclesiastic": "", "Diploma preserved at (archive)": "Westminster", "Num diplomas": "1", "Shire": "Buckinghamshire", "Promulgation site": "Westminster", "Lat (comp.)": "51.676685", "Lon (comp.)": "-0.607692", "Predicted accuracy": "Shire match", "Notes": "", "Archive Lat": "", "Archive Lon": "", "Prom Lat": "51.5004439", "Prom Lon": "-0.1265398", "Estate Lat": "51.676685", "Estate Lon": "-0.607692", "Distance between estate and promulgation site": 38.684413895500001, "Distance between estate and archive": "" }, "geometry": { "type": "Point", "coordinates": [ -0.61, 51.68 ] } },
{ "type": "Feature", "properties": { "Location": "Ashwell", "Estate Lat (WIP)": "", "Estate Lon (WIP)": "", "Year of issue": "1066", "Diplomas": "S 1043", "Diploma authenticity (as in Notion)": "spurious", "Category of diploma authenticity (quadripartite simplification)": "spurious", "Beneficiary": "Westminster abbey", "Beneficiary: commu or person": "community", "Beneficiary person: lay or ecclesiastic": "", "Diploma preserved at (archive)": "Westminster", "Num diplomas": "1", "Shire": "Hertfordshire", "Promulgation site": "Westminster", "Lat (comp.)": "52.0402221", "Lon (comp.)": "-0.1550213", "Predicted accuracy": "Shire match", "Notes": "", "Archive Lat": "", "Archive Lon": "", "Prom Lat": "51.5004439", "Prom Lon": "-0.1265398", "Estate Lat": "52.0402221", "Estate Lon": "-0.1550213", "Distance between estate and promulgation site": 60.0895033842, "Distance between estate and archive": "" }, "geometry": { "type": "Point", "coordinates": [ -0.16, 52.04 ] } },
{ "type": "Feature", "properties": { "Location": "Ayot (St Lawrence)", "Estate Lat (WIP)": "", "Estate Lon (WIP)": "", "Year of issue": "1066", "Diplomas": "S 1043", "Diploma authenticity (as in Notion)": "spurious", "Category of diploma authenticity (quadripartite simplification)": "spurious", "Beneficiary": "Westminster abbey", "Beneficiary: commu or person": "community", "Beneficiary person: lay or ecclesiastic": "", "Diploma preserved at (archive)": "Westminster", "Num diplomas": "1", "Shire": "Hertfordshire", "Promulgation site": "Westminster", "Lat (comp.)": "51.8350966", "Lon (comp.)": "-0.2580284", "Predicted accuracy": "Shire match", "Notes": "", "Archive Lat": "", "Archive Lon": "", "Prom Lat": "51.5004439", "Prom Lon": "-0.1265398", "Estate Lat": "51.8350966", "Estate Lon": "-0.2580284", "Distance between estate and promulgation site": 38.328990974900002, "Distance between estate and archive": "" }, "geometry": { "type": "Point", "coordinates": [ -0.26, 51.84 ] } },
{ "type": "Feature", "properties": { "Location": "Chollington in Eastbourne", "Estate Lat (WIP)": "50.7934231345", "Estate Lon (WIP)": "0.2899554403", "Year of issue": "1066", "Diplomas": "S 1043", "Diploma authenticity (as in Notion)": "spurious", "Category of diploma authenticity (quadripartite simplification)": "spurious", "Beneficiary": "Westminster abbey", "Beneficiary: commu or person": "community", "Beneficiary person: lay or ecclesiastic": "", "Diploma preserved at (archive)": "Westminster", "Num diplomas": "1", "Shire": "Sussex", "Promulgation site": "Westminster", "Lat (comp.)": "", "Lon (comp.)": "", "Predicted accuracy": "Not found", "Notes": "Quite unsure, based on Eastbourne", "Archive Lat": "", "Archive Lon": "", "Prom Lat": "51.5004439", "Prom Lon": "-0.1265398", "Estate Lat": "50.7934231345", "Estate Lon": "0.2899554403", "Distance between estate and promulgation site": 83.882292033100001, "Distance between estate and archive": "" }, "geometry": { "type": "Point", "coordinates": [ 0.29, 50.79 ] } },
{ "type": "Feature", "properties": { "Location": "Claygate", "Estate Lat (WIP)": "", "Estate Lon (WIP)": "", "Year of issue": "1066", "Diplomas": "S 1043", "Diploma authenticity (as in Notion)": "spurious", "Category of diploma authenticity (quadripartite simplification)": "spurious", "Beneficiary": "Westminster abbey", "Beneficiary: commu or person": "community", "Beneficiary person: lay or ecclesiastic": "", "Diploma preserved at (archive)": "Westminster", "Num diplomas": "1", "Shire": "Surrey", "Promulgation site": "Westminster", "Lat (comp.)": "51.3602657", "Lon (comp.)": "-0.3375054", "Predicted accuracy": "Shire match", "Notes": "", "Archive Lat": "", "Archive Lon": "", "Prom Lat": "51.5004439", "Prom Lon": "-0.1265398", "Estate Lat": "51.3602657", "Estate Lon": "-0.3375054", "Distance between estate and promulgation site": 21.412384895399999, "Distance between estate and archive": "" }, "geometry": { "type": "Point", "coordinates": [ -0.34, 51.36 ] } },
{ "type": "Feature", "properties": { "Location": "Datchworth", "Estate Lat (WIP)": "", "Estate Lon (WIP)": "", "Year of issue": "1066", "Diplomas": "S 1043", "Diploma authenticity (as in Notion)": "spurious", "Category of diploma authenticity (quadripartite simplification)": "spurious", "Beneficiary": "Westminster abbey", "Beneficiary: commu or person": "community", "Beneficiary person: lay or ecclesiastic": "", "Diploma preserved at (archive)": "Westminster", "Num diplomas": "1", "Shire": "Hertfordshire", "Promulgation site": "Westminster", "Lat (comp.)": "51.8531384", "Lon (comp.)": "-0.1586845", "Predicted accuracy": "Shire match", "Notes": "", "Archive Lat": "", "Archive Lon": "", "Prom Lat": "51.5004439", "Prom Lon": "-0.1265398", "Estate Lat": "51.8531384", "Estate Lon": "-0.1586845", "Distance between estate and promulgation site": 39.304157054400001, "Distance between estate and archive": "" }, "geometry": { "type": "Point", "coordinates": [ -0.16, 51.85 ] } },
{ "type": "Feature", "properties": { "Location": "Deene", "Estate Lat (WIP)": "", "Estate Lon (WIP)": "", "Year of issue": "1066", "Diplomas": "S 1043", "Diploma authenticity (as in Notion)": "spurious", "Category of diploma authenticity (quadripartite simplification)": "spurious", "Beneficiary": "Westminster abbey", "Beneficiary: commu or person": "community", "Beneficiary person: lay or ecclesiastic": "", "Diploma preserved at (archive)": "Westminster", "Num diplomas": "1", "Shire": "Northamptonshire", "Promulgation site": "Westminster", "Lat (comp.)": "52.519851", "Lon (comp.)": "-0.6209055", "Predicted accuracy": "Shire match", "Notes": "", "Archive Lat": "", "Archive Lon": "", "Prom Lat": "51.5004439", "Prom Lon": "-0.1265398", "Estate Lat": "52.519851", "Estate Lon": "-0.6209055", "Distance between estate and promulgation site": 118.3963775576, "Distance between estate and archive": "" }, "geometry": { "type": "Point", "coordinates": [ -0.62, 52.52 ] } },
{ "type": "Feature", "properties": { "Location": "Deerhurst", "Estate Lat (WIP)": "", "Estate Lon (WIP)": "", "Year of issue": "1066", "Diplomas": "S 1043", "Diploma authenticity (as in Notion)": "spurious", "Category of diploma authenticity (quadripartite simplification)": "spurious", "Beneficiary": "Westminster abbey", "Beneficiary: commu or person": "community", "Beneficiary person: lay or ecclesiastic": "", "Diploma preserved at (archive)": "Westminster", "Num diplomas": "1", "Shire": "Gloucestershire", "Promulgation site": "Westminster", "Lat (comp.)": "51.9528346", "Lon (comp.)": "-2.186237", "Predicted accuracy": "Shire match", "Notes": "", "Archive Lat": "", "Archive Lon": "", "Prom Lat": "51.5004439", "Prom Lon": "-0.1265398", "Estate Lat": "51.9528346", "Estate Lon": "-2.186237", "Distance between estate and promulgation site": 150.94823113050001, "Distance between estate and archive": "" }, "geometry": { "type": "Point", "coordinates": [ -2.19, 51.95 ] } },
{ "type": "Feature", "properties": { "Location": "Denham", "Estate Lat (WIP)": "", "Estate Lon (WIP)": "", "Year of issue": "1066", "Diplomas": "S 1043", "Diploma authenticity (as in Notion)": "spurious", "Category of diploma authenticity (quadripartite simplification)": "spurious", "Beneficiary": "Westminster abbey", "Beneficiary: commu or person": "community", "Beneficiary person: lay or ecclesiastic": "", "Diploma preserved at (archive)": "Westminster", "Num diplomas": "1", "Shire": "Buckinghamshire", "Promulgation site": "Westminster", "Lat (comp.)": "51.5729922", "Lon (comp.)": "-0.4998008", "Predicted accuracy": "Shire match", "Notes": "", "Archive Lat": "", "Archive Lon": "", "Prom Lat": "51.5004439", "Prom Lon": "-0.1265398", "Estate Lat": "51.5729922", "Estate Lon": "-0.4998008", "Distance between estate and promulgation site": 27.1272316871, "Distance between estate and archive": "" }, "geometry": { "type": "Point", "coordinates": [ -0.5, 51.57 ] } },
{ "type": "Feature", "properties": { "Location": "Fanton (Hall) in North Benfleet", "Estate Lat (WIP)": "51.594740704", "Estate Lon (WIP)": "0.5443288483", "Year of issue": "1066", "Diplomas": "S 1043", "Diploma authenticity (as in Notion)": "spurious", "Category of diploma authenticity (quadripartite simplification)": "spurious", "Beneficiary": "Westminster abbey", "Beneficiary: commu or person": "community", "Beneficiary person: lay or ecclesiastic": "", "Diploma preserved at (archive)": "Westminster", "Num diplomas": "1", "Shire": "Essex", "Promulgation site": "Westminster", "Lat (comp.)": "", "Lon (comp.)": "", "Predicted accuracy": "Not found", "Notes": "", "Archive Lat": "", "Archive Lon": "", "Prom Lat": "51.5004439", "Prom Lon": "-0.1265398", "Estate Lat": "51.594740704", "Estate Lon": "0.5443288483", "Distance between estate and promulgation site": 47.704675135499997, "Distance between estate and archive": "" }, "geometry": { "type": "Point", "coordinates": [ 0.54, 51.59 ] } },
{ "type": "Feature", "properties": { "Location": "Greenford", "Estate Lat (WIP)": "", "Estate Lon (WIP)": "", "Year of issue": "1066", "Diplomas": "S 1043", "Diploma authenticity (as in Notion)": "spurious", "Category of diploma authenticity (quadripartite simplification)": "spurious", "Beneficiary": "Westminster abbey", "Beneficiary: commu or person": "community", "Beneficiary person: lay or ecclesiastic": "", "Diploma preserved at (archive)": "Westminster", "Num diplomas": "1", "Shire": "Middlesex", "Promulgation site": "Westminster", "Lat (comp.)": "51.5485482", "Lon (comp.)": "-0.3446914", "Predicted accuracy": "No shire match", "Notes": "", "Archive Lat": "", "Archive Lon": "", "Prom Lat": "51.5004439", "Prom Lon": "-0.1265398", "Estate Lat": "51.5485482", "Estate Lon": "-0.3446914", "Distance between estate and promulgation site": 16.058534553800001, "Distance between estate and archive": "" }, "geometry": { "type": "Point", "coordinates": [ -0.34, 51.55 ] } },
{ "type": "Feature", "properties": { "Location": "Hampstead", "Estate Lat (WIP)": "51.5555124108", "Estate Lon (WIP)": "-0.1807001213", "Year of issue": "1066", "Diplomas": "S 1043", "Diploma authenticity (as in Notion)": "spurious", "Category of diploma authenticity (quadripartite simplification)": "spurious", "Beneficiary": "Westminster abbey", "Beneficiary: commu or person": "community", "Beneficiary person: lay or ecclesiastic": "", "Diploma preserved at (archive)": "Westminster", "Num diplomas": "1", "Shire": "Middlesex", "Promulgation site": "Westminster", "Lat (comp.)": "", "Lon (comp.)": "", "Predicted accuracy": "Not found", "Notes": "", "Archive Lat": "", "Archive Lon": "", "Prom Lat": "51.5004439", "Prom Lon": "-0.1265398", "Estate Lat": "51.5555124108", "Estate Lon": "-0.1807001213", "Distance between estate and promulgation site": 7.1878561496, "Distance between estate and archive": "" }, "geometry": { "type": "Point", "coordinates": [ -0.18, 51.56 ] } },
{ "type": "Feature", "properties": { "Location": "Hendon", "Estate Lat (WIP)": "51.5847277585", "Estate Lon (WIP)": "-0.228208807", "Year of issue": "1066", "Diplomas": "S 1043", "Diploma authenticity (as in Notion)": "spurious", "Category of diploma authenticity (quadripartite simplification)": "spurious", "Beneficiary": "Westminster abbey", "Beneficiary: commu or person": "community", "Beneficiary person: lay or ecclesiastic": "", "Diploma preserved at (archive)": "Westminster", "Num diplomas": "1", "Shire": "Middlesex", "Promulgation site": "Westminster", "Lat (comp.)": "", "Lon (comp.)": "", "Predicted accuracy": "Not found", "Notes": "", "Archive Lat": "", "Archive Lon": "", "Prom Lat": "51.5004439", "Prom Lon": "-0.1265398", "Estate Lat": "51.5847277585", "Estate Lon": "-0.228208807", "Distance between estate and promulgation site": 11.7338751849, "Distance between estate and archive": "" }, "geometry": { "type": "Point", "coordinates": [ -0.23, 51.58 ] } },
{ "type": "Feature", "properties": { "Location": "Holwell", "Estate Lat (WIP)": "", "Estate Lon (WIP)": "", "Year of issue": "1066", "Diplomas": "S 1043", "Diploma authenticity (as in Notion)": "spurious", "Category of diploma authenticity (quadripartite simplification)": "spurious", "Beneficiary": "Westminster abbey", "Beneficiary: commu or person": "community", "Beneficiary person: lay or ecclesiastic": "", "Diploma preserved at (archive)": "Westminster", "Num diplomas": "1", "Shire": "Hertfordshire", "Promulgation site": "Westminster", "Lat (comp.)": "51.985701", "Lon (comp.)": "-0.3039795", "Predicted accuracy": "Shire match", "Notes": "", "Archive Lat": "", "Archive Lon": "", "Prom Lat": "51.5004439", "Prom Lon": "-0.1265398", "Estate Lat": "51.985701", "Estate Lon": "-0.3039795", "Distance between estate and promulgation site": 55.364409936900003, "Distance between estate and archive": "" }, "geometry": { "type": "Point", "coordinates": [ -0.3, 51.99 ] } },
{ "type": "Feature", "properties": { "Location": "Islip", "Estate Lat (WIP)": "", "Estate Lon (WIP)": "", "Year of issue": "1066", "Diplomas": "S 1043", "Diploma authenticity (as in Notion)": "spurious", "Category of diploma authenticity (quadripartite simplification)": "spurious", "Beneficiary": "Westminster abbey", "Beneficiary: commu or person": "community", "Beneficiary person: lay or ecclesiastic": "", "Diploma preserved at (archive)": "Westminster", "Num diplomas": "1", "Shire": "Oxfordshire", "Promulgation site": "Westminster", "Lat (comp.)": "51.8231826", "Lon (comp.)": "-1.2364036", "Predicted accuracy": "Shire match", "Notes": "", "Archive Lat": "", "Archive Lon": "", "Prom Lat": "51.5004439", "Prom Lon": "-0.1265398", "Estate Lat": "51.8231826", "Estate Lon": "-1.2364036", "Distance between estate and promulgation site": 84.775376960299994, "Distance between estate and archive": "" }, "geometry": { "type": "Point", "coordinates": [ -1.24, 51.82 ] } },
{ "type": "Feature", "properties": { "Location": "Kelvedon", "Estate Lat (WIP)": "", "Estate Lon (WIP)": "", "Year of issue": "1066", "Diplomas": "S 1043", "Diploma authenticity (as in Notion)": "spurious", "Category of diploma authenticity (quadripartite simplification)": "spurious", "Beneficiary": "Westminster abbey", "Beneficiary: commu or person": "community", "Beneficiary person: lay or ecclesiastic": "", "Diploma preserved at (archive)": "Westminster", "Num diplomas": "1", "Shire": "Essex", "Promulgation site": "Westminster", "Lat (comp.)": "51.8391963", "Lon (comp.)": "0.6852534", "Predicted accuracy": "Shire match", "Notes": "", "Archive Lat": "", "Archive Lon": "", "Prom Lat": "51.5004439", "Prom Lon": "-0.1265398", "Estate Lat": "51.8391963", "Estate Lon": "0.6852534", "Distance between estate and promulgation site": 67.635573630400003, "Distance between estate and archive": "" }, "geometry": { "type": "Point", "coordinates": [ 0.69, 51.84 ] } },
{ "type": "Feature", "properties": { "Location": "Kelvedon Hatch", "Estate Lat (WIP)": "", "Estate Lon (WIP)": "", "Year of issue": "1066", "Diplomas": "S 1043", "Diploma authenticity (as in Notion)": "spurious", "Category of diploma authenticity (quadripartite simplification)": "spurious", "Beneficiary": "Westminster abbey", "Beneficiary: commu or person": "community", "Beneficiary person: lay or ecclesiastic": "", "Diploma preserved at (archive)": "Westminster", "Num diplomas": "1", "Shire": "Essex", "Promulgation site": "Westminster", "Lat (comp.)": "51.6660298", "Lon (comp.)": "0.2744584", "Predicted accuracy": "Shire match", "Notes": "", "Archive Lat": "", "Archive Lon": "", "Prom Lat": "51.5004439", "Prom Lon": "-0.1265398", "Estate Lat": "51.6660298", "Estate Lon": "0.2744584", "Distance between estate and promulgation site": 33.345925449100001, "Distance between estate and archive": "" }, "geometry": { "type": "Point", "coordinates": [ 0.27, 51.67 ] } },
{ "type": "Feature", "properties": { "Location": "Latchingdon", "Estate Lat (WIP)": "", "Estate Lon (WIP)": "", "Year of issue": "1066", "Diplomas": "S 1043", "Diploma authenticity (as in Notion)": "spurious", "Category of diploma authenticity (quadripartite simplification)": "spurious", "Beneficiary": "Westminster abbey", "Beneficiary: commu or person": "community", "Beneficiary person: lay or ecclesiastic": "", "Diploma preserved at (archive)": "Westminster", "Num diplomas": "1", "Shire": "Essex", "Promulgation site": "Westminster", "Lat (comp.)": "51.6597817", "Lon (comp.)": "0.724805", "Predicted accuracy": "Shire match", "Notes": "", "Archive Lat": "", "Archive Lon": "", "Prom Lat": "51.5004439", "Prom Lon": "-0.1265398", "Estate Lat": "51.6597817", "Estate Lon": "0.724805", "Distance between estate and promulgation site": 61.618904061800002, "Distance between estate and archive": "" }, "geometry": { "type": "Point", "coordinates": [ 0.72, 51.66 ] } },
{ "type": "Feature", "properties": { "Location": "Launton", "Estate Lat (WIP)": "", "Estate Lon (WIP)": "", "Year of issue": "1066", "Diplomas": "S 1043", "Diploma authenticity (as in Notion)": "spurious", "Category of diploma authenticity (quadripartite simplification)": "spurious", "Beneficiary": "Westminster abbey", "Beneficiary: commu or person": "community", "Beneficiary person: lay or ecclesiastic": "", "Diploma preserved at (archive)": "Westminster", "Num diplomas": "1", "Shire": "Oxfordshire", "Promulgation site": "Westminster", "Lat (comp.)": "51.8976897", "Lon (comp.)": "-1.115968", "Predicted accuracy": "Shire match", "Notes": "", "Archive Lat": "", "Archive Lon": "", "Prom Lat": "51.5004439", "Prom Lon": "-0.1265398", "Estate Lat": "51.8976897", "Estate Lon": "-1.115968", "Distance between estate and promulgation site": 81.441841734600004, "Distance between estate and archive": "" }, "geometry": { "type": "Point", "coordinates": [ -1.12, 51.9 ] } },
{ "type": "Feature", "properties": { "Location": "Lessness", "Estate Lat (WIP)": "", "Estate Lon (WIP)": "", "Year of issue": "1066", "Diplomas": "S 1043", "Diploma authenticity (as in Notion)": "spurious", "Category of diploma authenticity (quadripartite simplification)": "spurious", "Beneficiary": "Westminster abbey", "Beneficiary: commu or person": "community", "Beneficiary person: lay or ecclesiastic": "", "Diploma preserved at (archive)": "Westminster", "Num diplomas": "1", "Shire": "Kent", "Promulgation site": "Westminster", "Lat (comp.)": "51.4828537", "Lon (comp.)": "0.1494032", "Predicted accuracy": "Shire match", "Notes": "", "Archive Lat": "", "Archive Lon": "", "Prom Lat": "51.5004439", "Prom Lon": "-0.1265398", "Estate Lat": "51.4828537", "Estate Lon": "0.1494032", "Distance between estate and promulgation site": 19.2647771703, "Distance between estate and archive": "" }, "geometry": { "type": "Point", "coordinates": [ 0.15, 51.48 ] } },
{ "type": "Feature", "properties": { "Location": "Leyton", "Estate Lat (WIP)": "", "Estate Lon (WIP)": "", "Year of issue": "1066", "Diplomas": "S 1043", "Diploma authenticity (as in Notion)": "spurious", "Category of diploma authenticity (quadripartite simplification)": "spurious", "Beneficiary": "Westminster abbey", "Beneficiary: commu or person": "community", "Beneficiary person: lay or ecclesiastic": "", "Diploma preserved at (archive)": "Westminster", "Num diplomas": "1", "Shire": "Essex", "Promulgation site": "Westminster", "Lat (comp.)": "51.816036", "Lon (comp.)": "1.1578943", "Predicted accuracy": "Shire match", "Notes": "", "Archive Lat": "", "Archive Lon": "", "Prom Lat": "51.5004439", "Prom Lon": "-0.1265398", "Estate Lat": "51.816036", "Estate Lon": "1.1578943", "Distance between estate and promulgation site": 95.565236199300003, "Distance between estate and archive": "" }, "geometry": { "type": "Point", "coordinates": [ 1.16, 51.82 ] } },
{ "type": "Feature", "properties": { "Location": "Mapulderforde (? Maplestead)", "Estate Lat (WIP)": "51.9801700248", "Estate Lon (WIP)": "0.6315079784", "Year of issue": "1066", "Diplomas": "S 1043", "Diploma authenticity (as in Notion)": "spurious", "Category of diploma authenticity (quadripartite simplification)": "spurious", "Beneficiary": "Westminster abbey", "Beneficiary: commu or person": "community", "Beneficiary person: lay or ecclesiastic": "", "Diploma preserved at (archive)": "Westminster", "Num diplomas": "1", "Shire": "Essex", "Promulgation site": "Westminster", "Lat (comp.)": "", "Lon (comp.)": "", "Predicted accuracy": "Not found", "Notes": "C12 church with framgentary AS stonework https://historicengland.org.uk/listing/the-list/list-entry/1337989?section=official-list-entry", "Archive Lat": "", "Archive Lon": "", "Prom Lat": "51.5004439", "Prom Lon": "-0.1265398", "Estate Lat": "51.9801700248", "Estate Lon": "0.6315079784", "Distance between estate and promulgation site": 74.770289862300004, "Distance between estate and archive": "" }, "geometry": { "type": "Point", "coordinates": [ 0.63, 51.98 ] } },
{ "type": "Feature", "properties": { "Location": "Morden", "Estate Lat (WIP)": "", "Estate Lon (WIP)": "", "Year of issue": "1066", "Diplomas": "S 1043", "Diploma authenticity (as in Notion)": "spurious", "Category of diploma authenticity (quadripartite simplification)": "spurious", "Beneficiary": "Westminster abbey", "Beneficiary: commu or person": "community", "Beneficiary person: lay or ecclesiastic": "", "Diploma preserved at (archive)": "Westminster", "Num diplomas": "1", "Shire": "Surrey", "Promulgation site": "Westminster", "Lat (comp.)": "51.3026901", "Lon (comp.)": "-0.2280833", "Predicted accuracy": "Shire match", "Notes": "", "Archive Lat": "", "Archive Lon": "", "Prom Lat": "51.5004439", "Prom Lon": "-0.1265398", "Estate Lat": "51.3026901", "Estate Lon": "-0.2280833", "Distance between estate and promulgation site": 23.108235675700001, "Distance between estate and archive": "" }, "geometry": { "type": "Point", "coordinates": [ -0.23, 51.3 ] } },
{ "type": "Feature", "properties": { "Location": "Moulsham", "Estate Lat (WIP)": "", "Estate Lon (WIP)": "", "Year of issue": "1066", "Diplomas": "S 1043", "Diploma authenticity (as in Notion)": "spurious", "Category of diploma authenticity (quadripartite simplification)": "spurious", "Beneficiary": "Westminster abbey", "Beneficiary: commu or person": "community", "Beneficiary person: lay or ecclesiastic": "", "Diploma preserved at (archive)": "Westminster", "Num diplomas": "1", "Shire": "Essex", "Promulgation site": "Westminster", "Lat (comp.)": "51.7265808", "Lon (comp.)": "0.4712557", "Predicted accuracy": "Shire match", "Notes": "", "Archive Lat": "", "Archive Lon": "", "Prom Lat": "51.5004439", "Prom Lon": "-0.1265398", "Estate Lat": "51.7265808", "Estate Lon": "0.4712557", "Distance between estate and promulgation site": 48.452319177299998, "Distance between estate and archive": "" }, "geometry": { "type": "Point", "coordinates": [ 0.47, 51.73 ] } },
{ "type": "Feature", "properties": { "Location": "Paglesham", "Estate Lat (WIP)": "", "Estate Lon (WIP)": "", "Year of issue": "1066", "Diplomas": "S 1043", "Diploma authenticity (as in Notion)": "spurious", "Category of diploma authenticity (quadripartite simplification)": "spurious", "Beneficiary": "Westminster abbey", "Beneficiary: commu or person": "community", "Beneficiary person: lay or ecclesiastic": "", "Diploma preserved at (archive)": "Westminster", "Num diplomas": "1", "Shire": "Essex", "Promulgation site": "Westminster", "Lat (comp.)": "51.5996413", "Lon (comp.)": "0.7958937", "Predicted accuracy": "Shire match", "Notes": "", "Archive Lat": "", "Archive Lon": "", "Prom Lat": "51.5004439", "Prom Lon": "-0.1265398", "Estate Lat": "51.5996413", "Estate Lon": "0.7958937", "Distance between estate and promulgation site": 64.928491834100001, "Distance between estate and archive": "" }, "geometry": { "type": "Point", "coordinates": [ 0.8, 51.6 ] } },
{ "type": "Feature", "properties": { "Location": "Parham", "Estate Lat (WIP)": "", "Estate Lon (WIP)": "", "Year of issue": "1066", "Diplomas": "S 1043", "Diploma authenticity (as in Notion)": "spurious", "Category of diploma authenticity (quadripartite simplification)": "spurious", "Beneficiary": "Westminster abbey", "Beneficiary: commu or person": "community", "Beneficiary person: lay or ecclesiastic": "", "Diploma preserved at (archive)": "Westminster", "Num diplomas": "1", "Shire": "Sussex", "Promulgation site": "Westminster", "Lat (comp.)": "50.9194442", "Lon (comp.)": "-0.5010893", "Predicted accuracy": "Shire match", "Notes": "", "Archive Lat": "", "Archive Lon": "", "Prom Lat": "51.5004439", "Prom Lon": "-0.1265398", "Estate Lat": "50.9194442", "Estate Lon": "-0.5010893", "Distance between estate and promulgation site": 69.7354937753, "Distance between estate and archive": "" }, "geometry": { "type": "Point", "coordinates": [ -0.5, 50.92 ] } },
{ "type": "Feature", "properties": { "Location": "Pershore", "Estate Lat (WIP)": "", "Estate Lon (WIP)": "", "Year of issue": "1066", "Diplomas": "S 1043", "Diploma authenticity (as in Notion)": "spurious", "Category of diploma authenticity (quadripartite simplification)": "spurious", "Beneficiary": "Westminster abbey", "Beneficiary: commu or person": "community", "Beneficiary person: lay or ecclesiastic": "", "Diploma preserved at (archive)": "Westminster", "Num diplomas": "1", "Shire": "Worcestershire", "Promulgation site": "Westminster", "Lat (comp.)": "52.1096993", "Lon (comp.)": "-2.0754758", "Predicted accuracy": "Shire match", "Notes": "", "Archive Lat": "", "Archive Lon": "", "Prom Lat": "51.5004439", "Prom Lon": "-0.1265398", "Estate Lat": "52.1096993", "Estate Lon": "-2.0754758", "Distance between estate and promulgation site": 150.54721731870001, "Distance between estate and archive": "" }, "geometry": { "type": "Point", "coordinates": [ -2.08, 52.11 ] } },
{ "type": "Feature", "properties": { "Location": "Perton", "Estate Lat (WIP)": "", "Estate Lon (WIP)": "", "Year of issue": "1066", "Diplomas": "S 1043", "Diploma authenticity (as in Notion)": "spurious", "Category of diploma authenticity (quadripartite simplification)": "spurious", "Beneficiary": "Westminster abbey", "Beneficiary: commu or person": "community", "Beneficiary person: lay or ecclesiastic": "", "Diploma preserved at (archive)": "Westminster", "Num diplomas": "1", "Shire": "Staffordshire", "Promulgation site": "Westminster", "Lat (comp.)": "52.5957196", "Lon (comp.)": "-2.2033801", "Predicted accuracy": "Shire match", "Notes": "", "Archive Lat": "", "Archive Lon": "", "Prom Lat": "51.5004439", "Prom Lon": "-0.1265398", "Estate Lat": "52.5957196", "Estate Lon": "-2.2033801", "Distance between estate and promulgation site": 187.4773768453, "Distance between estate and archive": "" }, "geometry": { "type": "Point", "coordinates": [ -2.2, 52.6 ] } },
{ "type": "Feature", "properties": { "Location": "Rayne", "Estate Lat (WIP)": "", "Estate Lon (WIP)": "", "Year of issue": "1066", "Diplomas": "S 1043", "Diploma authenticity (as in Notion)": "spurious", "Category of diploma authenticity (quadripartite simplification)": "spurious", "Beneficiary": "Westminster abbey", "Beneficiary: commu or person": "community", "Beneficiary person: lay or ecclesiastic": "", "Diploma preserved at (archive)": "Westminster", "Num diplomas": "1", "Shire": "Essex", "Promulgation site": "Westminster", "Lat (comp.)": "51.8879146", "Lon (comp.)": "0.4944322", "Predicted accuracy": "Shire match", "Notes": "", "Archive Lat": "", "Archive Lon": "", "Prom Lat": "51.5004439", "Prom Lon": "-0.1265398", "Estate Lat": "51.8879146", "Estate Lon": "0.4944322", "Distance between estate and promulgation site": 60.844614571599998, "Distance between estate and archive": "" }, "geometry": { "type": "Point", "coordinates": [ 0.49, 51.89 ] } },
{ "type": "Feature", "properties": { "Location": "Rutland (shire)", "Estate Lat (WIP)": "52.6583601788", "Estate Lon (WIP)": "-0.7062203375", "Year of issue": "1066", "Diplomas": "S 1043", "Diploma authenticity (as in Notion)": "spurious", "Category of diploma authenticity (quadripartite simplification)": "spurious", "Beneficiary": "Westminster abbey", "Beneficiary: commu or person": "community", "Beneficiary person: lay or ecclesiastic": "", "Diploma preserved at (archive)": "Westminster", "Num diplomas": "1", "Shire": "Rutland", "Promulgation site": "Westminster", "Lat (comp.)": "", "Lon (comp.)": "", "Predicted accuracy": "Not found", "Notes": "Norman church https://historicengland.org.uk/listing/heritage-at-risk/search-register/list-entry/21021", "Archive Lat": "", "Archive Lon": "", "Prom Lat": "51.5004439", "Prom Lon": "-0.1265398", "Estate Lat": "52.6583601788", "Estate Lon": "-0.7062203375", "Distance between estate and promulgation site": 134.82861390950001, "Distance between estate and archive": "" }, "geometry": { "type": "Point", "coordinates": [ -0.71, 52.66 ] } },
{ "type": "Feature", "properties": { "Location": "Shepperton", "Estate Lat (WIP)": "51.3958628573", "Estate Lon (WIP)": "-0.4486578817", "Year of issue": "1066", "Diplomas": "S 1043", "Diploma authenticity (as in Notion)": "spurious", "Category of diploma authenticity (quadripartite simplification)": "spurious", "Beneficiary": "Westminster abbey", "Beneficiary: commu or person": "community", "Beneficiary person: lay or ecclesiastic": "", "Diploma preserved at (archive)": "Westminster", "Num diplomas": "1", "Shire": "Middlesex", "Promulgation site": "Westminster", "Lat (comp.)": "", "Lon (comp.)": "", "Predicted accuracy": "Not found", "Notes": "", "Archive Lat": "", "Archive Lon": "", "Prom Lat": "51.5004439", "Prom Lon": "-0.1265398", "Estate Lat": "51.3958628573", "Estate Lon": "-0.4486578817", "Distance between estate and promulgation site": 25.235788593700001, "Distance between estate and archive": "" }, "geometry": { "type": "Point", "coordinates": [ -0.45, 51.4 ] } },
{ "type": "Feature", "properties": { "Location": "Staines", "Estate Lat (WIP)": "51.4335869171", "Estate Lon (WIP)": "-0.5127579861", "Year of issue": "1066", "Diplomas": "S 1043", "Diploma authenticity (as in Notion)": "spurious", "Category of diploma authenticity (quadripartite simplification)": "spurious", "Beneficiary": "Westminster abbey", "Beneficiary: commu or person": "community", "Beneficiary person: lay or ecclesiastic": "", "Diploma preserved at (archive)": "Westminster", "Num diplomas": "1", "Shire": "Middlesex", "Promulgation site": "Westminster", "Lat (comp.)": "", "Lon (comp.)": "", "Predicted accuracy": "Not found", "Notes": "Presumably Staines-upon-Thames", "Archive Lat": "", "Archive Lon": "", "Prom Lat": "51.5004439", "Prom Lon": "-0.1265398", "Estate Lat": "51.4335869171", "Estate Lon": "-0.5127579861", "Distance between estate and promulgation site": 27.850206548100001, "Distance between estate and archive": "" }, "geometry": { "type": "Point", "coordinates": [ -0.51, 51.43 ] } },
{ "type": "Feature", "properties": { "Location": "Stevenage", "Estate Lat (WIP)": "", "Estate Lon (WIP)": "", "Year of issue": "1066", "Diplomas": "S 1043", "Diploma authenticity (as in Notion)": "spurious", "Category of diploma authenticity (quadripartite simplification)": "spurious", "Beneficiary": "Westminster abbey", "Beneficiary: commu or person": "community", "Beneficiary person: lay or ecclesiastic": "", "Diploma preserved at (archive)": "Westminster", "Num diplomas": "1", "Shire": "Hertfordshire", "Promulgation site": "Westminster", "Lat (comp.)": "51.9016663", "Lon (comp.)": "-0.2027155", "Predicted accuracy": "Shire match", "Notes": "", "Archive Lat": "", "Archive Lon": "", "Prom Lat": "51.5004439", "Prom Lon": "-0.1265398", "Estate Lat": "51.9016663", "Estate Lon": "-0.2027155", "Distance between estate and promulgation site": 44.950235182500002, "Distance between estate and archive": "" }, "geometry": { "type": "Point", "coordinates": [ -0.2, 51.9 ] } },
{ "type": "Feature", "properties": { "Location": "Sudborough", "Estate Lat (WIP)": "", "Estate Lon (WIP)": "", "Year of issue": "1066", "Diplomas": "S 1043", "Diploma authenticity (as in Notion)": "spurious", "Category of diploma authenticity (quadripartite simplification)": "spurious", "Beneficiary": "Westminster abbey", "Beneficiary: commu or person": "community", "Beneficiary person: lay or ecclesiastic": "", "Diploma preserved at (archive)": "Westminster", "Num diplomas": "1", "Shire": "Northamptonshire", "Promulgation site": "Westminster", "Lat (comp.)": "52.4361016", "Lon (comp.)": "-0.5857794", "Predicted accuracy": "Shire match", "Notes": "", "Archive Lat": "", "Archive Lon": "", "Prom Lat": "51.5004439", "Prom Lon": "-0.1265398", "Estate Lat": "52.4361016", "Estate Lon": "-0.5857794", "Distance between estate and promulgation site": 108.78608564210001, "Distance between estate and archive": "" }, "geometry": { "type": "Point", "coordinates": [ -0.59, 52.44 ] } },
{ "type": "Feature", "properties": { "Location": "Sunbury", "Estate Lat (WIP)": "51.4184254055", "Estate Lon (WIP)": "-0.4187168637", "Year of issue": "1066", "Diplomas": "S 1043", "Diploma authenticity (as in Notion)": "spurious", "Category of diploma authenticity (quadripartite simplification)": "spurious", "Beneficiary": "Westminster abbey", "Beneficiary: commu or person": "community", "Beneficiary person: lay or ecclesiastic": "", "Diploma preserved at (archive)": "Westminster", "Num diplomas": "1", "Shire": "Middlesex", "Promulgation site": "Westminster", "Lat (comp.)": "", "Lon (comp.)": "", "Predicted accuracy": "Not found", "Notes": "Sunbury on Thames, presumably", "Archive Lat": "", "Archive Lon": "", "Prom Lat": "51.5004439", "Prom Lon": "-0.1265398", "Estate Lat": "51.4184254055", "Estate Lon": "-0.4187168637", "Distance between estate and promulgation site": 22.2629442052, "Distance between estate and archive": "" }, "geometry": { "type": "Point", "coordinates": [ -0.42, 51.42 ] } },
{ "type": "Feature", "properties": { "Location": "Wanstead", "Estate Lat (WIP)": "51.5773526576", "Estate Lon (WIP)": "0.0240995576", "Year of issue": "1066", "Diplomas": "S 1043", "Diploma authenticity (as in Notion)": "spurious", "Category of diploma authenticity (quadripartite simplification)": "spurious", "Beneficiary": "Westminster abbey", "Beneficiary: commu or person": "community", "Beneficiary person: lay or ecclesiastic": "", "Diploma preserved at (archive)": "Westminster", "Num diplomas": "1", "Shire": "Essex", "Promulgation site": "Westminster", "Lat (comp.)": "", "Lon (comp.)": "", "Predicted accuracy": "Not found", "Notes": "", "Archive Lat": "", "Archive Lon": "", "Prom Lat": "51.5004439", "Prom Lon": "-0.1265398", "Estate Lat": "51.5773526576", "Estate Lon": "0.0240995576", "Distance between estate and promulgation site": 13.507525851500001, "Distance between estate and archive": "" }, "geometry": { "type": "Point", "coordinates": [ 0.02, 51.58 ] } },
{ "type": "Feature", "properties": { "Location": "Watton-at-Stone", "Estate Lat (WIP)": "", "Estate Lon (WIP)": "", "Year of issue": "1066", "Diplomas": "S 1043", "Diploma authenticity (as in Notion)": "spurious", "Category of diploma authenticity (quadripartite simplification)": "spurious", "Beneficiary": "Westminster abbey", "Beneficiary: commu or person": "community", "Beneficiary person: lay or ecclesiastic": "", "Diploma preserved at (archive)": "Westminster", "Num diplomas": "1", "Shire": "Hertfordshire", "Promulgation site": "Westminster", "Lat (comp.)": "51.8585119", "Lon (comp.)": "-0.1165373", "Predicted accuracy": "Shire match", "Notes": "", "Archive Lat": "", "Archive Lon": "", "Prom Lat": "51.5004439", "Prom Lon": "-0.1265398", "Estate Lat": "51.8585119", "Estate Lon": "-0.1165373", "Distance between estate and promulgation site": 39.845101588399999, "Distance between estate and archive": "" }, "geometry": { "type": "Point", "coordinates": [ -0.12, 51.86 ] } },
{ "type": "Feature", "properties": { "Location": "Weedon", "Estate Lat (WIP)": "", "Estate Lon (WIP)": "", "Year of issue": "1066", "Diplomas": "S 1043", "Diploma authenticity (as in Notion)": "spurious", "Category of diploma authenticity (quadripartite simplification)": "spurious", "Beneficiary": "Westminster abbey", "Beneficiary: commu or person": "community", "Beneficiary person: lay or ecclesiastic": "", "Diploma preserved at (archive)": "Westminster", "Num diplomas": "1", "Shire": "Buckinghamshire", "Promulgation site": "Westminster", "Lat (comp.)": "51.8559075", "Lon (comp.)": "-0.8191189", "Predicted accuracy": "Shire match", "Notes": "", "Archive Lat": "", "Archive Lon": "", "Prom Lat": "51.5004439", "Prom Lon": "-0.1265398", "Estate Lat": "51.8559075", "Estate Lon": "-0.8191189", "Distance between estate and promulgation site": 62.120889892000001, "Distance between estate and archive": "" }, "geometry": { "type": "Point", "coordinates": [ -0.82, 51.86 ] } },
{ "type": "Feature", "properties": { "Location": "Wennington", "Estate Lat (WIP)": "", "Estate Lon (WIP)": "", "Year of issue": "1066", "Diplomas": "S 1043", "Diploma authenticity (as in Notion)": "spurious", "Category of diploma authenticity (quadripartite simplification)": "spurious", "Beneficiary": "Westminster abbey", "Beneficiary: commu or person": "community", "Beneficiary person: lay or ecclesiastic": "", "Diploma preserved at (archive)": "Westminster", "Num diplomas": "1", "Shire": "Essex", "Promulgation site": "Westminster", "Lat (comp.)": "51.5065473", "Lon (comp.)": "0.2171623", "Predicted accuracy": "Shire match", "Notes": "", "Archive Lat": "", "Archive Lon": "", "Prom Lat": "51.5004439", "Prom Lon": "-0.1265398", "Estate Lat": "51.5065473", "Estate Lon": "0.2171623", "Distance between estate and promulgation site": 23.874662416700001, "Distance between estate and archive": "" }, "geometry": { "type": "Point", "coordinates": [ 0.22, 51.51 ] } },
{ "type": "Feature", "properties": { "Location": "West Chiltington", "Estate Lat (WIP)": "", "Estate Lon (WIP)": "", "Year of issue": "1066", "Diplomas": "S 1043", "Diploma authenticity (as in Notion)": "spurious", "Category of diploma authenticity (quadripartite simplification)": "spurious", "Beneficiary": "Westminster abbey", "Beneficiary: commu or person": "community", "Beneficiary person: lay or ecclesiastic": "", "Diploma preserved at (archive)": "Westminster", "Num diplomas": "1", "Shire": "Sussex", "Promulgation site": "Westminster", "Lat (comp.)": "50.9558921", "Lon (comp.)": "-0.44852", "Predicted accuracy": "Shire match", "Notes": "", "Archive Lat": "", "Archive Lon": "", "Prom Lat": "51.5004439", "Prom Lon": "-0.1265398", "Estate Lat": "50.9558921", "Estate Lon": "-0.44852", "Distance between estate and promulgation site": 64.622841689599994, "Distance between estate and archive": "" }, "geometry": { "type": "Point", "coordinates": [ -0.45, 50.96 ] } },
{ "type": "Feature", "properties": { "Location": "Westminster (town)", "Estate Lat (WIP)": "51.4977204626", "Estate Lon (WIP)": "-0.1351907105", "Year of issue": "1066", "Diplomas": "S 1043", "Diploma authenticity (as in Notion)": "spurious", "Category of diploma authenticity (quadripartite simplification)": "spurious", "Beneficiary": "Westminster abbey", "Beneficiary: commu or person": "community", "Beneficiary person: lay or ecclesiastic": "", "Diploma preserved at (archive)": "Westminster", "Num diplomas": "1", "Shire": "Middlesex", "Promulgation site": "Westminster", "Lat (comp.)": "", "Lon (comp.)": "", "Predicted accuracy": "Not found", "Notes": "", "Archive Lat": "", "Archive Lon": "", "Prom Lat": "51.5004439", "Prom Lon": "-0.1265398", "Estate Lat": "51.4977204626", "Estate Lon": "-0.1351907105", "Distance between estate and promulgation site": 0.6728259017, "Distance between estate and archive": "" }, "geometry": { "type": "Point", "coordinates": [ -0.14, 51.5 ] } },
{ "type": "Feature", "properties": { "Location": "Wheathampstead", "Estate Lat (WIP)": "", "Estate Lon (WIP)": "", "Year of issue": "1066", "Diplomas": "S 1043", "Diploma authenticity (as in Notion)": "spurious", "Category of diploma authenticity (quadripartite simplification)": "spurious", "Beneficiary": "Westminster abbey", "Beneficiary: commu or person": "community", "Beneficiary person: lay or ecclesiastic": "", "Diploma preserved at (archive)": "Westminster", "Num diplomas": "1", "Shire": "Hertfordshire", "Promulgation site": "Westminster", "Lat (comp.)": "51.8126524", "Lon (comp.)": "-0.2936637", "Predicted accuracy": "Shire match", "Notes": "", "Archive Lat": "", "Archive Lon": "", "Prom Lat": "51.5004439", "Prom Lon": "-0.1265398", "Estate Lat": "51.8126524", "Estate Lon": "-0.2936637", "Distance between estate and promulgation site": 36.611272004299998, "Distance between estate and archive": "" }, "geometry": { "type": "Point", "coordinates": [ -0.29, 51.81 ] } },
{ "type": "Feature", "properties": { "Location": "Windsor", "Estate Lat (WIP)": "", "Estate Lon (WIP)": "", "Year of issue": "1066", "Diplomas": "S 1043", "Diploma authenticity (as in Notion)": "spurious", "Category of diploma authenticity (quadripartite simplification)": "spurious", "Beneficiary": "Westminster abbey", "Beneficiary: commu or person": "community", "Beneficiary person: lay or ecclesiastic": "", "Diploma preserved at (archive)": "Westminster", "Num diplomas": "1", "Shire": "Berkshire", "Promulgation site": "Westminster", "Lat (comp.)": "51.4837886", "Lon (comp.)": "-0.6040419", "Predicted accuracy": "No shire match", "Notes": "", "Archive Lat": "", "Archive Lon": "", "Prom Lat": "51.5004439", "Prom Lon": "-0.1265398", "Estate Lat": "51.4837886", "Estate Lon": "-0.6040419", "Distance between estate and promulgation site": 33.215382601999998, "Distance between estate and archive": "" }, "geometry": { "type": "Point", "coordinates": [ -0.6, 51.48 ] } },
{ "type": "Feature", "properties": { "Location": "Wormley", "Estate Lat (WIP)": "", "Estate Lon (WIP)": "", "Year of issue": "1066", "Diplomas": "S 1043", "Diploma authenticity (as in Notion)": "spurious", "Category of diploma authenticity (quadripartite simplification)": "spurious", "Beneficiary": "Westminster abbey", "Beneficiary: commu or person": "community", "Beneficiary person: lay or ecclesiastic": "", "Diploma preserved at (archive)": "Westminster", "Num diplomas": "1", "Shire": "Hertfordshire", "Promulgation site": "Westminster", "Lat (comp.)": "51.7328989", "Lon (comp.)": "-0.0244303", "Predicted accuracy": "Shire match", "Notes": "", "Archive Lat": "", "Archive Lon": "", "Prom Lat": "51.5004439", "Prom Lon": "-0.1265398", "Estate Lat": "51.7328989", "Estate Lon": "-0.0244303", "Distance between estate and promulgation site": 26.812519738599999, "Distance between estate and archive": "" }, "geometry": { "type": "Point", "coordinates": [ -0.02, 51.73 ] } },
{ "type": "Feature", "properties": { "Location": "Walden", "Estate Lat (WIP)": "", "Estate Lon (WIP)": "", "Year of issue": "888", "Diplomas": "S 220", "Diploma authenticity (as in Notion)": "authentic basis", "Category of diploma authenticity (quadripartite simplification)": "likely authentic", "Beneficiary": "Wulfgar 2", "Beneficiary: commu or person": "person", "Beneficiary person: lay or ecclesiastic": "lay", "Diploma preserved at (archive)": "St Alban's", "Num diplomas": "1", "Shire": "Hertfordshire", "Promulgation site": "Droitwich", "Lat (comp.)": "51.8811097", "Lon (comp.)": "-0.2760921", "Predicted accuracy": "Shire match", "Notes": "", "Archive Lat": "", "Archive Lon": "", "Prom Lat": "52.26851", "Prom Lon": "-2.1486075", "Estate Lat": "51.8811097", "Estate Lon": "-0.2760921", "Distance between estate and promulgation site": 135.42455213509999, "Distance between estate and archive": "" }, "geometry": { "type": "Point", "coordinates": [ -0.28, 51.88 ] } },
{ "type": "Feature", "properties": { "Location": "Caughley in Barrow", "Estate Lat (WIP)": "52.6019997292", "Estate Lon (WIP)": "-2.4905707328", "Year of issue": "901", "Diplomas": "S 221", "Diploma authenticity (as in Notion)": "authentic", "Category of diploma authenticity (quadripartite simplification)": "authentic", "Beneficiary": "Much Wenlock", "Beneficiary: commu or person": "community", "Beneficiary person: lay or ecclesiastic": "", "Diploma preserved at (archive)": "Much Wenlock", "Num diplomas": "1", "Shire": "Shropshire", "Promulgation site": "Shrewsbury", "Lat (comp.)": "", "Lon (comp.)": "", "Predicted accuracy": "Not found", "Notes": "Quite unsure, placed between Caughley Close and Church of St Giles, Barrow", "Archive Lat": "", "Archive Lon": "", "Prom Lat": "52.707755", "Prom Lon": "-2.7540658", "Estate Lat": "52.6019997292", "Estate Lon": "-2.4905707328", "Distance between estate and promulgation site": 21.364497270600001, "Distance between estate and archive": "" }, "geometry": { "type": "Point", "coordinates": [ -2.49, 52.6 ] } },
{ "type": "Feature", "properties": { "Location": "Stanton Long", "Estate Lat (WIP)": "", "Estate Lon (WIP)": "", "Year of issue": "901", "Diplomas": "S 221", "Diploma authenticity (as in Notion)": "authentic", "Category of diploma authenticity (quadripartite simplification)": "authentic", "Beneficiary": "Much Wenlock", "Beneficiary: commu or person": "community", "Beneficiary person: lay or ecclesiastic": "", "Diploma preserved at (archive)": "Much Wenlock", "Num diplomas": "1", "Shire": "Shropshire", "Promulgation site": "Shrewsbury", "Lat (comp.)": "52.5119182", "Lon (comp.)": "-2.6309747", "Predicted accuracy": "Shire match", "Notes": "", "Archive Lat": "", "Archive Lon": "", "Prom Lat": "52.707755", "Prom Lon": "-2.7540658", "Estate Lat": "52.5119182", "Estate Lon": "-2.6309747", "Distance between estate and promulgation site": 23.333239854, "Distance between estate and archive": "" }, "geometry": { "type": "Point", "coordinates": [ -2.63, 52.51 ] } },
{ "type": "Feature", "properties": { "Location": "Easthope", "Estate Lat (WIP)": "", "Estate Lon (WIP)": "", "Year of issue": "901", "Diplomas": "S 221", "Diploma authenticity (as in Notion)": "authentic", "Category of diploma authenticity (quadripartite simplification)": "authentic", "Beneficiary": "", "Beneficiary: commu or person": "", "Beneficiary person: lay or ecclesiastic": "", "Diploma preserved at (archive)": "", "Num diplomas": "1", "Shire": "Shropshire", "Promulgation site": "Shrewsbury", "Lat (comp.)": "52.5535522", "Lon (comp.)": "-2.640828", "Predicted accuracy": "Shire match", "Notes": "CONSIDER REMOVING: WAS NOT DONATED BY MONARCH, WAS RECEIVED BY MONARCH IN EXCHANGE FOR ANOTHER PROPRETY", "Archive Lat": "", "Archive Lon": "", "Prom Lat": "52.707755", "Prom Lon": "-2.7540658", "Estate Lat": "52.5535522", "Estate Lon": "-2.640828", "Distance between estate and promulgation site": 18.794593564100001, "Distance between estate and archive": "" }, "geometry": { "type": "Point", "coordinates": [ -2.64, 52.55 ] } },
{ "type": "Feature", "properties": { "Location": "Patton", "Estate Lat (WIP)": "", "Estate Lon (WIP)": "", "Year of issue": "901", "Diplomas": "S 221", "Diploma authenticity (as in Notion)": "authentic", "Category of diploma authenticity (quadripartite simplification)": "authentic", "Beneficiary": "", "Beneficiary: commu or person": "", "Beneficiary person: lay or ecclesiastic": "", "Diploma preserved at (archive)": "", "Num diplomas": "1", "Shire": "Shropshire", "Promulgation site": "Shrewsbury", "Lat (comp.)": "52.5514734", "Lon (comp.)": "-2.6131182", "Predicted accuracy": "Shire match", "Notes": "CONSIDER REMOVING: WAS NOT DONATED BY MONARCH, WAS RECEIVED BY MONARCH IN EXCHANGE FOR ANOTHER PROPRETY", "Archive Lat": "", "Archive Lon": "", "Prom Lat": "52.707755", "Prom Lon": "-2.7540658", "Estate Lat": "52.5514734", "Estate Lon": "-2.6131182", "Distance between estate and promulgation site": 19.8374315563, "Distance between estate and archive": "" }, "geometry": { "type": "Point", "coordinates": [ -2.61, 52.55 ] } },
{ "type": "Feature", "properties": { "Location": "Farnborough", "Estate Lat (WIP)": "51.2998205472", "Estate Lon (WIP)": "-0.7607200896", "Year of issue": "915", "Diplomas": "S 225", "Diploma authenticity (as in Notion)": "authentic basis (details probably altered)", "Category of diploma authenticity (quadripartite simplification)": "likely authentic", "Beneficiary": "Eadric 7", "Beneficiary: commu or person": "person", "Beneficiary person: lay or ecclesiastic": "lay", "Diploma preserved at (archive)": "Abingdon", "Num diplomas": "1", "Shire": "Berkshire, Warwickshire", "Promulgation site": "Weardburg", "Lat (comp.)": "", "Lon (comp.)": "", "Predicted accuracy": "Not found", "Notes": "", "Archive Lat": "", "Archive Lon": "", "Prom Lat": "53.3364036722", "Prom Lon": "-3.3365855251", "Estate Lat": "51.2998205472", "Estate Lon": "-0.7607200896", "Distance between estate and promulgation site": 286.67932753259998, "Distance between estate and archive": "" }, "geometry": { "type": "Point", "coordinates": [ -0.76, 51.3 ] } },
{ "type": "Feature", "properties": { "Location": "Farleigh", "Estate Lat (WIP)": "", "Estate Lon (WIP)": "", "Year of issue": "898", "Diplomas": "S 350", "Diploma authenticity (as in Notion)": "probably authentic", "Category of diploma authenticity (quadripartite simplification)": "likely authentic", "Beneficiary": "Sigehelm 4", "Beneficiary: commu or person": "person", "Beneficiary person: lay or ecclesiastic": "lay", "Diploma preserved at (archive)": "Canterbury, Christ Church", "Num diplomas": "1", "Shire": "Kent", "Promulgation site": "Woolmer", "Lat (comp.)": "51.4073813", "Lon (comp.)": "0.8506409", "Predicted accuracy": "Shire match", "Notes": "", "Archive Lat": "", "Archive Lon": "", "Prom Lat": "51.0937792", "Prom Lon": "-0.7481479", "Estate Lat": "51.4073813", "Estate Lon": "0.8506409", "Distance between estate and promulgation site": 116.9481749345, "Distance between estate and archive": "" }, "geometry": { "type": "Point", "coordinates": [ 0.85, 51.41 ] } },
{ "type": "Feature", "properties": { "Location": "Chelworth in Crudwell", "Estate Lat (WIP)": "51.6464748052", "Estate Lon (WIP)": "-2.0447458975", "Year of issue": "885", "Diplomas": "S 356", "Diploma authenticity (as in Notion)": "authentic (later copy some contamination possible)", "Category of diploma authenticity (quadripartite simplification)": "likely authentic", "Beneficiary": "Dudig 1", "Beneficiary: commu or person": "person", "Beneficiary person: lay or ecclesiastic": "lay", "Diploma preserved at (archive)": "Malmesbury", "Num diplomas": "1", "Shire": "Wiltshire", "Promulgation site": "Malmesbury", "Lat (comp.)": "", "Lon (comp.)": "", "Predicted accuracy": "Not found", "Notes": "", "Archive Lat": "", "Archive Lon": "", "Prom Lat": "51.58447", "Prom Lon": "-2.0982042", "Estate Lat": "51.6464748052", "Estate Lon": "-2.0447458975", "Distance between estate and promulgation site": 7.8295634729000003, "Distance between estate and archive": "" }, "geometry": { "type": "Point", "coordinates": [ -2.04, 51.65 ] } },
{ "type": "Feature", "properties": { "Location": "Hurstbourne Priors", "Estate Lat (WIP)": "", "Estate Lon (WIP)": "", "Year of issue": "900", "Diplomas": "S 358", "Diploma authenticity (as in Notion)": "disputed (probably spurious)", "Category of diploma authenticity (quadripartite simplification)": "likely spurious", "Beneficiary": "Winchester, Old Minster", "Beneficiary: commu or person": "community", "Beneficiary person: lay or ecclesiastic": "", "Diploma preserved at (archive)": "Winchester, Old Minster", "Num diplomas": "1", "Shire": "Hampshire", "Promulgation site": "Winchester", "Lat (comp.)": "51.2159726", "Lon (comp.)": "-1.3754484", "Predicted accuracy": "Shire match", "Notes": "", "Archive Lat": "", "Archive Lon": "", "Prom Lat": "51.0612766", "Prom Lon": "-1.3131692", "Estate Lat": "51.2159726", "Estate Lon": "-1.3754484", "Distance between estate and promulgation site": 17.753474129400001, "Distance between estate and archive": "" }, "geometry": { "type": "Point", "coordinates": [ -1.38, 51.22 ] } },
{ "type": "Feature", "properties": { "Location": "Sparcells in Lydiard Millicent", "Estate Lat (WIP)": "51.578686346", "Estate Lon (WIP)": "-1.8299195689", "Year of issue": "900", "Diplomas": "S 359", "Diploma authenticity (as in Notion)": "disputed suspicious (and/or opinions vary)", "Category of diploma authenticity (quadripartite simplification)": "likely authentic", "Beneficiary": "Winchester, Old Minster", "Beneficiary: commu or person": "community", "Beneficiary person: lay or ecclesiastic": "", "Diploma preserved at (archive)": "Winchester, Old Minster", "Num diplomas": "1", "Shire": "Wiltshire", "Promulgation site": "Winchester", "Lat (comp.)": "", "Lon (comp.)": "", "Predicted accuracy": "Not found", "Notes": "", "Archive Lat": "", "Archive Lon": "", "Prom Lat": "51.0612766", "Prom Lon": "-1.3131692", "Estate Lat": "51.578686346", "Estate Lon": "-1.8299195689", "Distance between estate and promulgation site": 67.906869553600004, "Distance between estate and archive": "" }, "geometry": { "type": "Point", "coordinates": [ -1.83, 51.58 ] } },
{ "type": "Feature", "properties": { "Location": "Stoke by Hurstbourne", "Estate Lat (WIP)": "51.2647342191", "Estate Lon (WIP)": "-1.4240698541", "Year of issue": "900", "Diplomas": "S 359", "Diploma authenticity (as in Notion)": "disputed suspicious (and/or opinions vary)", "Category of diploma authenticity (quadripartite simplification)": "likely authentic", "Beneficiary": "Winchester, Old Minster", "Beneficiary: commu or person": "community", "Beneficiary person: lay or ecclesiastic": "", "Diploma preserved at (archive)": "Winchester, Old Minster", "Num diplomas": "1", "Shire": "Hampshire", "Promulgation site": "Winchester", "Lat (comp.)": "", "Lon (comp.)": "", "Predicted accuracy": "Not found", "Notes": "", "Archive Lat": "", "Archive Lon": "", "Prom Lat": "51.0612766", "Prom Lon": "-1.3131692", "Estate Lat": "51.2647342191", "Estate Lon": "-1.4240698541", "Distance between estate and promulgation site": 23.9274236063, "Distance between estate and archive": "" }, "geometry": { "type": "Point", "coordinates": [ -1.42, 51.26 ] } },
{ "type": "Feature", "properties": { "Location": "Chisledon", "Estate Lat (WIP)": "51.5182719531", "Estate Lon (WIP)": "-1.7316716523", "Year of issue": "900", "Diplomas": "S 359", "Diploma authenticity (as in Notion)": "disputed suspicious (and/or opinions vary)", "Category of diploma authenticity (quadripartite simplification)": "likely authentic", "Beneficiary": "Winchester, Old Minster", "Beneficiary: commu or person": "community", "Beneficiary person: lay or ecclesiastic": "", "Diploma preserved at (archive)": "Winchester, Old Minster", "Num diplomas": "1", "Shire": "Wiltshire", "Promulgation site": "Winchester", "Lat (comp.)": "", "Lon (comp.)": "", "Predicted accuracy": "Not found", "Notes": "Anglo-Saxon church https://historicengland.org.uk/listing/the-list/list-entry/1023312?section=official-list-entry", "Archive Lat": "", "Archive Lon": "", "Prom Lat": "51.0612766", "Prom Lon": "-1.3131692", "Estate Lat": "51.5182719531", "Estate Lon": "-1.7316716523", "Distance between estate and promulgation site": 58.628066648699999, "Distance between estate and archive": "" }, "geometry": { "type": "Point", "coordinates": [ -1.73, 51.52 ] } },
{ "type": "Feature", "properties": { "Location": "Micheldever", "Estate Lat (WIP)": "51.148569", "Estate Lon (WIP)": "-1.265595", "Year of issue": "900", "Diplomas": "S 360", "Diploma authenticity (as in Notion)": "spurious", "Category of diploma authenticity (quadripartite simplification)": "spurious", "Beneficiary": "Winchester, Old Minster", "Beneficiary: commu or person": "community", "Beneficiary person: lay or ecclesiastic": "", "Diploma preserved at (archive)": "Winchester, New Minster", "Num diplomas": "1", "Shire": "Hampshire", "Promulgation site": "Southampton", "Lat (comp.)": "51.1573724", "Lon (comp.)": "-1.2576789", "Predicted accuracy": "Shire match", "Notes": "", "Archive Lat": "", "Archive Lon": "", "Prom Lat": "50.9025349", "Prom Lon": "-1.404189", "Estate Lat": "51.148569", "Estate Lon": "-1.265595", "Distance between estate and promulgation site": 29.046846235299999, "Distance between estate and archive": "" }, "geometry": { "type": "Point", "coordinates": [ -1.27, 51.15 ] } },
{ "type": "Feature", "properties": { "Location": "Worthy", "Estate Lat (WIP)": "", "Estate Lon (WIP)": "", "Year of issue": "900", "Diplomas": "S 360", "Diploma authenticity (as in Notion)": "spurious", "Category of diploma authenticity (quadripartite simplification)": "spurious", "Beneficiary": "Winchester, Old Minster", "Beneficiary: commu or person": "community", "Beneficiary person: lay or ecclesiastic": "", "Diploma preserved at (archive)": "Winchester, New Minster", "Num diplomas": "1", "Shire": "Hampshire", "Promulgation site": "Southampton", "Lat (comp.)": "51.1033985", "Lon (comp.)": "-1.3008489", "Predicted accuracy": "Shire match", "Notes": "", "Archive Lat": "", "Archive Lon": "", "Prom Lat": "50.9025349", "Prom Lon": "-1.404189", "Estate Lat": "51.1033985", "Estate Lon": "-1.3008489", "Distance between estate and promulgation site": 23.4935956112, "Distance between estate and archive": "" }, "geometry": { "type": "Point", "coordinates": [ -1.3, 51.1 ] } },
{ "type": "Feature", "properties": { "Location": "Fovant", "Estate Lat (WIP)": "51.059", "Estate Lon (WIP)": "-1.996", "Year of issue": "901", "Diplomas": "S 364", "Diploma authenticity (as in Notion)": "disputed (may be authentic)", "Category of diploma authenticity (quadripartite simplification)": "likely authentic", "Beneficiary": "Wihtbrord 5", "Beneficiary: commu or person": "person", "Beneficiary person: lay or ecclesiastic": "lay", "Diploma preserved at (archive)": "Wilton", "Num diplomas": "1", "Shire": "Wiltshire", "Promulgation site": "Axminster", "Lat (comp.)": "51.0554611", "Lon (comp.)": "-1.9926309", "Predicted accuracy": "Shire match", "Notes": "", "Archive Lat": "", "Archive Lon": "", "Prom Lat": "50.7820966", "Prom Lon": "-2.9979915", "Estate Lat": "51.059", "Estate Lon": "-1.996", "Distance between estate and promulgation site": 76.896410544399998, "Distance between estate and archive": "" }, "geometry": { "type": "Point", "coordinates": [ -2.0, 51.06 ] } },
{ "type": "Feature", "properties": { "Location": "Chisledon", "Estate Lat (WIP)": "51.5182719531", "Estate Lon (WIP)": "-1.7316716523", "Year of issue": "901", "Diplomas": "S 366", "Diploma authenticity (as in Notion)": "probably authentic", "Category of diploma authenticity (quadripartite simplification)": "likely authentic", "Beneficiary": "Winchester, Old Minster", "Beneficiary: commu or person": "community", "Beneficiary person: lay or ecclesiastic": "", "Diploma preserved at (archive)": "Winchester, New Minster", "Num diplomas": "1", "Shire": "Wiltshire", "Promulgation site": "Southampton", "Lat (comp.)": "", "Lon (comp.)": "", "Predicted accuracy": "Not found", "Notes": "Anglo-Saxon church https://historicengland.org.uk/listing/the-list/list-entry/1023312?section=official-list-entry", "Archive Lat": "", "Archive Lon": "", "Prom Lat": "50.9025349", "Prom Lon": "-1.404189", "Estate Lat": "51.5182719531", "Estate Lon": "-1.7316716523", "Distance between estate and promulgation site": 72.223351856600004, "Distance between estate and archive": "" }, "geometry": { "type": "Point", "coordinates": [ -1.73, 51.52 ] } },
{ "type": "Feature", "properties": { "Location": "Stanton St Bernard", "Estate Lat (WIP)": "", "Estate Lon (WIP)": "", "Year of issue": "903", "Diplomas": "S 368", "Diploma authenticity (as in Notion)": "authentic", "Category of diploma authenticity (quadripartite simplification)": "authentic", "Beneficiary": "Ordlaf 1", "Beneficiary: commu or person": "person", "Beneficiary person: lay or ecclesiastic": "lay", "Diploma preserved at (archive)": "Wilton", "Num diplomas": "1", "Shire": "Wiltshire", "Promulgation site": "Milton", "Lat (comp.)": "51.3649969", "Lon (comp.)": "-1.8630506", "Predicted accuracy": "Shire match", "Notes": "", "Archive Lat": "", "Archive Lon": "", "Prom Lat": "52.2422961", "Prom Lon": "0.1604726", "Estate Lat": "51.3649969", "Estate Lon": "-1.8630506", "Distance between estate and promulgation site": 170.31368795110001, "Distance between estate and archive": "" }, "geometry": { "type": "Point", "coordinates": [ -1.86, 51.36 ] } },
{ "type": "Feature", "properties": { "Location": "Hardwell in Compton Beauchamp", "Estate Lat (WIP)": "51.5795932182", "Estate Lon (WIP)": "-1.5932423455", "Year of issue": "903", "Diplomas": "S 369", "Diploma authenticity (as in Notion)": "authentic", "Category of diploma authenticity (quadripartite simplification)": "authentic", "Beneficiary": "Tata 1", "Beneficiary: commu or person": "person", "Beneficiary person: lay or ecclesiastic": "lay", "Diploma preserved at (archive)": "Abingdon", "Num diplomas": "1", "Shire": "Berkshire", "Promulgation site": "Southampton", "Lat (comp.)": "", "Lon (comp.)": "", "Predicted accuracy": "Not found", "Notes": "", "Archive Lat": "", "Archive Lon": "", "Prom Lat": "50.9025349", "Prom Lon": "-1.404189", "Estate Lat": "51.5795932182", "Estate Lon": "-1.5932423455", "Distance between estate and promulgation site": 76.472846349199997, "Distance between estate and archive": "" }, "geometry": { "type": "Point", "coordinates": [ -1.59, 51.58 ] } },
{ "type": "Feature", "properties": { "Location": "Micheldever", "Estate Lat (WIP)": "51.148569", "Estate Lon (WIP)": "-1.265595", "Year of issue": "903", "Diplomas": "S 370", "Diploma authenticity (as in Notion)": "spurious", "Category of diploma authenticity (quadripartite simplification)": "spurious", "Beneficiary": "Winchester, Old Minster", "Beneficiary: commu or person": "community", "Beneficiary person: lay or ecclesiastic": "", "Diploma preserved at (archive)": "Winchester, New Minster", "Num diplomas": "1", "Shire": "Hampshire", "Promulgation site": "Southampton", "Lat (comp.)": "51.1573724", "Lon (comp.)": "-1.2576789", "Predicted accuracy": "Shire match", "Notes": "", "Archive Lat": "", "Archive Lon": "", "Prom Lat": "50.9025349", "Prom Lon": "-1.404189", "Estate Lat": "51.148569", "Estate Lon": "-1.265595", "Distance between estate and promulgation site": 29.046846235299999, "Distance between estate and archive": "" }, "geometry": { "type": "Point", "coordinates": [ -1.27, 51.15 ] } },
{ "type": "Feature", "properties": { "Location": "Bishops Waltham", "Estate Lat (WIP)": "50.9536", "Estate Lon (WIP)": "-1.2118", "Year of issue": "904", "Diplomas": "S 372", "Diploma authenticity (as in Notion)": "authentic", "Category of diploma authenticity (quadripartite simplification)": "authentic", "Beneficiary": "Winchester, Old Minster", "Beneficiary: commu or person": "community", "Beneficiary person: lay or ecclesiastic": "", "Diploma preserved at (archive)": "Winchester, Old Minster", "Num diplomas": "1", "Shire": "Hampshire", "Promulgation site": "Bickleigh", "Lat (comp.)": "50.9540325", "Lon (comp.)": "-1.2143351", "Predicted accuracy": "Shire match", "Notes": "", "Archive Lat": "", "Archive Lon": "", "Prom Lat": "50.8427425", "Prom Lon": "-3.502667", "Estate Lat": "50.9536", "Estate Lon": "-1.2118", "Distance between estate and promulgation site": 161.6298587942, "Distance between estate and archive": "" }, "geometry": { "type": "Point", "coordinates": [ -1.21, 50.95 ] } },
{ "type": "Feature", "properties": { "Location": "Portchester", "Estate Lat (WIP)": "50.842", "Estate Lon (WIP)": "-1.12", "Year of issue": "904", "Diplomas": "S 372", "Diploma authenticity (as in Notion)": "authentic", "Category of diploma authenticity (quadripartite simplification)": "authentic", "Beneficiary": "", "Beneficiary: commu or person": "", "Beneficiary person: lay or ecclesiastic": "", "Diploma preserved at (archive)": "", "Num diplomas": "1", "Shire": "Hampshire", "Promulgation site": "Bickleigh", "Lat (comp.)": "50.8488504", "Lon (comp.)": "-1.125024", "Predicted accuracy": "Shire match", "Notes": "CONSIDER REMOVING: WAS NOT DONATED BY MONARCH, WAS RECEIVED BY MONARCH IN EXCHANGE FOR ANOTHER PROPRETY", "Archive Lat": "", "Archive Lon": "", "Prom Lat": "50.8427425", "Prom Lon": "-3.502667", "Estate Lat": "50.842", "Estate Lon": "-1.12", "Distance between estate and promulgation site": 167.8165239571, "Distance between estate and archive": "" }, "geometry": { "type": "Point", "coordinates": [ -1.12, 50.84 ] } },
{ "type": "Feature", "properties": { "Location": "Taunton", "Estate Lat (WIP)": "51.019", "Estate Lon (WIP)": "-3.1", "Year of issue": "904", "Diplomas": "S 373", "Diploma authenticity (as in Notion)": "probably authentic", "Category of diploma authenticity (quadripartite simplification)": "likely authentic", "Beneficiary": "Winchester, Old Minster", "Beneficiary: commu or person": "community", "Beneficiary person: lay or ecclesiastic": "", "Diploma preserved at (archive)": "Winchester, Old Minster", "Num diplomas": "1", "Shire": "Somerset", "Promulgation site": "Bickleigh", "Lat (comp.)": "51.0147895", "Lon (comp.)": "-3.1029086", "Predicted accuracy": "Shire match", "Notes": "", "Archive Lat": "", "Archive Lon": "", "Prom Lat": "50.8427425", "Prom Lon": "-3.502667", "Estate Lat": "51.019", "Estate Lon": "-3.1", "Distance between estate and promulgation site": 34.435891616, "Distance between estate and archive": "" }, "geometry": { "type": "Point", "coordinates": [ -3.1, 51.02 ] } },
{ "type": "Feature", "properties": { "Location": "Compton", "Estate Lat (WIP)": "51.295", "Estate Lon (WIP)": "-2.869", "Year of issue": "904", "Diplomas": "S 373", "Diploma authenticity (as in Notion)": "probably authentic", "Category of diploma authenticity (quadripartite simplification)": "likely authentic", "Beneficiary": "", "Beneficiary: commu or person": "", "Beneficiary person: lay or ecclesiastic": "", "Diploma preserved at (archive)": "", "Num diplomas": "1", "Shire": "Somerset", "Promulgation site": "Bickleigh", "Lat (comp.)": "51.2894146", "Lon (comp.)": "-2.8505896", "Predicted accuracy": "Shire match", "Notes": "CONSIDER REMOVING: WAS NOT DONATED BY MONARCH, WAS RECEIVED BY MONARCH IN EXCHANGE FOR ANOTHER PROPRETY", "Archive Lat": "", "Archive Lon": "", "Prom Lat": "50.8427425", "Prom Lon": "-3.502667", "Estate Lat": "51.295", "Estate Lon": "-2.869", "Distance between estate and promulgation site": 67.113053812499999, "Distance between estate and archive": "" }, "geometry": { "type": "Point", "coordinates": [ -2.87, 51.3 ] } },
{ "type": "Feature", "properties": { "Location": "Crowcombe", "Estate Lat (WIP)": "51.124", "Estate Lon (WIP)": "-3.2273", "Year of issue": "904", "Diplomas": "S 373", "Diploma authenticity (as in Notion)": "probably authentic", "Category of diploma authenticity (quadripartite simplification)": "likely authentic", "Beneficiary": "", "Beneficiary: commu or person": "", "Beneficiary person: lay or ecclesiastic": "", "Diploma preserved at (archive)": "", "Num diplomas": "1", "Shire": "Somerset", "Promulgation site": "Bickleigh", "Lat (comp.)": "51.1169848", "Lon (comp.)": "-3.2309709", "Predicted accuracy": "Shire match", "Notes": "CONSIDER REMOVING: WAS NOT DONATED BY MONARCH, WAS RECEIVED BY MONARCH IN EXCHANGE FOR ANOTHER PROPRETY", "Archive Lat": "", "Archive Lon": "", "Prom Lat": "50.8427425", "Prom Lon": "-3.502667", "Estate Lat": "51.124", "Estate Lon": "-3.2273", "Distance between estate and promulgation site": 36.782304314900003, "Distance between estate and archive": "" }, "geometry": { "type": "Point", "coordinates": [ -3.23, 51.12 ] } },
{ "type": "Feature", "properties": { "Location": "Stoce by Shalbourne", "Estate Lat (WIP)": "51.368", "Estate Lon (WIP)": "-1.55", "Year of issue": "904", "Diplomas": "S 373", "Diploma authenticity (as in Notion)": "probably authentic", "Category of diploma authenticity (quadripartite simplification)": "likely authentic", "Beneficiary": "", "Beneficiary: commu or person": "", "Beneficiary person: lay or ecclesiastic": "", "Diploma preserved at (archive)": "", "Num diplomas": "1", "Shire": "Wiltshire", "Promulgation site": "Bickleigh", "Lat (comp.)": "", "Lon (comp.)": "", "Predicted accuracy": "Not found", "Notes": "CONSIDER REMOVING: WAS NOT DONATED BY MONARCH, WAS RECEIVED BY MONARCH IN EXCHANGE FOR ANOTHER PROPRETY", "Archive Lat": "", "Archive Lon": "", "Prom Lat": "50.8427425", "Prom Lon": "-3.502667", "Estate Lat": "51.368", "Estate Lon": "-1.55", "Distance between estate and promulgation site": 148.7167178336, "Distance between estate and archive": "" }, "geometry": { "type": "Point", "coordinates": [ -1.55, 51.37 ] } },
{ "type": "Feature", "properties": { "Location": "Banwell", "Estate Lat (WIP)": "51.327", "Estate Lon (WIP)": "-2.864", "Year of issue": "904", "Diplomas": "S 373", "Diploma authenticity (as in Notion)": "probably authentic", "Category of diploma authenticity (quadripartite simplification)": "likely authentic", "Beneficiary": "", "Beneficiary: commu or person": "", "Beneficiary person: lay or ecclesiastic": "", "Diploma preserved at (archive)": "", "Num diplomas": "1", "Shire": "Somerset", "Promulgation site": "Bickleigh", "Lat (comp.)": "51.3279764", "Lon (comp.)": "-2.8629427", "Predicted accuracy": "Shire match", "Notes": "CONSIDER REMOVING: WAS NOT DONATED BY MONARCH, WAS RECEIVED BY MONARCH IN EXCHANGE FOR ANOTHER PROPRETY", "Archive Lat": "", "Archive Lon": "", "Prom Lat": "50.8427425", "Prom Lon": "-3.502667", "Estate Lat": "51.327", "Estate Lon": "-2.864", "Distance between estate and promulgation site": 70.0353198631, "Distance between estate and archive": "" }, "geometry": { "type": "Point", "coordinates": [ -2.86, 51.33 ] } },
{ "type": "Feature", "properties": { "Location": "Micheldever", "Estate Lat (WIP)": "51.148569", "Estate Lon (WIP)": "-1.265595", "Year of issue": "904", "Diplomas": "S 374", "Diploma authenticity (as in Notion)": "probably authentic", "Category of diploma authenticity (quadripartite simplification)": "likely authentic", "Beneficiary": "Winchester, Old Minster", "Beneficiary: commu or person": "community", "Beneficiary person: lay or ecclesiastic": "", "Diploma preserved at (archive)": "Winchester, New Minster", "Num diplomas": "1", "Shire": "Hampshire", "Promulgation site": "Bickleigh", "Lat (comp.)": "51.1573724", "Lon (comp.)": "-1.2576789", "Predicted accuracy": "Shire match", "Notes": "", "Archive Lat": "", "Archive Lon": "", "Prom Lat": "50.8427425", "Prom Lon": "-3.502667", "Estate Lat": "51.148569", "Estate Lon": "-1.265595", "Distance between estate and promulgation site": 160.68798273830001, "Distance between estate and archive": "" }, "geometry": { "type": "Point", "coordinates": [ -1.27, 51.15 ] } },
{ "type": "Feature", "properties": { "Location": "Collingbourne", "Estate Lat (WIP)": "", "Estate Lon (WIP)": "", "Year of issue": "933", "Diplomas": "S 379", "Diploma authenticity (as in Notion)": "authentic", "Category of diploma authenticity (quadripartite simplification)": "authentic", "Beneficiary": "Wulfgar 11", "Beneficiary: commu or person": "person", "Beneficiary person: lay or ecclesiastic": "ecclesiastic", "Diploma preserved at (archive)": "Winchester, New Minster", "Num diplomas": "1", "Shire": "Wiltshire", "Promulgation site": "Wilton", "Lat (comp.)": "51.2759545", "Lon (comp.)": "-1.6369214", "Predicted accuracy": "Shire match", "Notes": "", "Archive Lat": "", "Archive Lon": "", "Prom Lat": "51.0805315", "Prom Lon": "-1.8607051", "Estate Lat": "51.2759545", "Estate Lon": "-1.6369214", "Distance between estate and promulgation site": 26.787338096900001, "Distance between estate and archive": "" }, "geometry": { "type": "Point", "coordinates": [ -1.64, 51.28 ] } },
{ "type": "Feature", "properties": { "Location": "Burleston", "Estate Lat (WIP)": "", "Estate Lon (WIP)": "", "Year of issue": "934", "Diplomas": "S 391", "Diploma authenticity (as in Notion)": "disputed (probably spurious)", "Category of diploma authenticity (quadripartite simplification)": "likely spurious", "Beneficiary": "Milton abbey", "Beneficiary: commu or person": "community", "Beneficiary person: lay or ecclesiastic": "", "Diploma preserved at (archive)": "Milton", "Num diplomas": "1", "Shire": "Dorset", "Promulgation site": "Dorchester", "Lat (comp.)": "50.7476294", "Lon (comp.)": "-2.3180015", "Predicted accuracy": "Shire match", "Notes": "", "Archive Lat": "", "Archive Lon": "", "Prom Lat": "50.7132064", "Prom Lon": "-2.4371229", "Estate Lat": "50.7476294", "Estate Lon": "-2.3180015", "Distance between estate and promulgation site": 9.2411391176999995, "Distance between estate and archive": "" }, "geometry": { "type": "Point", "coordinates": [ -2.32, 50.75 ] } },
{ "type": "Feature", "properties": { "Location": "Cattistock", "Estate Lat (WIP)": "", "Estate Lon (WIP)": "", "Year of issue": "934", "Diplomas": "S 391", "Diploma authenticity (as in Notion)": "disputed (probably spurious)", "Category of diploma authenticity (quadripartite simplification)": "likely spurious", "Beneficiary": "Milton abbey", "Beneficiary: commu or person": "community", "Beneficiary person: lay or ecclesiastic": "", "Diploma preserved at (archive)": "Milton", "Num diplomas": "1", "Shire": "Dorset", "Promulgation site": "Dorchester", "Lat (comp.)": "50.8097933", "Lon (comp.)": "-2.5913499", "Predicted accuracy": "Shire match", "Notes": "", "Archive Lat": "", "Archive Lon": "", "Prom Lat": "50.7132064", "Prom Lon": "-2.4371229", "Estate Lat": "50.8097933", "Estate Lon": "-2.5913499", "Distance between estate and promulgation site": 15.292525034900001, "Distance between estate and archive": "" }, "geometry": { "type": "Point", "coordinates": [ -2.59, 50.81 ] } },
{ "type": "Feature", "properties": { "Location": "Chalmington", "Estate Lat (WIP)": "", "Estate Lon (WIP)": "", "Year of issue": "934", "Diplomas": "S 391", "Diploma authenticity (as in Notion)": "disputed (probably spurious)", "Category of diploma authenticity (quadripartite simplification)": "likely spurious", "Beneficiary": "Milton abbey", "Beneficiary: commu or person": "community", "Beneficiary person: lay or ecclesiastic": "", "Diploma preserved at (archive)": "Milton", "Num diplomas": "1", "Shire": "Dorset", "Promulgation site": "Dorchester", "Lat (comp.)": "50.8056347", "Lon (comp.)": "-2.5770133", "Predicted accuracy": "Shire match", "Notes": "", "Archive Lat": "", "Archive Lon": "", "Prom Lat": "50.7132064", "Prom Lon": "-2.4371229", "Estate Lat": "50.8056347", "Estate Lon": "-2.5770133", "Distance between estate and promulgation site": 14.2531026209, "Distance between estate and archive": "" }, "geometry": { "type": "Point", "coordinates": [ -2.58, 50.81 ] } },
{ "type": "Feature", "properties": { "Location": "Clyffe in Tincleton", "Estate Lat (WIP)": "", "Estate Lon (WIP)": "", "Year of issue": "934", "Diplomas": "S 391", "Diploma authenticity (as in Notion)": "disputed (probably spurious)", "Category of diploma authenticity (quadripartite simplification)": "likely spurious", "Beneficiary": "Milton abbey", "Beneficiary: commu or person": "community", "Beneficiary person: lay or ecclesiastic": "", "Diploma preserved at (archive)": "Milton", "Num diplomas": "1", "Shire": "Dorset", "Promulgation site": "Dorchester", "Lat (comp.)": "", "Lon (comp.)": "", "Predicted accuracy": "Not found", "Notes": "", "Archive Lat": "", "Archive Lon": "", "Prom Lat": "50.7132064", "Prom Lon": "-2.4371229", "Estate Lat": "50.728440281", "Estate Lon": "-2.3108449264", "Distance between estate and promulgation site": 9.0771054543999998, "Distance between estate and archive": "" }, "geometry": { "type": "Point", "coordinates": [ -2.31, 50.73 ] } },
{ "type": "Feature", "properties": { "Location": "Compton Abbas", "Estate Lat (WIP)": "", "Estate Lon (WIP)": "", "Year of issue": "934", "Diplomas": "S 391", "Diploma authenticity (as in Notion)": "disputed (probably spurious)", "Category of diploma authenticity (quadripartite simplification)": "likely spurious", "Beneficiary": "Milton abbey", "Beneficiary: commu or person": "community", "Beneficiary person: lay or ecclesiastic": "", "Diploma preserved at (archive)": "Milton", "Num diplomas": "1", "Shire": "Dorset", "Promulgation site": "Dorchester", "Lat (comp.)": "50.9649957", "Lon (comp.)": "-2.187397", "Predicted accuracy": "Shire match", "Notes": "", "Archive Lat": "", "Archive Lon": "", "Prom Lat": "50.7132064", "Prom Lon": "-2.4371229", "Estate Lat": "50.9649957", "Estate Lon": "-2.187397", "Distance between estate and promulgation site": 33.0758328354, "Distance between estate and archive": "" }, "geometry": { "type": "Point", "coordinates": [ -2.19, 50.96 ] } },
{ "type": "Feature", "properties": { "Location": "Hillfield", "Estate Lat (WIP)": "", "Estate Lon (WIP)": "", "Year of issue": "934", "Diplomas": "S 391", "Diploma authenticity (as in Notion)": "disputed (probably spurious)", "Category of diploma authenticity (quadripartite simplification)": "likely spurious", "Beneficiary": "Milton abbey", "Beneficiary: commu or person": "community", "Beneficiary person: lay or ecclesiastic": "", "Diploma preserved at (archive)": "Milton", "Num diplomas": "1", "Shire": "Dorset", "Promulgation site": "Dorchester", "Lat (comp.)": "50.625128", "Lon (comp.)": "-2.240709", "Predicted accuracy": "Shire match", "Notes": "", "Archive Lat": "", "Archive Lon": "", "Prom Lat": "50.7132064", "Prom Lon": "-2.4371229", "Estate Lat": "50.625128", "Estate Lon": "-2.240709", "Distance between estate and promulgation site": 16.9944435795, "Distance between estate and archive": "" }, "geometry": { "type": "Point", "coordinates": [ -2.24, 50.63 ] } },
{ "type": "Feature", "properties": { "Location": "Holworth", "Estate Lat (WIP)": "", "Estate Lon (WIP)": "", "Year of issue": "934", "Diplomas": "S 391", "Diploma authenticity (as in Notion)": "disputed (probably spurious)", "Category of diploma authenticity (quadripartite simplification)": "likely spurious", "Beneficiary": "Milton abbey", "Beneficiary: commu or person": "community", "Beneficiary person: lay or ecclesiastic": "", "Diploma preserved at (archive)": "Milton", "Num diplomas": "1", "Shire": "Dorset", "Promulgation site": "Dorchester", "Lat (comp.)": "50.6496111", "Lon (comp.)": "-2.3303023", "Predicted accuracy": "Shire match", "Notes": "", "Archive Lat": "", "Archive Lon": "", "Prom Lat": "50.7132064", "Prom Lon": "-2.4371229", "Estate Lat": "50.6496111", "Estate Lon": "-2.3303023", "Distance between estate and promulgation site": 10.3463806452, "Distance between estate and archive": "" }, "geometry": { "type": "Point", "coordinates": [ -2.33, 50.65 ] } },
{ "type": "Feature", "properties": { "Location": "Lyscombe", "Estate Lat (WIP)": "", "Estate Lon (WIP)": "", "Year of issue": "934", "Diplomas": "S 391", "Diploma authenticity (as in Notion)": "disputed (probably spurious)", "Category of diploma authenticity (quadripartite simplification)": "likely spurious", "Beneficiary": "Milton abbey", "Beneficiary: commu or person": "community", "Beneficiary person: lay or ecclesiastic": "", "Diploma preserved at (archive)": "Milton", "Num diplomas": "1", "Shire": "Dorset", "Promulgation site": "Dorchester", "Lat (comp.)": "50.6810991", "Lon (comp.)": "-2.2351315", "Predicted accuracy": "Shire match", "Notes": "", "Archive Lat": "", "Archive Lon": "", "Prom Lat": "50.7132064", "Prom Lon": "-2.4371229", "Estate Lat": "50.6810991", "Estate Lon": "-2.2351315", "Distance between estate and promulgation site": 14.7115820389, "Distance between estate and archive": "" }, "geometry": { "type": "Point", "coordinates": [ -2.24, 50.68 ] } },
{ "type": "Feature", "properties": { "Location": "Milborne (St Andrew)", "Estate Lat (WIP)": "", "Estate Lon (WIP)": "", "Year of issue": "934", "Diplomas": "S 391", "Diploma authenticity (as in Notion)": "disputed (probably spurious)", "Category of diploma authenticity (quadripartite simplification)": "likely spurious", "Beneficiary": "Milton abbey", "Beneficiary: commu or person": "community", "Beneficiary person: lay or ecclesiastic": "", "Diploma preserved at (archive)": "Milton", "Num diplomas": "1", "Shire": "Dorset", "Promulgation site": "Dorchester", "Lat (comp.)": "50.7764648", "Lon (comp.)": "-2.277241", "Predicted accuracy": "Shire match", "Notes": "", "Archive Lat": "", "Archive Lon": "", "Prom Lat": "50.7132064", "Prom Lon": "-2.4371229", "Estate Lat": "50.7764648", "Estate Lon": "-2.277241", "Distance between estate and promulgation site": 13.299124796499999, "Distance between estate and archive": "" }, "geometry": { "type": "Point", "coordinates": [ -2.28, 50.78 ] } },
{ "type": "Feature", "properties": { "Location": "Osmington", "Estate Lat (WIP)": "", "Estate Lon (WIP)": "", "Year of issue": "934", "Diplomas": "S 391", "Diploma authenticity (as in Notion)": "disputed (probably spurious)", "Category of diploma authenticity (quadripartite simplification)": "likely spurious", "Beneficiary": "Milton abbey", "Beneficiary: commu or person": "community", "Beneficiary person: lay or ecclesiastic": "", "Diploma preserved at (archive)": "Milton", "Num diplomas": "1", "Shire": "Dorset", "Promulgation site": "Dorchester", "Lat (comp.)": "50.6461536", "Lon (comp.)": "-2.3901583", "Predicted accuracy": "Shire match", "Notes": "", "Archive Lat": "", "Archive Lon": "", "Prom Lat": "50.7132064", "Prom Lon": "-2.4371229", "Estate Lat": "50.6461536", "Estate Lon": "-2.3901583", "Distance between estate and promulgation site": 8.164367115, "Distance between estate and archive": "" }, "geometry": { "type": "Point", "coordinates": [ -2.39, 50.65 ] } },
{ "type": "Feature", "properties": { "Location": "Ower", "Estate Lat (WIP)": "", "Estate Lon (WIP)": "", "Year of issue": "934", "Diplomas": "S 391", "Diploma authenticity (as in Notion)": "disputed (probably spurious)", "Category of diploma authenticity (quadripartite simplification)": "likely spurious", "Beneficiary": "Milton abbey", "Beneficiary: commu or person": "community", "Beneficiary person: lay or ecclesiastic": "", "Diploma preserved at (archive)": "Milton", "Num diplomas": "1", "Shire": "Dorset", "Promulgation site": "Dorchester", "Lat (comp.)": "50.6693846", "Lon (comp.)": "-2.0031095", "Predicted accuracy": "Shire match", "Notes": "", "Archive Lat": "", "Archive Lon": "", "Prom Lat": "50.7132064", "Prom Lon": "-2.4371229", "Estate Lat": "50.6693846", "Estate Lon": "-2.0031095", "Distance between estate and promulgation site": 31.053427443499999, "Distance between estate and archive": "" }, "geometry": { "type": "Point", "coordinates": [ -2.0, 50.67 ] } },
{ "type": "Feature", "properties": { "Location": "Sydling", "Estate Lat (WIP)": "", "Estate Lon (WIP)": "", "Year of issue": "934", "Diplomas": "S 391", "Diploma authenticity (as in Notion)": "disputed (probably spurious)", "Category of diploma authenticity (quadripartite simplification)": "likely spurious", "Beneficiary": "Milton abbey", "Beneficiary: commu or person": "community", "Beneficiary person: lay or ecclesiastic": "", "Diploma preserved at (archive)": "Milton", "Num diplomas": "1", "Shire": "Dorset", "Promulgation site": "Dorchester", "Lat (comp.)": "50.7999259", "Lon (comp.)": "-2.5263061", "Predicted accuracy": "Shire match", "Notes": "", "Archive Lat": "", "Archive Lon": "", "Prom Lat": "50.7132064", "Prom Lon": "-2.4371229", "Estate Lat": "50.7999259", "Estate Lon": "-2.5263061", "Distance between estate and promulgation site": 11.5181677254, "Distance between estate and archive": "" }, "geometry": { "type": "Point", "coordinates": [ -2.53, 50.8 ] } },
{ "type": "Feature", "properties": { "Location": "Whitcombe", "Estate Lat (WIP)": "", "Estate Lon (WIP)": "", "Year of issue": "934", "Diplomas": "S 391", "Diploma authenticity (as in Notion)": "disputed (probably spurious)", "Category of diploma authenticity (quadripartite simplification)": "likely spurious", "Beneficiary": "Milton abbey", "Beneficiary: commu or person": "community", "Beneficiary person: lay or ecclesiastic": "", "Diploma preserved at (archive)": "Milton", "Num diplomas": "1", "Shire": "Dorset", "Promulgation site": "Dorchester", "Lat (comp.)": "50.6927897", "Lon (comp.)": "-2.4012155", "Predicted accuracy": "Shire match", "Notes": "", "Archive Lat": "", "Archive Lon": "", "Prom Lat": "50.7132064", "Prom Lon": "-2.4371229", "Estate Lat": "50.6927897", "Estate Lon": "-2.4012155", "Distance between estate and promulgation site": 3.4048632353000001, "Distance between estate and archive": "" }, "geometry": { "type": "Point", "coordinates": [ -2.4, 50.69 ] } },
{ "type": "Feature", "properties": { "Location": "Woolland", "Estate Lat (WIP)": "", "Estate Lon (WIP)": "", "Year of issue": "934", "Diplomas": "S 391", "Diploma authenticity (as in Notion)": "disputed (probably spurious)", "Category of diploma authenticity (quadripartite simplification)": "likely spurious", "Beneficiary": "Milton abbey", "Beneficiary: commu or person": "community", "Beneficiary person: lay or ecclesiastic": "", "Diploma preserved at (archive)": "Milton", "Num diplomas": "1", "Shire": "Dorset", "Promulgation site": "Dorchester", "Lat (comp.)": "50.8614553", "Lon (comp.)": "-2.3168527", "Predicted accuracy": "Shire match", "Notes": "", "Archive Lat": "", "Archive Lon": "", "Prom Lat": "50.7132064", "Prom Lon": "-2.4371229", "Estate Lat": "50.8614553", "Estate Lon": "-2.3168527", "Distance between estate and promulgation site": 18.544848865700001, "Distance between estate and archive": "" }, "geometry": { "type": "Point", "coordinates": [ -2.32, 50.86 ] } },
{ "type": "Feature", "properties": { "Location": "Werburginland (? Way (Wayborough) near Minster)", "Estate Lat (WIP)": "51.3389304216", "Estate Lon (WIP)": "1.3294571783", "Year of issue": "924", "Diplomas": "S 394", "Diploma authenticity (as in Notion)": "disputed (probably spurious)", "Category of diploma authenticity (quadripartite simplification)": "likely spurious", "Beneficiary": "Canterbury, St Augustine's", "Beneficiary: commu or person": "community", "Beneficiary person: lay or ecclesiastic": "", "Diploma preserved at (archive)": "Canterbury, St Augustine's", "Num diplomas": "1", "Shire": "Kent", "Promulgation site": "Kingston-on-Thames", "Lat (comp.)": "", "Lon (comp.)": "", "Predicted accuracy": "Not found", "Notes": "", "Archive Lat": "", "Archive Lon": "", "Prom Lat": "51.6743611", "Prom Lon": "-1.2821216", "Estate Lat": "51.3389304216", "Estate Lon": "1.3294571783", "Distance between estate and promulgation site": 185.11276724620001, "Distance between estate and archive": "" }, "geometry": { "type": "Point", "coordinates": [ 1.33, 51.34 ] } },
{ "type": "Feature", "properties": { "Location": "Odstock", "Estate Lat (WIP)": "", "Estate Lon (WIP)": "", "Year of issue": "928", "Diplomas": "S 400", "Diploma authenticity (as in Notion)": "authentic", "Category of diploma authenticity (quadripartite simplification)": "authentic", "Beneficiary": "Beorhtfrith 8", "Beneficiary: commu or person": "person", "Beneficiary person: lay or ecclesiastic": "lay", "Diploma preserved at (archive)": "Winchester, Old Minster", "Num diplomas": "1", "Shire": "Wiltshire", "Promulgation site": "Exeter", "Lat (comp.)": "51.0255727", "Lon (comp.)": "-1.7909125", "Predicted accuracy": "Shire match", "Notes": "", "Archive Lat": "", "Archive Lon": "", "Prom Lat": "50.7256138", "Prom Lon": "-3.5269209", "Estate Lat": "51.0255727", "Estate Lon": "-1.7909125", "Distance between estate and promulgation site": 126.6604340494, "Distance between estate and archive": "" }, "geometry": { "type": "Point", "coordinates": [ -1.79, 51.03 ] } },
{ "type": "Feature", "properties": { "Location": "Earnley", "Estate Lat (WIP)": "", "Estate Lon (WIP)": "", "Year of issue": "930", "Diplomas": "S 403", "Diploma authenticity (as in Notion)": "authentic basis", "Category of diploma authenticity (quadripartite simplification)": "likely authentic", "Beneficiary": "Beornheah 7", "Beneficiary: commu or person": "person", "Beneficiary person: lay or ecclesiastic": "ecclesiastic", "Diploma preserved at (archive)": "Selsey", "Num diplomas": "1", "Shire": "Sussex", "Promulgation site": "Lyminster", "Lat (comp.)": "50.7615064", "Lon (comp.)": "-0.8368306", "Predicted accuracy": "Shire match", "Notes": "", "Archive Lat": "", "Archive Lon": "", "Prom Lat": "50.8339978", "Prom Lon": "-0.5475421", "Estate Lat": "50.7615064", "Estate Lon": "-0.8368306", "Distance between estate and promulgation site": 21.931928169500001, "Distance between estate and archive": "" }, "geometry": { "type": "Point", "coordinates": [ -0.84, 50.76 ] } },
{ "type": "Feature", "properties": { "Location": "Medmerry", "Estate Lat (WIP)": "", "Estate Lon (WIP)": "", "Year of issue": "930", "Diplomas": "S 403", "Diploma authenticity (as in Notion)": "authentic basis", "Category of diploma authenticity (quadripartite simplification)": "likely authentic", "Beneficiary": "Beornheah 7", "Beneficiary: commu or person": "person", "Beneficiary person: lay or ecclesiastic": "ecclesiastic", "Diploma preserved at (archive)": "Selsey", "Num diplomas": "1", "Shire": "Sussex", "Promulgation site": "Lyminster", "Lat (comp.)": "50.7352691", "Lon (comp.)": "-0.8105161", "Predicted accuracy": "Shire match", "Notes": "", "Archive Lat": "", "Archive Lon": "", "Prom Lat": "50.8339978", "Prom Lon": "-0.5475421", "Estate Lat": "50.7352691", "Estate Lon": "-0.8105161", "Distance between estate and promulgation site": 21.553666436899999, "Distance between estate and archive": "" }, "geometry": { "type": "Point", "coordinates": [ -0.81, 50.74 ] } },
{ "type": "Feature", "properties": { "Location": "Sandford", "Estate Lat (WIP)": "50.810522", "Estate Lon (WIP)": "-3.662816", "Year of issue": "930", "Diplomas": "S 405", "Diploma authenticity (as in Notion)": "authentic basis", "Category of diploma authenticity (quadripartite simplification)": "likely authentic", "Beneficiary": "Crediton abbey", "Beneficiary: commu or person": "community", "Beneficiary person: lay or ecclesiastic": "", "Diploma preserved at (archive)": "Exeter, Crediton", "Num diplomas": "1", "Shire": "Devonshire", "Promulgation site": "Chippenham", "Lat (comp.)": "50.8230346", "Lon (comp.)": "-3.7070975", "Predicted accuracy": "No shire match", "Notes": "Diploma exists in two copies, therefore two archives", "Archive Lat": "", "Archive Lon": "", "Prom Lat": "51.4587621", "Prom Lon": "-2.1159032", "Estate Lat": "50.810522", "Estate Lon": "-3.662816", "Distance between estate and promulgation site": 130.0894369817, "Distance between estate and archive": "" }, "geometry": { "type": "Point", "coordinates": [ -3.66, 50.81 ] } },
{ "type": "Feature", "properties": { "Location": "Amounderness", "Estate Lat (WIP)": "", "Estate Lon (WIP)": "", "Year of issue": "934", "Diplomas": "S 407", "Diploma authenticity (as in Notion)": "authentic (later copy some contamination also possible)", "Category of diploma authenticity (quadripartite simplification)": "likely authentic", "Beneficiary": "York minster", "Beneficiary: commu or person": "community", "Beneficiary person: lay or ecclesiastic": "", "Diploma preserved at (archive)": "York minster", "Num diplomas": "1", "Shire": "Lancashire", "Promulgation site": "Nottingham", "Lat (comp.)": "53.8100187", "Lon (comp.)": "-2.7238423", "Predicted accuracy": "Shire match", "Notes": "", "Archive Lat": "", "Archive Lon": "", "Prom Lat": "52.9534193", "Prom Lon": "-1.1496461", "Estate Lat": "53.8100187", "Estate Lon": "-2.7238423", "Distance between estate and promulgation site": 141.63302926290001, "Distance between estate and archive": "" }, "geometry": { "type": "Point", "coordinates": [ -2.72, 53.81 ] } },
{ "type": "Feature", "properties": { "Location": "Ecchinswell", "Estate Lat (WIP)": "", "Estate Lon (WIP)": "", "Year of issue": "931", "Diplomas": "S 412", "Diploma authenticity (as in Notion)": "authentic", "Category of diploma authenticity (quadripartite simplification)": "authentic", "Beneficiary": "Ælfric 26", "Beneficiary: commu or person": "person", "Beneficiary person: lay or ecclesiastic": "ecclesiastic", "Diploma preserved at (archive)": "Winchester, Old Minster", "Num diplomas": "1", "Shire": "Hampshire", "Promulgation site": "Colchester", "Lat (comp.)": "51.3329458", "Lon (comp.)": "-1.2838865", "Predicted accuracy": "Shire match", "Notes": "", "Archive Lat": "", "Archive Lon": "", "Prom Lat": "51.8896903", "Prom Lon": "0.8994651", "Estate Lat": "51.3329458", "Estate Lon": "-1.2838865", "Distance between estate and promulgation site": 163.4283045979, "Distance between estate and archive": "" }, "geometry": { "type": "Point", "coordinates": [ -1.28, 51.33 ] } },
{ "type": "Feature", "properties": { "Location": "Watchfield", "Estate Lat (WIP)": "51.6121811699", "Estate Lon (WIP)": "-1.6405934372", "Year of issue": "931", "Diplomas": "S 413", "Diploma authenticity (as in Notion)": "authentic", "Category of diploma authenticity (quadripartite simplification)": "authentic", "Beneficiary": "Ælfric 27", "Beneficiary: commu or person": "person", "Beneficiary person: lay or ecclesiastic": "lay", "Diploma preserved at (archive)": "Abingdon", "Num diplomas": "1", "Shire": "Berkshire", "Promulgation site": "Worthy", "Lat (comp.)": "", "Lon (comp.)": "", "Predicted accuracy": "Not found", "Notes": "", "Archive Lat": "", "Archive Lon": "", "Prom Lat": "51.1033985", "Prom Lon": "-1.3008489", "Estate Lat": "51.6121811699", "Estate Lon": "-1.6405934372", "Distance between estate and promulgation site": 61.352406954199999, "Distance between estate and archive": "" }, "geometry": { "type": "Point", "coordinates": [ -1.64, 51.61 ] } },
{ "type": "Feature", "properties": { "Location": "Ham", "Estate Lat (WIP)": "", "Estate Lon (WIP)": "", "Year of issue": "931", "Diplomas": "S 416", "Diploma authenticity (as in Notion)": "authentic", "Category of diploma authenticity (quadripartite simplification)": "authentic", "Beneficiary": "Wulfgar 11", "Beneficiary: commu or person": "person", "Beneficiary person: lay or ecclesiastic": "ecclesiastic", "Diploma preserved at (archive)": "Winchester, Old Minster", "Num diplomas": "1", "Shire": "Wiltshire", "Promulgation site": "Lifton", "Lat (comp.)": "51.3567244", "Lon (comp.)": "-1.5189153", "Predicted accuracy": "Shire match", "Notes": "This had the donation site \"Lifton, Westminster\"", "Archive Lat": "", "Archive Lon": "", "Prom Lat": "50.6431937101", "Prom Lon": "-4.2836893505", "Estate Lat": "51.3567244", "Estate Lon": "-1.5189153", "Distance between estate and promulgation site": 209.66948519749999, "Distance between estate and archive": "" }, "geometry": { "type": "Point", "coordinates": [ -1.52, 51.36 ] } },
{ "type": "Feature", "properties": { "Location": "(West) Meon", "Estate Lat (WIP)": "", "Estate Lon (WIP)": "", "Year of issue": "932", "Diplomas": "S 417", "Diploma authenticity (as in Notion)": "authentic", "Category of diploma authenticity (quadripartite simplification)": "authentic", "Beneficiary": "Æthelgeard 2", "Beneficiary: commu or person": "person", "Beneficiary person: lay or ecclesiastic": "lay", "Diploma preserved at (archive)": "Winchester, Old Minster", "Num diplomas": "1", "Shire": "Hampshire", "Promulgation site": "Milton", "Lat (comp.)": "51.0111638", "Lon (comp.)": "-1.0839794", "Predicted accuracy": "Shire match", "Notes": "", "Archive Lat": "", "Archive Lon": "", "Prom Lat": "52.2422961", "Prom Lon": "0.1604726", "Estate Lat": "51.0111638", "Estate Lon": "-1.0839794", "Distance between estate and promulgation site": 161.82344873470001, "Distance between estate and archive": "" }, "geometry": { "type": "Point", "coordinates": [ -1.08, 51.01 ] } },
{ "type": "Feature", "properties": { "Location": "North Stoneham", "Estate Lat (WIP)": "50.955", "Estate Lon (WIP)": "-1.381666667", "Year of issue": "932", "Diplomas": "S 418", "Diploma authenticity (as in Notion)": "authentic", "Category of diploma authenticity (quadripartite simplification)": "authentic", "Beneficiary": "Alfred 34", "Beneficiary: commu or person": "person", "Beneficiary person: lay or ecclesiastic": "lay", "Diploma preserved at (archive)": "Winchester, New Minster", "Num diplomas": "1", "Shire": "Hampshire", "Promulgation site": "Amesbury", "Lat (comp.)": "50.9638699", "Lon (comp.)": "-1.3757176", "Predicted accuracy": "Shire match", "Notes": "", "Archive Lat": "", "Archive Lon": "", "Prom Lat": "51.1706875", "Prom Lon": "-1.7706128", "Estate Lat": "50.955", "Estate Lon": "-1.381666667", "Distance between estate and promulgation site": 36.320872303100003, "Distance between estate and archive": "" }, "geometry": { "type": "Point", "coordinates": [ -1.38, 50.95 ] } },
{ "type": "Feature", "properties": { "Location": "Bowers Gifford", "Estate Lat (WIP)": "51.56", "Estate Lon (WIP)": "0.52", "Year of issue": "932", "Diplomas": "S 418a", "Diploma authenticity (as in Notion)": "authentic", "Category of diploma authenticity (quadripartite simplification)": "authentic", "Beneficiary": "Beorhtsige 10", "Beneficiary: commu or person": "person", "Beneficiary person: lay or ecclesiastic": "ecclesiastic", "Diploma preserved at (archive)": "Barking", "Num diplomas": "1", "Shire": "Essex", "Promulgation site": "Exeter", "Lat (comp.)": "", "Lon (comp.)": "", "Predicted accuracy": "", "Notes": "ADDED, WAS MISSING. PLEASE ADD TO QGIS", "Archive Lat": "", "Archive Lon": "", "Prom Lat": "50.7256138", "Prom Lon": "-3.5269209", "Estate Lat": "51.56", "Estate Lon": "0.52", "Distance between estate and promulgation site": 297.98870869140001, "Distance between estate and archive": "" }, "geometry": { "type": "Point", "coordinates": [ 0.52, 51.56 ] } },
{ "type": "Feature", "properties": { "Location": "Fontmell", "Estate Lat (WIP)": "50.9515", "Estate Lon (WIP)": "-2.1918", "Year of issue": "932", "Diplomas": "S 419", "Diploma authenticity (as in Notion)": "authentic", "Category of diploma authenticity (quadripartite simplification)": "authentic", "Beneficiary": "Shaftesbury nunnery", "Beneficiary: commu or person": "community", "Beneficiary person: lay or ecclesiastic": "", "Diploma preserved at (archive)": "Shaftesbury", "Num diplomas": "1", "Shire": "Dorset", "Promulgation site": "Amesbury", "Lat (comp.)": "50.9516684", "Lon (comp.)": "-2.1913332", "Predicted accuracy": "Shire match", "Notes": "", "Archive Lat": "", "Archive Lon": "", "Prom Lat": "51.1706875", "Prom Lon": "-1.7706128", "Estate Lat": "50.9515", "Estate Lon": "-2.1918", "Distance between estate and promulgation site": 38.294506904499997, "Distance between estate and archive": "" }, "geometry": { "type": "Point", "coordinates": [ -2.19, 50.95 ] } },
{ "type": "Feature", "properties": { "Location": "Albury", "Estate Lat (WIP)": "", "Estate Lon (WIP)": "", "Year of issue": "933", "Diplomas": "S 420", "Diploma authenticity (as in Notion)": "spurious", "Category of diploma authenticity (quadripartite simplification)": "spurious", "Beneficiary": "Chertsey abbey", "Beneficiary: commu or person": "community", "Beneficiary person: lay or ecclesiastic": "", "Diploma preserved at (archive)": "Chertsey", "Num diplomas": "1", "Shire": "Surrey", "Promulgation site": "Kingston-on-Thames", "Lat (comp.)": "51.209119", "Lon (comp.)": "-0.4936554", "Predicted accuracy": "Shire match", "Notes": "", "Archive Lat": "", "Archive Lon": "", "Prom Lat": "51.6743611", "Prom Lon": "-1.2821216", "Estate Lat": "51.209119", "Estate Lon": "-0.4936554", "Distance between estate and promulgation site": 75.395505942900002, "Distance between estate and archive": "" }, "geometry": { "type": "Point", "coordinates": [ -0.49, 51.21 ] } },
{ "type": "Feature", "properties": { "Location": "Banstead", "Estate Lat (WIP)": "", "Estate Lon (WIP)": "", "Year of issue": "933", "Diplomas": "S 420", "Diploma authenticity (as in Notion)": "spurious", "Category of diploma authenticity (quadripartite simplification)": "spurious", "Beneficiary": "Chertsey abbey", "Beneficiary: commu or person": "community", "Beneficiary person: lay or ecclesiastic": "", "Diploma preserved at (archive)": "Chertsey", "Num diplomas": "1", "Shire": "Surrey", "Promulgation site": "Kingston-on-Thames", "Lat (comp.)": "51.3238969", "Lon (comp.)": "-0.1986813", "Predicted accuracy": "Shire match", "Notes": "", "Archive Lat": "", "Archive Lon": "", "Prom Lat": "51.6743611", "Prom Lon": "-1.2821216", "Estate Lat": "51.3238969", "Estate Lon": "-0.1986813", "Distance between estate and promulgation site": 84.738603993699996, "Distance between estate and archive": "" }, "geometry": { "type": "Point", "coordinates": [ -0.2, 51.32 ] } },
{ "type": "Feature", "properties": { "Location": "Beddington", "Estate Lat (WIP)": "51.3688191191", "Estate Lon (WIP)": "-0.1270396217", "Year of issue": "933", "Diplomas": "S 420", "Diploma authenticity (as in Notion)": "spurious", "Category of diploma authenticity (quadripartite simplification)": "spurious", "Beneficiary": "Chertsey abbey", "Beneficiary: commu or person": "community", "Beneficiary person: lay or ecclesiastic": "", "Diploma preserved at (archive)": "Chertsey", "Num diplomas": "1", "Shire": "Surrey", "Promulgation site": "Kingston-on-Thames", "Lat (comp.)": "", "Lon (comp.)": "", "Predicted accuracy": "Not found", "Notes": "", "Archive Lat": "", "Archive Lon": "", "Prom Lat": "51.6743611", "Prom Lon": "-1.2821216", "Estate Lat": "51.3688191191", "Estate Lon": "-0.1270396217", "Distance between estate and promulgation site": 87.079609462099995, "Distance between estate and archive": "" }, "geometry": { "type": "Point", "coordinates": [ -0.13, 51.37 ] } },
{ "type": "Feature", "properties": { "Location": "Bisley", "Estate Lat (WIP)": "", "Estate Lon (WIP)": "", "Year of issue": "933", "Diplomas": "S 420", "Diploma authenticity (as in Notion)": "spurious", "Category of diploma authenticity (quadripartite simplification)": "spurious", "Beneficiary": "Chertsey abbey", "Beneficiary: commu or person": "community", "Beneficiary person: lay or ecclesiastic": "", "Diploma preserved at (archive)": "Chertsey", "Num diplomas": "1", "Shire": "Surrey", "Promulgation site": "Kingston-on-Thames", "Lat (comp.)": "51.3234698", "Lon (comp.)": "-0.6383949", "Predicted accuracy": "Shire match", "Notes": "", "Archive Lat": "", "Archive Lon": "", "Prom Lat": "51.6743611", "Prom Lon": "-1.2821216", "Estate Lat": "51.3234698", "Estate Lon": "-0.6383949", "Distance between estate and promulgation site": 59.348753772599999, "Distance between estate and archive": "" }, "geometry": { "type": "Point", "coordinates": [ -0.64, 51.32 ] } },
{ "type": "Feature", "properties": { "Location": "Bookham", "Estate Lat (WIP)": "", "Estate Lon (WIP)": "", "Year of issue": "933, 947, 967, 1051", "Diplomas": "S 420", "Diploma authenticity (as in Notion)": "spurious", "Category of diploma authenticity (quadripartite simplification)": "spurious", "Beneficiary": "Chertsey abbey", "Beneficiary: commu or person": "community", "Beneficiary person: lay or ecclesiastic": "", "Diploma preserved at (archive)": "Chertsey", "Num diplomas": "1", "Shire": "Surrey", "Promulgation site": "Kingston-on-Thames", "Lat (comp.)": "51.2888353", "Lon (comp.)": "-0.3838753", "Predicted accuracy": "Shire match", "Notes": "", "Archive Lat": "", "Archive Lon": "", "Prom Lat": "51.6743611", "Prom Lon": "-1.2821216", "Estate Lat": "51.2888353", "Estate Lon": "-0.3838753", "Distance between estate and promulgation site": 75.719085447300003, "Distance between estate and archive": "" }, "geometry": { "type": "Point", "coordinates": [ -0.38, 51.29 ] } },
{ "type": "Feature", "properties": { "Location": "Byfleet", "Estate Lat (WIP)": "", "Estate Lon (WIP)": "", "Year of issue": "933", "Diplomas": "S 420", "Diploma authenticity (as in Notion)": "spurious", "Category of diploma authenticity (quadripartite simplification)": "spurious", "Beneficiary": "Chertsey abbey", "Beneficiary: commu or person": "community", "Beneficiary person: lay or ecclesiastic": "", "Diploma preserved at (archive)": "Chertsey", "Num diplomas": "1", "Shire": "Surrey", "Promulgation site": "Kingston-on-Thames", "Lat (comp.)": "51.3401727", "Lon (comp.)": "-0.472897", "Predicted accuracy": "Shire match", "Notes": "", "Archive Lat": "", "Archive Lon": "", "Prom Lat": "51.6743611", "Prom Lon": "-1.2821216", "Estate Lat": "51.3401727", "Estate Lon": "-0.472897", "Distance between estate and promulgation site": 67.372088848100006, "Distance between estate and archive": "" }, "geometry": { "type": "Point", "coordinates": [ -0.47, 51.34 ] } },
{ "type": "Feature", "properties": { "Location": "Carshalton (Æuueltone)", "Estate Lat (WIP)": "51.3647271224", "Estate Lon (WIP)": "-0.1638171025", "Year of issue": "933", "Diplomas": "S 420", "Diploma authenticity (as in Notion)": "spurious", "Category of diploma authenticity (quadripartite simplification)": "spurious", "Beneficiary": "Chertsey abbey", "Beneficiary: commu or person": "community", "Beneficiary person: lay or ecclesiastic": "", "Diploma preserved at (archive)": "Chertsey", "Num diplomas": "1", "Shire": "Surrey", "Promulgation site": "Kingston-on-Thames", "Lat (comp.)": "", "Lon (comp.)": "", "Predicted accuracy": "Not found", "Notes": "", "Archive Lat": "", "Archive Lon": "", "Prom Lat": "51.6743611", "Prom Lon": "-1.2821216", "Estate Lat": "51.3647271224", "Estate Lon": "-0.1638171025", "Distance between estate and promulgation site": 84.922285666899995, "Distance between estate and archive": "" }, "geometry": { "type": "Point", "coordinates": [ -0.16, 51.36 ] } },
{ "type": "Feature", "properties": { "Location": "Cealuadune (Chaldon)", "Estate Lat (WIP)": "51.2804383334", "Estate Lon (WIP)": "-0.1178273928", "Year of issue": "927", "Diplomas": "S 420", "Diploma authenticity (as in Notion)": "spurious", "Category of diploma authenticity (quadripartite simplification)": "spurious", "Beneficiary": "Chertsey abbey", "Beneficiary: commu or person": "community", "Beneficiary person: lay or ecclesiastic": "", "Diploma preserved at (archive)": "Chertsey", "Num diplomas": "1", "Shire": "Surrey", "Promulgation site": "Kingston-on-Thames", "Lat (comp.)": "", "Lon (comp.)": "", "Predicted accuracy": "Not found", "Notes": "", "Archive Lat": "", "Archive Lon": "", "Prom Lat": "51.6743611", "Prom Lon": "-1.2821216", "Estate Lat": "51.2804383334", "Estate Lon": "-0.1178273928", "Distance between estate and promulgation site": 91.997624367399993, "Distance between estate and archive": "" }, "geometry": { "type": "Point", "coordinates": [ -0.12, 51.28 ] } },
{ "type": "Feature", "properties": { "Location": "Cheam", "Estate Lat (WIP)": "", "Estate Lon (WIP)": "", "Year of issue": "928", "Diplomas": "S 420", "Diploma authenticity (as in Notion)": "spurious", "Category of diploma authenticity (quadripartite simplification)": "spurious", "Beneficiary": "Chertsey abbey", "Beneficiary: commu or person": "community", "Beneficiary person: lay or ecclesiastic": "", "Diploma preserved at (archive)": "Chertsey", "Num diplomas": "1", "Shire": "Surrey", "Promulgation site": "Kingston-on-Thames", "Lat (comp.)": "51.3518694", "Lon (comp.)": "-0.2229866", "Predicted accuracy": "Shire match", "Notes": "", "Archive Lat": "", "Archive Lon": "", "Prom Lat": "51.6743611", "Prom Lon": "-1.2821216", "Estate Lat": "51.3518694", "Estate Lon": "-0.2229866", "Distance between estate and promulgation site": 81.812120401800001, "Distance between estate and archive": "" }, "geometry": { "type": "Point", "coordinates": [ -0.22, 51.35 ] } },
{ "type": "Feature", "properties": { "Location": "Chertsey", "Estate Lat (WIP)": "", "Estate Lon (WIP)": "", "Year of issue": "929", "Diplomas": "S 420", "Diploma authenticity (as in Notion)": "spurious", "Category of diploma authenticity (quadripartite simplification)": "spurious", "Beneficiary": "Chertsey abbey", "Beneficiary: commu or person": "community", "Beneficiary person: lay or ecclesiastic": "", "Diploma preserved at (archive)": "Chertsey", "Num diplomas": "1", "Shire": "Surrey", "Promulgation site": "Kingston-on-Thames", "Lat (comp.)": "51.392296", "Lon (comp.)": "-0.5038294", "Predicted accuracy": "Shire match", "Notes": "", "Archive Lat": "", "Archive Lon": "", "Prom Lat": "51.6743611", "Prom Lon": "-1.2821216", "Estate Lat": "51.392296", "Estate Lon": "-0.5038294", "Distance between estate and promulgation site": 62.461026168799997, "Distance between estate and archive": "" }, "geometry": { "type": "Point", "coordinates": [ -0.5, 51.39 ] } },
{ "type": "Feature", "properties": { "Location": "Chipstead", "Estate Lat (WIP)": "", "Estate Lon (WIP)": "", "Year of issue": "930", "Diplomas": "S 420", "Diploma authenticity (as in Notion)": "spurious", "Category of diploma authenticity (quadripartite simplification)": "spurious", "Beneficiary": "Chertsey abbey", "Beneficiary: commu or person": "community", "Beneficiary person: lay or ecclesiastic": "", "Diploma preserved at (archive)": "Chertsey", "Num diplomas": "1", "Shire": "Surrey", "Promulgation site": "Kingston-on-Thames", "Lat (comp.)": "51.3093522", "Lon (comp.)": "-0.1693688", "Predicted accuracy": "Shire match", "Notes": "", "Archive Lat": "", "Archive Lon": "", "Prom Lat": "51.6743611", "Prom Lon": "-1.2821216", "Estate Lat": "51.3093522", "Estate Lon": "-0.1693688", "Distance between estate and promulgation site": 87.302609034499994, "Distance between estate and archive": "" }, "geometry": { "type": "Point", "coordinates": [ -0.17, 51.31 ] } },
{ "type": "Feature", "properties": { "Location": "Chobham", "Estate Lat (WIP)": "", "Estate Lon (WIP)": "", "Year of issue": "931", "Diplomas": "S 420", "Diploma authenticity (as in Notion)": "spurious", "Category of diploma authenticity (quadripartite simplification)": "spurious", "Beneficiary": "Chertsey abbey", "Beneficiary: commu or person": "community", "Beneficiary person: lay or ecclesiastic": "", "Diploma preserved at (archive)": "Chertsey", "Num diplomas": "1", "Shire": "Surrey", "Promulgation site": "Kingston-on-Thames", "Lat (comp.)": "51.3477705", "Lon (comp.)": "-0.6010128", "Predicted accuracy": "Shire match", "Notes": "", "Archive Lat": "", "Archive Lon": "", "Prom Lat": "51.6743611", "Prom Lon": "-1.2821216", "Estate Lat": "51.3477705", "Estate Lon": "-0.6010128", "Distance between estate and promulgation site": 59.633225777100002, "Distance between estate and archive": "" }, "geometry": { "type": "Point", "coordinates": [ -0.6, 51.35 ] } },
{ "type": "Feature", "properties": { "Location": "Cobham", "Estate Lat (WIP)": "", "Estate Lon (WIP)": "", "Year of issue": "932", "Diplomas": "S 420", "Diploma authenticity (as in Notion)": "spurious", "Category of diploma authenticity (quadripartite simplification)": "spurious", "Beneficiary": "Chertsey abbey", "Beneficiary: commu or person": "community", "Beneficiary person: lay or ecclesiastic": "", "Diploma preserved at (archive)": "Chertsey", "Num diplomas": "1", "Shire": "Surrey", "Promulgation site": "Kingston-on-Thames", "Lat (comp.)": "51.3300079", "Lon (comp.)": "-0.4120821", "Predicted accuracy": "Shire match", "Notes": "", "Archive Lat": "", "Archive Lon": "", "Prom Lat": "51.6743611", "Prom Lon": "-1.2821216", "Estate Lat": "51.3300079", "Estate Lon": "-0.4120821", "Distance between estate and promulgation site": 71.536331528600002, "Distance between estate and archive": "" }, "geometry": { "type": "Point", "coordinates": [ -0.41, 51.33 ] } },
{ "type": "Feature", "properties": { "Location": "Coulsdon", "Estate Lat (WIP)": "", "Estate Lon (WIP)": "", "Year of issue": "933", "Diplomas": "S 420", "Diploma authenticity (as in Notion)": "spurious", "Category of diploma authenticity (quadripartite simplification)": "spurious", "Beneficiary": "Chertsey abbey", "Beneficiary: commu or person": "community", "Beneficiary person: lay or ecclesiastic": "", "Diploma preserved at (archive)": "Chertsey", "Num diplomas": "1", "Shire": "Surrey", "Promulgation site": "Kingston-on-Thames", "Lat (comp.)": "51.29723", "Lon (comp.)": "-0.1061029", "Predicted accuracy": "Shire match", "Notes": "", "Archive Lat": "", "Archive Lon": "", "Prom Lat": "51.6743611", "Prom Lon": "-1.2821216", "Estate Lat": "51.29723", "Estate Lon": "-0.1061029", "Distance between estate and promulgation site": 91.832989818800002, "Distance between estate and archive": "" }, "geometry": { "type": "Point", "coordinates": [ -0.11, 51.3 ] } },
{ "type": "Feature", "properties": { "Location": "Cuddington", "Estate Lat (WIP)": "", "Estate Lon (WIP)": "", "Year of issue": "933", "Diplomas": "S 420", "Diploma authenticity (as in Notion)": "spurious", "Category of diploma authenticity (quadripartite simplification)": "spurious", "Beneficiary": "Chertsey abbey", "Beneficiary: commu or person": "community", "Beneficiary person: lay or ecclesiastic": "", "Diploma preserved at (archive)": "Chertsey", "Num diplomas": "1", "Shire": "Surrey", "Promulgation site": "Kingston-on-Thames", "Lat (comp.)": "51.3764891", "Lon (comp.)": "-0.2554486", "Predicted accuracy": "Shire match", "Notes": "", "Archive Lat": "", "Archive Lon": "", "Prom Lat": "51.6743611", "Prom Lon": "-1.2821216", "Estate Lat": "51.3764891", "Estate Lon": "-0.2554486", "Distance between estate and promulgation site": 78.582143947600002, "Distance between estate and archive": "" }, "geometry": { "type": "Point", "coordinates": [ -0.26, 51.38 ] } },
{ "type": "Feature", "properties": { "Location": "East Clandon", "Estate Lat (WIP)": "", "Estate Lon (WIP)": "", "Year of issue": "933", "Diplomas": "S 420", "Diploma authenticity (as in Notion)": "spurious", "Category of diploma authenticity (quadripartite simplification)": "spurious", "Beneficiary": "Chertsey abbey", "Beneficiary: commu or person": "community", "Beneficiary person: lay or ecclesiastic": "", "Diploma preserved at (archive)": "Chertsey", "Num diplomas": "1", "Shire": "Surrey", "Promulgation site": "Kingston-on-Thames", "Lat (comp.)": "51.2568306", "Lon (comp.)": "-0.4826123", "Predicted accuracy": "Shire match", "Notes": "", "Archive Lat": "", "Archive Lon": "", "Prom Lat": "51.6743611", "Prom Lon": "-1.2821216", "Estate Lat": "51.2568306", "Estate Lon": "-0.4826123", "Distance between estate and promulgation site": 72.420471790600004, "Distance between estate and archive": "" }, "geometry": { "type": "Point", "coordinates": [ -0.48, 51.26 ] } },
{ "type": "Feature", "properties": { "Location": "Effingham", "Estate Lat (WIP)": "", "Estate Lon (WIP)": "", "Year of issue": "933", "Diplomas": "S 420", "Diploma authenticity (as in Notion)": "spurious", "Category of diploma authenticity (quadripartite simplification)": "spurious", "Beneficiary": "Chertsey abbey", "Beneficiary: commu or person": "community", "Beneficiary person: lay or ecclesiastic": "", "Diploma preserved at (archive)": "Chertsey", "Num diplomas": "1", "Shire": "Surrey", "Promulgation site": "Kingston-on-Thames", "Lat (comp.)": "51.271863", "Lon (comp.)": "-0.3977913", "Predicted accuracy": "Shire match", "Notes": "", "Archive Lat": "", "Archive Lon": "", "Prom Lat": "51.6743611", "Prom Lon": "-1.2821216", "Estate Lat": "51.271863", "Estate Lon": "-0.3977913", "Distance between estate and promulgation site": 76.030353142699994, "Distance between estate and archive": "" }, "geometry": { "type": "Point", "coordinates": [ -0.4, 51.27 ] } },
{ "type": "Feature", "properties": { "Location": "Egham", "Estate Lat (WIP)": "", "Estate Lon (WIP)": "", "Year of issue": "933", "Diplomas": "S 420", "Diploma authenticity (as in Notion)": "spurious", "Category of diploma authenticity (quadripartite simplification)": "spurious", "Beneficiary": "Chertsey abbey", "Beneficiary: commu or person": "community", "Beneficiary person: lay or ecclesiastic": "", "Diploma preserved at (archive)": "Chertsey", "Num diplomas": "1", "Shire": "Surrey", "Promulgation site": "Kingston-on-Thames", "Lat (comp.)": "51.4312585", "Lon (comp.)": "-0.5473085", "Predicted accuracy": "Shire match", "Notes": "", "Archive Lat": "", "Archive Lon": "", "Prom Lat": "51.6743611", "Prom Lon": "-1.2821216", "Estate Lat": "51.4312585", "Estate Lon": "-0.5473085", "Distance between estate and promulgation site": 57.6985990262, "Distance between estate and archive": "" }, "geometry": { "type": "Point", "coordinates": [ -0.55, 51.43 ] } },
{ "type": "Feature", "properties": { "Location": "Epsom", "Estate Lat (WIP)": "", "Estate Lon (WIP)": "", "Year of issue": "933", "Diplomas": "S 420", "Diploma authenticity (as in Notion)": "spurious", "Category of diploma authenticity (quadripartite simplification)": "spurious", "Beneficiary": "Chertsey abbey", "Beneficiary: commu or person": "community", "Beneficiary person: lay or ecclesiastic": "", "Diploma preserved at (archive)": "Chertsey", "Num diplomas": "1", "Shire": "Surrey", "Promulgation site": "Kingston-on-Thames", "Lat (comp.)": "51.3326098", "Lon (comp.)": "-0.2678212", "Predicted accuracy": "Shire match", "Notes": "", "Archive Lat": "", "Archive Lon": "", "Prom Lat": "51.6743611", "Prom Lon": "-1.2821216", "Estate Lat": "51.3326098", "Estate Lon": "-0.2678212", "Distance between estate and promulgation site": 80.035468854499996, "Distance between estate and archive": "" }, "geometry": { "type": "Point", "coordinates": [ -0.27, 51.33 ] } },
{ "type": "Feature", "properties": { "Location": "Frimley", "Estate Lat (WIP)": "", "Estate Lon (WIP)": "", "Year of issue": "933", "Diplomas": "S 420", "Diploma authenticity (as in Notion)": "spurious", "Category of diploma authenticity (quadripartite simplification)": "spurious", "Beneficiary": "Chertsey abbey", "Beneficiary: commu or person": "community", "Beneficiary person: lay or ecclesiastic": "", "Diploma preserved at (archive)": "Chertsey", "Num diplomas": "1", "Shire": "Surrey", "Promulgation site": "Kingston-on-Thames", "Lat (comp.)": "51.3140156", "Lon (comp.)": "-0.7440667", "Predicted accuracy": "Shire match", "Notes": "", "Archive Lat": "", "Archive Lon": "", "Prom Lat": "51.6743611", "Prom Lon": "-1.2821216", "Estate Lat": "51.3140156", "Estate Lon": "-0.7440667", "Distance between estate and promulgation site": 54.805180656700003, "Distance between estate and archive": "" }, "geometry": { "type": "Point", "coordinates": [ -0.74, 51.31 ] } },
{ "type": "Feature", "properties": { "Location": "Getinges (cf. Eaton Farm, Chobham)", "Estate Lat (WIP)": "51.3573767167", "Estate Lon (WIP)": "-0.6069373666", "Year of issue": "933", "Diplomas": "S 420", "Diploma authenticity (as in Notion)": "spurious", "Category of diploma authenticity (quadripartite simplification)": "spurious", "Beneficiary": "Chertsey abbey", "Beneficiary: commu or person": "community", "Beneficiary person: lay or ecclesiastic": "", "Diploma preserved at (archive)": "Chertsey", "Num diplomas": "1", "Shire": "Surrey", "Promulgation site": "Kingston-on-Thames", "Lat (comp.)": "", "Lon (comp.)": "", "Predicted accuracy": "Not found", "Notes": "Very unsure, just centred on Chobham", "Archive Lat": "", "Archive Lon": "", "Prom Lat": "51.6743611", "Prom Lon": "-1.2821216", "Estate Lat": "51.3573767167", "Estate Lon": "-0.6069373666", "Distance between estate and promulgation site": 58.655006043900002, "Distance between estate and archive": "" }, "geometry": { "type": "Point", "coordinates": [ -0.61, 51.36 ] } },
{ "type": "Feature", "properties": { "Location": "Hunewaldesham (lost) in Weybridge", "Estate Lat (WIP)": "51.3663530677", "Estate Lon (WIP)": "-0.4453686793", "Year of issue": "933", "Diplomas": "S 420", "Diploma authenticity (as in Notion)": "spurious", "Category of diploma authenticity (quadripartite simplification)": "spurious", "Beneficiary": "Chertsey abbey", "Beneficiary: commu or person": "community", "Beneficiary person: lay or ecclesiastic": "", "Diploma preserved at (archive)": "Chertsey", "Num diplomas": "1", "Shire": "Surrey", "Promulgation site": "Kingston-on-Thames", "Lat (comp.)": "", "Lon (comp.)": "", "Predicted accuracy": "Not found", "Notes": "Centred on Weybridge", "Archive Lat": "", "Archive Lon": "", "Prom Lat": "51.6743611", "Prom Lon": "-1.2821216", "Estate Lat": "51.3663530677", "Estate Lon": "-0.4453686793", "Distance between estate and promulgation site": 67.434211425399994, "Distance between estate and archive": "" }, "geometry": { "type": "Point", "coordinates": [ -0.45, 51.37 ] } },
{ "type": "Feature", "properties": { "Location": "Merstham", "Estate Lat (WIP)": "", "Estate Lon (WIP)": "", "Year of issue": "933", "Diplomas": "S 420", "Diploma authenticity (as in Notion)": "spurious", "Category of diploma authenticity (quadripartite simplification)": "spurious", "Beneficiary": "Chertsey abbey", "Beneficiary: commu or person": "community", "Beneficiary person: lay or ecclesiastic": "", "Diploma preserved at (archive)": "Chertsey", "Num diplomas": "1", "Shire": "Surrey", "Promulgation site": "Kingston-on-Thames", "Lat (comp.)": "51.2641687", "Lon (comp.)": "-0.150065", "Predicted accuracy": "Shire match", "Notes": "", "Archive Lat": "", "Archive Lon": "", "Prom Lat": "51.6743611", "Prom Lon": "-1.2821216", "Estate Lat": "51.2641687", "Estate Lon": "-0.150065", "Distance between estate and promulgation site": 90.941681558599996, "Distance between estate and archive": "" }, "geometry": { "type": "Point", "coordinates": [ -0.15, 51.26 ] } },
{ "type": "Feature", "properties": { "Location": "Mitcham", "Estate Lat (WIP)": "", "Estate Lon (WIP)": "", "Year of issue": "933", "Diplomas": "S 420", "Diploma authenticity (as in Notion)": "spurious", "Category of diploma authenticity (quadripartite simplification)": "spurious", "Beneficiary": "Chertsey abbey", "Beneficiary: commu or person": "community", "Beneficiary person: lay or ecclesiastic": "", "Diploma preserved at (archive)": "Chertsey", "Num diplomas": "1", "Shire": "Surrey", "Promulgation site": "Kingston-on-Thames", "Lat (comp.)": "51.353138", "Lon (comp.)": "-0.7204885", "Predicted accuracy": "Shire match", "Notes": "", "Archive Lat": "", "Archive Lon": "", "Prom Lat": "51.6743611", "Prom Lon": "-1.2821216", "Estate Lat": "51.353138", "Estate Lon": "-0.7204885", "Distance between estate and promulgation site": 52.889640741800001, "Distance between estate and archive": "" }, "geometry": { "type": "Point", "coordinates": [ -0.72, 51.35 ] } },
{ "type": "Feature", "properties": { "Location": "Molesey", "Estate Lat (WIP)": "", "Estate Lon (WIP)": "", "Year of issue": "933", "Diplomas": "S 420", "Diploma authenticity (as in Notion)": "spurious", "Category of diploma authenticity (quadripartite simplification)": "spurious", "Beneficiary": "Chertsey abbey", "Beneficiary: commu or person": "community", "Beneficiary person: lay or ecclesiastic": "", "Diploma preserved at (archive)": "Chertsey", "Num diplomas": "1", "Shire": "Surrey", "Promulgation site": "Kingston-on-Thames", "Lat (comp.)": "51.4029006", "Lon (comp.)": "-0.3713094", "Predicted accuracy": "Shire match", "Notes": "", "Archive Lat": "", "Archive Lon": "", "Prom Lat": "51.6743611", "Prom Lon": "-1.2821216", "Estate Lat": "51.4029006", "Estate Lon": "-0.3713094", "Distance between estate and promulgation site": 70.039554085999995, "Distance between estate and archive": "" }, "geometry": { "type": "Point", "coordinates": [ -0.37, 51.4 ] } },
{ "type": "Feature", "properties": { "Location": "Petersham", "Estate Lat (WIP)": "", "Estate Lon (WIP)": "", "Year of issue": "933", "Diplomas": "S 420", "Diploma authenticity (as in Notion)": "spurious", "Category of diploma authenticity (quadripartite simplification)": "spurious", "Beneficiary": "Chertsey abbey", "Beneficiary: commu or person": "community", "Beneficiary person: lay or ecclesiastic": "", "Diploma preserved at (archive)": "Chertsey", "Num diplomas": "1", "Shire": "Surrey", "Promulgation site": "Kingston-on-Thames", "Lat (comp.)": "51.3414264", "Lon (comp.)": "-0.4776999", "Predicted accuracy": "Shire match", "Notes": "", "Archive Lat": "", "Archive Lon": "", "Prom Lat": "51.6743611", "Prom Lon": "-1.2821216", "Estate Lat": "51.3414264", "Estate Lon": "-0.4776999", "Distance between estate and promulgation site": 67.016434689700006, "Distance between estate and archive": "" }, "geometry": { "type": "Point", "coordinates": [ -0.48, 51.34 ] } },
{ "type": "Feature", "properties": { "Location": "Pointers in Cobham", "Estate Lat (WIP)": "51.3201295996", "Estate Lon (WIP)": "-0.4386804274", "Year of issue": "933", "Diplomas": "S 420", "Diploma authenticity (as in Notion)": "spurious", "Category of diploma authenticity (quadripartite simplification)": "spurious", "Beneficiary": "Chertsey abbey", "Beneficiary: commu or person": "community", "Beneficiary person: lay or ecclesiastic": "", "Diploma preserved at (archive)": "Chertsey", "Num diplomas": "1", "Shire": "Surrey", "Promulgation site": "Kingston-on-Thames", "Lat (comp.)": "", "Lon (comp.)": "", "Predicted accuracy": "Not found", "Notes": "Placed on the end of Pointers Road", "Archive Lat": "", "Archive Lon": "", "Prom Lat": "51.6743611", "Prom Lon": "-1.2821216", "Estate Lat": "51.3201295996", "Estate Lon": "-0.4386804274", "Distance between estate and promulgation site": 70.596510124600002, "Distance between estate and archive": "" }, "geometry": { "type": "Point", "coordinates": [ -0.44, 51.32 ] } },
{ "type": "Feature", "properties": { "Location": "Streatham", "Estate Lat (WIP)": "51.4296059316", "Estate Lon (WIP)": "-0.1293768524", "Year of issue": "933", "Diplomas": "S 420", "Diploma authenticity (as in Notion)": "spurious", "Category of diploma authenticity (quadripartite simplification)": "spurious", "Beneficiary": "Chertsey abbey", "Beneficiary: commu or person": "community", "Beneficiary person: lay or ecclesiastic": "", "Diploma preserved at (archive)": "Chertsey", "Num diplomas": "1", "Shire": "Surrey", "Promulgation site": "Kingston-on-Thames", "Lat (comp.)": "", "Lon (comp.)": "", "Predicted accuracy": "Not found", "Notes": "", "Archive Lat": "", "Archive Lon": "", "Prom Lat": "51.6743611", "Prom Lon": "-1.2821216", "Estate Lat": "51.4296059316", "Estate Lon": "-0.1293768524", "Distance between estate and promulgation site": 84.4649344356, "Distance between estate and archive": "" }, "geometry": { "type": "Point", "coordinates": [ -0.13, 51.43 ] } },
{ "type": "Feature", "properties": { "Location": "Suthmeresfelda (Canon’s Farm, Banstead)", "Estate Lat (WIP)": "51.3047869908", "Estate Lon (WIP)": "-0.2110603165", "Year of issue": "933", "Diplomas": "S 420", "Diploma authenticity (as in Notion)": "spurious", "Category of diploma authenticity (quadripartite simplification)": "spurious", "Beneficiary": "Chertsey abbey", "Beneficiary: commu or person": "community", "Beneficiary person: lay or ecclesiastic": "", "Diploma preserved at (archive)": "Chertsey", "Num diplomas": "1", "Shire": "Surrey", "Promulgation site": "Kingston-on-Thames", "Lat (comp.)": "", "Lon (comp.)": "", "Predicted accuracy": "Not found", "Notes": "", "Archive Lat": "", "Archive Lon": "", "Prom Lat": "51.6743611", "Prom Lon": "-1.2821216", "Estate Lat": "51.3047869908", "Estate Lon": "-0.2110603165", "Distance between estate and promulgation site": 84.997931719899995, "Distance between estate and archive": "" }, "geometry": { "type": "Point", "coordinates": [ -0.21, 51.3 ] } },
{ "type": "Feature", "properties": { "Location": "Sutton", "Estate Lat (WIP)": "", "Estate Lon (WIP)": "", "Year of issue": "933", "Diplomas": "S 420", "Diploma authenticity (as in Notion)": "spurious", "Category of diploma authenticity (quadripartite simplification)": "spurious", "Beneficiary": "Chertsey abbey", "Beneficiary: commu or person": "community", "Beneficiary person: lay or ecclesiastic": "", "Diploma preserved at (archive)": "Chertsey", "Num diplomas": "1", "Shire": "Surrey", "Promulgation site": "Kingston-on-Thames", "Lat (comp.)": "51.1967997", "Lon (comp.)": "-0.6229249", "Predicted accuracy": "Shire match", "Notes": "", "Archive Lat": "", "Archive Lon": "", "Prom Lat": "51.6743611", "Prom Lon": "-1.2821216", "Estate Lat": "51.1967997", "Estate Lon": "-0.6229249", "Distance between estate and promulgation site": 70.1724092197, "Distance between estate and archive": "" }, "geometry": { "type": "Point", "coordinates": [ -0.62, 51.2 ] } },
{ "type": "Feature", "properties": { "Location": "Tadworth", "Estate Lat (WIP)": "", "Estate Lon (WIP)": "", "Year of issue": "933", "Diplomas": "S 420", "Diploma authenticity (as in Notion)": "spurious", "Category of diploma authenticity (quadripartite simplification)": "spurious", "Beneficiary": "Chertsey abbey", "Beneficiary: commu or person": "community", "Beneficiary person: lay or ecclesiastic": "", "Diploma preserved at (archive)": "Chertsey", "Num diplomas": "1", "Shire": "Surrey", "Promulgation site": "Kingston-on-Thames", "Lat (comp.)": "51.2912247", "Lon (comp.)": "-0.2326709", "Predicted accuracy": "Shire match", "Notes": "", "Archive Lat": "", "Archive Lon": "", "Prom Lat": "51.6743611", "Prom Lon": "-1.2821216", "Estate Lat": "51.2912247", "Estate Lon": "-0.2326709", "Distance between estate and promulgation site": 84.448311285499997, "Distance between estate and archive": "" }, "geometry": { "type": "Point", "coordinates": [ -0.23, 51.29 ] } },
{ "type": "Feature", "properties": { "Location": "Thorpe", "Estate Lat (WIP)": "", "Estate Lon (WIP)": "", "Year of issue": "933", "Diplomas": "S 420", "Diploma authenticity (as in Notion)": "spurious", "Category of diploma authenticity (quadripartite simplification)": "spurious", "Beneficiary": "Chertsey abbey", "Beneficiary: commu or person": "community", "Beneficiary person: lay or ecclesiastic": "", "Diploma preserved at (archive)": "Chertsey", "Num diplomas": "1", "Shire": "Surrey", "Promulgation site": "Kingston-on-Thames", "Lat (comp.)": "51.408913", "Lon (comp.)": "-0.5329621", "Predicted accuracy": "Shire match", "Notes": "", "Archive Lat": "", "Archive Lon": "", "Prom Lat": "51.6743611", "Prom Lon": "-1.2821216", "Estate Lat": "51.408913", "Estate Lon": "-0.5329621", "Distance between estate and promulgation site": 59.7790045777, "Distance between estate and archive": "" }, "geometry": { "type": "Point", "coordinates": [ -0.53, 51.41 ] } },
{ "type": "Feature", "properties": { "Location": "Thunderfield", "Estate Lat (WIP)": "", "Estate Lon (WIP)": "", "Year of issue": "933", "Diplomas": "S 420", "Diploma authenticity (as in Notion)": "spurious", "Category of diploma authenticity (quadripartite simplification)": "spurious", "Beneficiary": "Chertsey abbey", "Beneficiary: commu or person": "community", "Beneficiary person: lay or ecclesiastic": "", "Diploma preserved at (archive)": "Chertsey", "Num diplomas": "1", "Shire": "Surrey", "Promulgation site": "Kingston-on-Thames", "Lat (comp.)": "51.1674651", "Lon (comp.)": "-0.1419385", "Predicted accuracy": "Shire match", "Notes": "", "Archive Lat": "", "Archive Lon": "", "Prom Lat": "51.6743611", "Prom Lon": "-1.2821216", "Estate Lat": "51.1674651", "Estate Lon": "-0.1419385", "Distance between estate and promulgation site": 97.316233146800002, "Distance between estate and archive": "" }, "geometry": { "type": "Point", "coordinates": [ -0.14, 51.17 ] } },
{ "type": "Feature", "properties": { "Location": "Tooting", "Estate Lat (WIP)": "51.42902732", "Estate Lon (WIP)": "-0.1650462589", "Year of issue": "933", "Diplomas": "S 420", "Diploma authenticity (as in Notion)": "spurious", "Category of diploma authenticity (quadripartite simplification)": "spurious", "Beneficiary": "Chertsey abbey", "Beneficiary: commu or person": "community", "Beneficiary person: lay or ecclesiastic": "", "Diploma preserved at (archive)": "Chertsey", "Num diplomas": "1", "Shire": "Surrey", "Promulgation site": "Kingston-on-Thames", "Lat (comp.)": "", "Lon (comp.)": "", "Predicted accuracy": "Not found", "Notes": "", "Archive Lat": "", "Archive Lon": "", "Prom Lat": "51.6743611", "Prom Lon": "-1.2821216", "Estate Lat": "51.42902732", "Estate Lon": "-0.1650462589", "Distance between estate and promulgation site": 82.148738683800005, "Distance between estate and archive": "" }, "geometry": { "type": "Point", "coordinates": [ -0.17, 51.43 ] } },
{ "type": "Feature", "properties": { "Location": "Waddington", "Estate Lat (WIP)": "", "Estate Lon (WIP)": "", "Year of issue": "933", "Diplomas": "S 420", "Diploma authenticity (as in Notion)": "spurious", "Category of diploma authenticity (quadripartite simplification)": "spurious", "Beneficiary": "Chertsey abbey", "Beneficiary: commu or person": "community", "Beneficiary person: lay or ecclesiastic": "", "Diploma preserved at (archive)": "Chertsey", "Num diplomas": "1", "Shire": "Surrey", "Promulgation site": "Kingston-on-Thames", "Lat (comp.)": "", "Lon (comp.)": "", "Predicted accuracy": "Not found", "Notes": "Based on Open Domesday https://opendomesday.org/place/TQ3158/waddington/", "Archive Lat": "", "Archive Lon": "", "Prom Lat": "51.6743611", "Prom Lon": "-1.2821216", "Estate Lat": "51.3594005988", "Estate Lon": "-0.1388477761", "Distance between estate and promulgation site": 86.751122570800007, "Distance between estate and archive": "" }, "geometry": { "type": "Point", "coordinates": [ -0.14, 51.36 ] } },
{ "type": "Feature", "properties": { "Location": "West Clandon", "Estate Lat (WIP)": "", "Estate Lon (WIP)": "", "Year of issue": "933", "Diplomas": "S 420", "Diploma authenticity (as in Notion)": "spurious", "Category of diploma authenticity (quadripartite simplification)": "spurious", "Beneficiary": "Chertsey abbey", "Beneficiary: commu or person": "community", "Beneficiary person: lay or ecclesiastic": "", "Diploma preserved at (archive)": "Chertsey", "Num diplomas": "1", "Shire": "Surrey", "Promulgation site": "Kingston-on-Thames", "Lat (comp.)": "51.2608611", "Lon (comp.)": "-0.5103708", "Predicted accuracy": "Shire match", "Notes": "", "Archive Lat": "", "Archive Lon": "", "Prom Lat": "51.6743611", "Prom Lon": "-1.2821216", "Estate Lat": "51.2608611", "Estate Lon": "-0.5103708", "Distance between estate and promulgation site": 70.656859110300005, "Distance between estate and archive": "" }, "geometry": { "type": "Point", "coordinates": [ -0.51, 51.26 ] } },
{ "type": "Feature", "properties": { "Location": "Weybridge", "Estate Lat (WIP)": "", "Estate Lon (WIP)": "", "Year of issue": "933", "Diplomas": "S 420", "Diploma authenticity (as in Notion)": "spurious", "Category of diploma authenticity (quadripartite simplification)": "spurious", "Beneficiary": "Chertsey abbey", "Beneficiary: commu or person": "community", "Beneficiary person: lay or ecclesiastic": "", "Diploma preserved at (archive)": "Chertsey", "Num diplomas": "1", "Shire": "Surrey", "Promulgation site": "Kingston-on-Thames", "Lat (comp.)": "51.3727175", "Lon (comp.)": "-0.4549297", "Predicted accuracy": "Shire match", "Notes": "", "Archive Lat": "", "Archive Lon": "", "Prom Lat": "51.6743611", "Prom Lon": "-1.2821216", "Estate Lat": "51.3727175", "Estate Lon": "-0.4549297", "Distance between estate and promulgation site": 66.499964698, "Distance between estate and archive": "" }, "geometry": { "type": "Point", "coordinates": [ -0.45, 51.37 ] } },
{ "type": "Feature", "properties": { "Location": "White Waltham", "Estate Lat (WIP)": "", "Estate Lon (WIP)": "", "Year of issue": "933", "Diplomas": "S 420", "Diploma authenticity (as in Notion)": "spurious", "Category of diploma authenticity (quadripartite simplification)": "spurious", "Beneficiary": "Chertsey abbey", "Beneficiary: commu or person": "community", "Beneficiary person: lay or ecclesiastic": "", "Diploma preserved at (archive)": "Chertsey", "Num diplomas": "1", "Shire": "Berkshire", "Promulgation site": "Kingston-on-Thames", "Lat (comp.)": "51.4908971", "Lon (comp.)": "-0.7683543", "Predicted accuracy": "No shire match", "Notes": "", "Archive Lat": "", "Archive Lon": "", "Prom Lat": "51.6743611", "Prom Lon": "-1.2821216", "Estate Lat": "51.4908971", "Estate Lon": "-0.7683543", "Distance between estate and promulgation site": 41.0467597361, "Distance between estate and archive": "" }, "geometry": { "type": "Point", "coordinates": [ -0.77, 51.49 ] } },
{ "type": "Feature", "properties": { "Location": "Woodham in Chertsey", "Estate Lat (WIP)": "51.3447165604", "Estate Lon (WIP)": "-0.5125343016", "Year of issue": "933", "Diplomas": "S 420", "Diploma authenticity (as in Notion)": "spurious", "Category of diploma authenticity (quadripartite simplification)": "spurious", "Beneficiary": "Chertsey abbey", "Beneficiary: commu or person": "community", "Beneficiary person: lay or ecclesiastic": "", "Diploma preserved at (archive)": "Chertsey", "Num diplomas": "1", "Shire": "Surrey", "Promulgation site": "Kingston-on-Thames", "Lat (comp.)": "", "Lon (comp.)": "", "Predicted accuracy": "Not found", "Notes": "", "Archive Lat": "", "Archive Lon": "", "Prom Lat": "51.6743611", "Prom Lon": "-1.2821216", "Estate Lat": "51.3447165604", "Estate Lon": "-0.5125343016", "Distance between estate and promulgation site": 64.805298991000001, "Distance between estate and archive": "" }, "geometry": { "type": "Point", "coordinates": [ -0.51, 51.34 ] } },
{ "type": "Feature", "properties": { "Location": "Ewell", "Estate Lat (WIP)": "", "Estate Lon (WIP)": "", "Year of issue": "933", "Diplomas": "S 420", "Diploma authenticity (as in Notion)": "spurious", "Category of diploma authenticity (quadripartite simplification)": "spurious", "Beneficiary": "Chertsey abbey", "Beneficiary: commu or person": "community", "Beneficiary person: lay or ecclesiastic": "", "Diploma preserved at (archive)": "Chertsey", "Num diplomas": "1", "Shire": "Surrey", "Promulgation site": "Kingston-on-Thames", "Lat (comp.)": "51.3502402", "Lon (comp.)": "-0.2511759", "Predicted accuracy": "Shire match", "Notes": "", "Archive Lat": "", "Archive Lon": "", "Prom Lat": "51.6743611", "Prom Lon": "-1.2821216", "Estate Lat": "51.3502402", "Estate Lon": "-0.2511759", "Distance between estate and promulgation site": 80.140629280599995, "Distance between estate and archive": "" }, "geometry": { "type": "Point", "coordinates": [ -0.25, 51.35 ] } },
{ "type": "Feature", "properties": { "Location": "Bradford Abbas", "Estate Lat (WIP)": "50.928", "Estate Lon (WIP)": "-2.588", "Year of issue": "933", "Diplomas": "S 422", "Diploma authenticity (as in Notion)": "authentic", "Category of diploma authenticity (quadripartite simplification)": "authentic", "Beneficiary": "Sherborne", "Beneficiary: commu or person": "community", "Beneficiary person: lay or ecclesiastic": "", "Diploma preserved at (archive)": "Sherborne", "Num diplomas": "1", "Shire": "Dorset", "Promulgation site": "Chippenham", "Lat (comp.)": "50.9342937", "Lon (comp.)": "-2.5918593", "Predicted accuracy": "Shire match", "Notes": "", "Archive Lat": "", "Archive Lon": "", "Prom Lat": "51.4587621", "Prom Lon": "-2.1159032", "Estate Lat": "50.928", "Estate Lon": "-2.588", "Distance between estate and promulgation site": 67.644657795599997, "Distance between estate and archive": "" }, "geometry": { "type": "Point", "coordinates": [ -2.59, 50.93 ] } },
{ "type": "Feature", "properties": { "Location": "Stalbridge Weston", "Estate Lat (WIP)": "50.94813167", "Estate Lon (WIP)": "-2.398086977", "Year of issue": "933", "Diplomas": "S 423", "Diploma authenticity (as in Notion)": "spurious (based on other document)", "Category of diploma authenticity (quadripartite simplification)": "likely spurious", "Beneficiary": "Sherborne", "Beneficiary: commu or person": "community", "Beneficiary person: lay or ecclesiastic": "", "Diploma preserved at (archive)": "Sherborne", "Num diplomas": "1", "Shire": "Dorset", "Promulgation site": "Chippenham", "Lat (comp.)": "50.9486252", "Lon (comp.)": "-2.3996411", "Predicted accuracy": "Shire match", "Notes": "", "Archive Lat": "", "Archive Lon": "", "Prom Lat": "51.4587621", "Prom Lon": "-2.1159032", "Estate Lat": "50.94813167", "Estate Lon": "-2.398086977", "Distance between estate and promulgation site": 60.134609299499999, "Distance between estate and archive": "" }, "geometry": { "type": "Point", "coordinates": [ -2.4, 50.95 ] } },
{ "type": "Feature", "properties": { "Location": "Derantune (? Durrington)", "Estate Lat (WIP)": "50.8375932898", "Estate Lon (WIP)": "-0.4266490572", "Year of issue": "934", "Diplomas": "S 425", "Diploma authenticity (as in Notion)": "authentic", "Category of diploma authenticity (quadripartite simplification)": "authentic", "Beneficiary": "Ælfwald 16", "Beneficiary: commu or person": "person", "Beneficiary person: lay or ecclesiastic": "lay", "Diploma preserved at (archive)": "Canterbury, Christ Church", "Num diplomas": "1", "Shire": "Sussex", "Promulgation site": "Winchester", "Lat (comp.)": "", "Lon (comp.)": "", "Predicted accuracy": "Not found", "Notes": "Quite unsure of this one", "Archive Lat": "", "Archive Lon": "", "Prom Lat": "51.0612766", "Prom Lon": "-1.3131692", "Estate Lat": "50.8375932898", "Estate Lon": "-0.4266490572", "Distance between estate and promulgation site": 67.084624815699996, "Distance between estate and archive": "" }, "geometry": { "type": "Point", "coordinates": [ -0.43, 50.84 ] } },
{ "type": "Feature", "properties": { "Location": "Kingtone (? Kington St Michael)", "Estate Lat (WIP)": "51.497", "Estate Lon (WIP)": "-2.143", "Year of issue": "934", "Diplomas": "S 426", "Diploma authenticity (as in Notion)": "authentic", "Category of diploma authenticity (quadripartite simplification)": "authentic", "Beneficiary": "Æthelhelm 17", "Beneficiary: commu or person": "person", "Beneficiary person: lay or ecclesiastic": "lay", "Diploma preserved at (archive)": "Glastonbury", "Num diplomas": "1", "Shire": "Wiltshire", "Promulgation site": "Buckingham", "Lat (comp.)": "", "Lon (comp.)": "", "Predicted accuracy": "Not found", "Notes": "", "Archive Lat": "", "Archive Lon": "", "Prom Lat": "51.9983175", "Prom Lon": "-0.9786725", "Estate Lat": "51.497", "Estate Lon": "-2.143", "Distance between estate and promulgation site": 97.861982617500004, "Distance between estate and archive": "" }, "geometry": { "type": "Point", "coordinates": [ -2.14, 51.5 ] } },
{ "type": "Feature", "properties": { "Location": "Ashmanworth", "Estate Lat (WIP)": "51.3155765501", "Estate Lon (WIP)": "-1.404691826", "Year of issue": "934", "Diplomas": "S 427", "Diploma authenticity (as in Notion)": "disputed suspicious (and/or opinions vary)", "Category of diploma authenticity (quadripartite simplification)": "likely authentic", "Beneficiary": "Winchester, Old Minster", "Beneficiary: commu or person": "community", "Beneficiary person: lay or ecclesiastic": "", "Diploma preserved at (archive)": "Winchester, Old Minster", "Num diplomas": "1", "Shire": "Hampshire", "Promulgation site": "Frome", "Lat (comp.)": "", "Lon (comp.)": "", "Predicted accuracy": "Not found", "Notes": "Based on Ashmansworth, Hampshire", "Archive Lat": "", "Archive Lon": "", "Prom Lat": "51.2294852", "Prom Lon": "-2.3198467", "Estate Lat": "51.3155765501", "Estate Lon": "-1.404691826", "Distance between estate and promulgation site": 64.578452794200004, "Distance between estate and archive": "" }, "geometry": { "type": "Point", "coordinates": [ -1.4, 51.32 ] } },
{ "type": "Feature", "properties": { "Location": "Chilbolton", "Estate Lat (WIP)": "", "Estate Lon (WIP)": "", "Year of issue": "934", "Diplomas": "S 427", "Diploma authenticity (as in Notion)": "disputed suspicious (and/or opinions vary)", "Category of diploma authenticity (quadripartite simplification)": "likely authentic", "Beneficiary": "Winchester, Old Minster", "Beneficiary: commu or person": "community", "Beneficiary person: lay or ecclesiastic": "", "Diploma preserved at (archive)": "Winchester, Old Minster", "Num diplomas": "1", "Shire": "Hampshire", "Promulgation site": "Frome", "Lat (comp.)": "51.13978", "Lon (comp.)": "-1.4190758", "Predicted accuracy": "Shire match", "Notes": "", "Archive Lat": "", "Archive Lon": "", "Prom Lat": "51.2294852", "Prom Lon": "-2.3198467", "Estate Lat": "51.13978", "Estate Lon": "-1.4190758", "Distance between estate and promulgation site": 63.766112172500002, "Distance between estate and archive": "" }, "geometry": { "type": "Point", "coordinates": [ -1.42, 51.14 ] } },
{ "type": "Feature", "properties": { "Location": "Enford", "Estate Lat (WIP)": "", "Estate Lon (WIP)": "", "Year of issue": "934", "Diplomas": "S 427", "Diploma authenticity (as in Notion)": "disputed suspicious (and/or opinions vary)", "Category of diploma authenticity (quadripartite simplification)": "likely authentic", "Beneficiary": "Winchester, Old Minster", "Beneficiary: commu or person": "community", "Beneficiary person: lay or ecclesiastic": "", "Diploma preserved at (archive)": "Winchester, Old Minster", "Num diplomas": "1", "Shire": "Wiltshire", "Promulgation site": "Frome", "Lat (comp.)": "51.2603232", "Lon (comp.)": "-1.8055256", "Predicted accuracy": "Shire match", "Notes": "", "Archive Lat": "", "Archive Lon": "", "Prom Lat": "51.2294852", "Prom Lon": "-2.3198467", "Estate Lat": "51.2603232", "Estate Lon": "-1.8055256", "Distance between estate and promulgation site": 36.077173107299998, "Distance between estate and archive": "" }, "geometry": { "type": "Point", "coordinates": [ -1.81, 51.26 ] } },
{ "type": "Feature", "properties": { "Location": "Cofton Hackett", "Estate Lat (WIP)": "", "Estate Lon (WIP)": "", "Year of issue": "934", "Diplomas": "S 428", "Diploma authenticity (as in Notion)": "spurious", "Category of diploma authenticity (quadripartite simplification)": "spurious", "Beneficiary": "Worcester", "Beneficiary: commu or person": "community", "Beneficiary person: lay or ecclesiastic": "", "Diploma preserved at (archive)": "Worcester", "Num diplomas": "1", "Shire": "Worcestershire", "Promulgation site": "London", "Lat (comp.)": "52.3776093", "Lon (comp.)": "-1.9965531", "Predicted accuracy": "Shire match", "Notes": "", "Archive Lat": "", "Archive Lon": "", "Prom Lat": "51.5140003762", "Prom Lon": "-0.0981885391", "Estate Lat": "52.3776093", "Estate Lon": "-1.9965531", "Distance between estate and promulgation site": 162.0785915932, "Distance between estate and archive": "" }, "geometry": { "type": "Point", "coordinates": [ -2.0, 52.38 ] } },
{ "type": "Feature", "properties": { "Location": "Hopwood in Alvechurch", "Estate Lat (WIP)": "52.3725879588", "Estate Lon (WIP)": "-1.9592761902", "Year of issue": "934", "Diplomas": "S 428", "Diploma authenticity (as in Notion)": "spurious", "Category of diploma authenticity (quadripartite simplification)": "spurious", "Beneficiary": "Worcester", "Beneficiary: commu or person": "community", "Beneficiary person: lay or ecclesiastic": "", "Diploma preserved at (archive)": "Worcester", "Num diplomas": "1", "Shire": "Worcestershire", "Promulgation site": "London", "Lat (comp.)": "", "Lon (comp.)": "", "Predicted accuracy": "Not found", "Notes": "", "Archive Lat": "", "Archive Lon": "", "Prom Lat": "51.5140003762", "Prom Lon": "-0.0981885391", "Estate Lat": "52.3725879588", "Estate Lon": "-1.9592761902", "Distance between estate and promulgation site": 159.69284475870001, "Distance between estate and archive": "" }, "geometry": { "type": "Point", "coordinates": [ -1.96, 52.37 ] } },
{ "type": "Feature", "properties": { "Location": "Rednal in Kings Norton", "Estate Lat (WIP)": "52.3928099648", "Estate Lon (WIP)": "-2.0012289994", "Year of issue": "934", "Diplomas": "S 428", "Diploma authenticity (as in Notion)": "spurious", "Category of diploma authenticity (quadripartite simplification)": "spurious", "Beneficiary": "Worcester", "Beneficiary: commu or person": "community", "Beneficiary person: lay or ecclesiastic": "", "Diploma preserved at (archive)": "Worcester", "Num diplomas": "1", "Shire": "Worcestershire", "Promulgation site": "London", "Lat (comp.)": "", "Lon (comp.)": "", "Predicted accuracy": "Not found", "Notes": "", "Archive Lat": "", "Archive Lon": "", "Prom Lat": "51.5140003762", "Prom Lon": "-0.0981885391", "Estate Lat": "52.3928099648", "Estate Lon": "-2.0012289994", "Distance between estate and promulgation site": 163.32654888510001, "Distance between estate and archive": "" }, "geometry": { "type": "Point", "coordinates": [ -2.0, 52.39 ] } },
{ "type": "Feature", "properties": { "Location": "Wast Hills", "Estate Lat (WIP)": "", "Estate Lon (WIP)": "", "Year of issue": "934", "Diplomas": "S 428", "Diploma authenticity (as in Notion)": "spurious", "Category of diploma authenticity (quadripartite simplification)": "spurious", "Beneficiary": "Worcester", "Beneficiary: commu or person": "community", "Beneficiary person: lay or ecclesiastic": "", "Diploma preserved at (archive)": "Worcester", "Num diplomas": "1", "Shire": "Worcestershire", "Promulgation site": "London", "Lat (comp.)": "52.389624", "Lon (comp.)": "-1.9487923", "Predicted accuracy": "Shire match", "Notes": "", "Archive Lat": "", "Archive Lon": "", "Prom Lat": "51.5140003762", "Prom Lon": "-0.0981885391", "Estate Lat": "52.389624", "Estate Lon": "-1.9487923", "Distance between estate and promulgation site": 160.2417670408, "Distance between estate and archive": "" }, "geometry": { "type": "Point", "coordinates": [ -1.95, 52.39 ] } },
{ "type": "Feature", "properties": { "Location": "Bremhill", "Estate Lat (WIP)": "", "Estate Lon (WIP)": "", "Year of issue": "937", "Diplomas": "S 434", "Diploma authenticity (as in Notion)": "spurious (based on (some) genuine (earlier) material)", "Category of diploma authenticity (quadripartite simplification)": "likely spurious", "Beneficiary": "Malmesbury", "Beneficiary: commu or person": "community", "Beneficiary person: lay or ecclesiastic": "", "Diploma preserved at (archive)": "Malmesbury", "Num diplomas": "1", "Shire": "Wiltshire", "Promulgation site": "Dorchester", "Lat (comp.)": "51.4693457", "Lon (comp.)": "-2.0454519", "Predicted accuracy": "Shire match", "Notes": "", "Archive Lat": "", "Archive Lon": "", "Prom Lat": "50.7132064", "Prom Lon": "-2.4371229", "Estate Lat": "51.4693457", "Estate Lon": "-2.0454519", "Distance between estate and promulgation site": 88.482619189000005, "Distance between estate and archive": "" }, "geometry": { "type": "Point", "coordinates": [ -2.05, 51.47 ] } },
{ "type": "Feature", "properties": { "Location": "Wootton Bassett", "Estate Lat (WIP)": "", "Estate Lon (WIP)": "", "Year of issue": "937", "Diplomas": "S 435", "Diploma authenticity (as in Notion)": "spurious", "Category of diploma authenticity (quadripartite simplification)": "spurious", "Beneficiary": "Malmesbury", "Beneficiary: commu or person": "community", "Beneficiary person: lay or ecclesiastic": "", "Diploma preserved at (archive)": "Malmesbury", "Num diplomas": "1", "Shire": "Wiltshire", "Promulgation site": "Dorchester", "Lat (comp.)": "51.5417946", "Lon (comp.)": "-1.9047369", "Predicted accuracy": "Shire match", "Notes": "", "Archive Lat": "", "Archive Lon": "", "Prom Lat": "50.7132064", "Prom Lon": "-2.4371229", "Estate Lat": "51.5417946", "Estate Lon": "-1.9047369", "Distance between estate and promulgation site": 99.429539434500001, "Distance between estate and archive": "" }, "geometry": { "type": "Point", "coordinates": [ -1.9, 51.54 ] } },
{ "type": "Feature", "properties": { "Location": "Bremhill", "Estate Lat (WIP)": "", "Estate Lon (WIP)": "", "Year of issue": "937", "Diplomas": "S 436", "Diploma authenticity (as in Notion)": "spurious (based on (some) genuine (earlier) material)", "Category of diploma authenticity (quadripartite simplification)": "likely spurious", "Beneficiary": "Malmesbury", "Beneficiary: commu or person": "community", "Beneficiary person: lay or ecclesiastic": "", "Diploma preserved at (archive)": "Malmesbury", "Num diplomas": "1", "Shire": "Wiltshire", "Promulgation site": "Dorchester", "Lat (comp.)": "51.4693457", "Lon (comp.)": "-2.0454519", "Predicted accuracy": "Shire match", "Notes": "", "Archive Lat": "", "Archive Lon": "", "Prom Lat": "50.7132064", "Prom Lon": "-2.4371229", "Estate Lat": "51.4693457", "Estate Lon": "-2.0454519", "Distance between estate and promulgation site": 88.482619189000005, "Distance between estate and archive": "" }, "geometry": { "type": "Point", "coordinates": [ -2.05, 51.47 ] } },
{ "type": "Feature", "properties": { "Location": "Ewen", "Estate Lat (WIP)": "", "Estate Lon (WIP)": "", "Year of issue": "937", "Diplomas": "S 436", "Diploma authenticity (as in Notion)": "spurious (based on (some) genuine (earlier) material)", "Category of diploma authenticity (quadripartite simplification)": "likely spurious", "Beneficiary": "Malmesbury", "Beneficiary: commu or person": "community", "Beneficiary person: lay or ecclesiastic": "", "Diploma preserved at (archive)": "Malmesbury", "Num diplomas": "1", "Shire": "Gloucestershire", "Promulgation site": "Dorchester", "Lat (comp.)": "51.677278", "Lon (comp.)": "-1.993704", "Predicted accuracy": "Shire match", "Notes": "", "Archive Lat": "", "Archive Lon": "", "Prom Lat": "50.7132064", "Prom Lon": "-2.4371229", "Estate Lat": "51.677278", "Estate Lon": "-1.993704", "Distance between estate and promulgation site": 111.6433817316, "Distance between estate and archive": "" }, "geometry": { "type": "Point", "coordinates": [ -1.99, 51.68 ] } },
{ "type": "Feature", "properties": { "Location": "Norton", "Estate Lat (WIP)": "", "Estate Lon (WIP)": "", "Year of issue": "937", "Diplomas": "S 436", "Diploma authenticity (as in Notion)": "spurious (based on (some) genuine (earlier) material)", "Category of diploma authenticity (quadripartite simplification)": "likely spurious", "Beneficiary": "Malmesbury", "Beneficiary: commu or person": "community", "Beneficiary person: lay or ecclesiastic": "", "Diploma preserved at (archive)": "Malmesbury", "Num diplomas": "1", "Shire": "Wiltshire", "Promulgation site": "Dorchester", "Lat (comp.)": "51.5650551", "Lon (comp.)": "-2.161818", "Predicted accuracy": "Shire match", "Notes": "", "Archive Lat": "", "Archive Lon": "", "Prom Lat": "50.7132064", "Prom Lon": "-2.4371229", "Estate Lat": "51.5650551", "Estate Lon": "-2.161818", "Distance between estate and promulgation site": 96.707652691500002, "Distance between estate and archive": "" }, "geometry": { "type": "Point", "coordinates": [ -2.16, 51.57 ] } },
{ "type": "Feature", "properties": { "Location": "Wootton Bassett", "Estate Lat (WIP)": "", "Estate Lon (WIP)": "", "Year of issue": "937", "Diplomas": "S 436", "Diploma authenticity (as in Notion)": "spurious (based on (some) genuine (earlier) material)", "Category of diploma authenticity (quadripartite simplification)": "likely spurious", "Beneficiary": "Malmesbury", "Beneficiary: commu or person": "community", "Beneficiary person: lay or ecclesiastic": "", "Diploma preserved at (archive)": "Malmesbury", "Num diplomas": "1", "Shire": "Wiltshire", "Promulgation site": "Dorchester", "Lat (comp.)": "51.5417946", "Lon (comp.)": "-1.9047369", "Predicted accuracy": "Shire match", "Notes": "", "Archive Lat": "", "Archive Lon": "", "Prom Lat": "50.7132064", "Prom Lon": "-2.4371229", "Estate Lat": "51.5417946", "Estate Lon": "-1.9047369", "Distance between estate and promulgation site": 99.429539434500001, "Distance between estate and archive": "" }, "geometry": { "type": "Point", "coordinates": [ -1.9, 51.54 ] } },
{ "type": "Feature", "properties": { "Location": "Bosanketh", "Estate Lat (WIP)": "50.0844509305", "Estate Lon (WIP)": "-5.6622440392", "Year of issue": "925", "Diplomas": "S 450", "Diploma authenticity (as in Notion)": "disputed suspicious (and/or opinions vary)", "Category of diploma authenticity (quadripartite simplification)": "likely authentic", "Beneficiary": "Church of St Buryan", "Beneficiary: commu or person": "community", "Beneficiary person: lay or ecclesiastic": "", "Diploma preserved at (archive)": "Exeter", "Num diplomas": "1", "Shire": "Cornwall", "Promulgation site": "Kingston-on-Thames", "Lat (comp.)": "", "Lon (comp.)": "", "Predicted accuracy": "Not found", "Notes": "Little Bosanketh Farm", "Archive Lat": "", "Archive Lon": "", "Prom Lat": "51.6743611", "Prom Lon": "-1.2821216", "Estate Lat": "50.0844509305", "Estate Lon": "-5.6622440392", "Distance between estate and promulgation site": 355.32039189699998, "Distance between estate and archive": "" }, "geometry": { "type": "Point", "coordinates": [ -5.66, 50.08 ] } },
{ "type": "Feature", "properties": { "Location": "Bosliven", "Estate Lat (WIP)": "50.0706498879", "Estate Lon (WIP)": "-5.6105655941", "Year of issue": "925", "Diplomas": "S 450", "Diploma authenticity (as in Notion)": "disputed suspicious (and/or opinions vary)", "Category of diploma authenticity (quadripartite simplification)": "likely authentic", "Beneficiary": "Church of St Buryan", "Beneficiary: commu or person": "community", "Beneficiary person: lay or ecclesiastic": "", "Diploma preserved at (archive)": "Exeter", "Num diplomas": "1", "Shire": "Cornwall", "Promulgation site": "Kingston-on-Thames", "Lat (comp.)": "", "Lon (comp.)": "", "Predicted accuracy": "Not found", "Notes": "There is a Bosliven farm in Cornwall", "Archive Lat": "", "Archive Lon": "", "Prom Lat": "51.6743611", "Prom Lon": "-1.2821216", "Estate Lat": "50.0706498879", "Estate Lon": "-5.6105655941", "Distance between estate and promulgation site": 352.98398358179998, "Distance between estate and archive": "" }, "geometry": { "type": "Point", "coordinates": [ -5.61, 50.07 ] } },
{ "type": "Feature", "properties": { "Location": "Pendrea", "Estate Lat (WIP)": "", "Estate Lon (WIP)": "", "Year of issue": "925", "Diplomas": "S 450", "Diploma authenticity (as in Notion)": "disputed suspicious (and/or opinions vary)", "Category of diploma authenticity (quadripartite simplification)": "likely authentic", "Beneficiary": "Church of St Buryan", "Beneficiary: commu or person": "community", "Beneficiary person: lay or ecclesiastic": "", "Diploma preserved at (archive)": "Exeter", "Num diplomas": "1", "Shire": "Cornwall", "Promulgation site": "Kingston-on-Thames", "Lat (comp.)": "50.5282232", "Lon (comp.)": "-4.6800605", "Predicted accuracy": "Shire match", "Notes": "", "Archive Lat": "", "Archive Lon": "", "Prom Lat": "51.6743611", "Prom Lon": "-1.2821216", "Estate Lat": "50.5282232", "Estate Lon": "-4.6800605", "Distance between estate and promulgation site": 269.97278048689998, "Distance between estate and archive": "" }, "geometry": { "type": "Point", "coordinates": [ -4.68, 50.53 ] } },
{ "type": "Feature", "properties": { "Location": "Treverven", "Estate Lat (WIP)": "", "Estate Lon (WIP)": "", "Year of issue": "925", "Diplomas": "S 450", "Diploma authenticity (as in Notion)": "disputed suspicious (and/or opinions vary)", "Category of diploma authenticity (quadripartite simplification)": "likely authentic", "Beneficiary": "Church of St Buryan", "Beneficiary: commu or person": "community", "Beneficiary person: lay or ecclesiastic": "", "Diploma preserved at (archive)": "Exeter", "Num diplomas": "1", "Shire": "Cornwall", "Promulgation site": "Kingston-on-Thames", "Lat (comp.)": "50.0573016", "Lon (comp.)": "-5.6175537", "Predicted accuracy": "Shire match", "Notes": "", "Archive Lat": "", "Archive Lon": "", "Prom Lat": "51.6743611", "Prom Lon": "-1.2821216", "Estate Lat": "50.0573016", "Estate Lon": "-5.6175537", "Distance between estate and promulgation site": 354.19684651019998, "Distance between estate and archive": "" }, "geometry": { "type": "Point", "coordinates": [ -5.62, 50.06 ] } },
{ "type": "Feature", "properties": { "Location": "Grittleton", "Estate Lat (WIP)": "", "Estate Lon (WIP)": "", "Year of issue": "940", "Diplomas": "S 472", "Diploma authenticity (as in Notion)": "authentic", "Category of diploma authenticity (quadripartite simplification)": "authentic", "Beneficiary": "Wulfric 23", "Beneficiary: commu or person": "person", "Beneficiary person: lay or ecclesiastic": "lay", "Diploma preserved at (archive)": "Glastonbury", "Num diplomas": "1", "Shire": "Wiltshire", "Promulgation site": "Colchester", "Lat (comp.)": "51.5175337", "Lon (comp.)": "-2.2093908", "Predicted accuracy": "Shire match", "Notes": "", "Archive Lat": "", "Archive Lon": "", "Prom Lat": "51.8896903", "Prom Lon": "0.8994651", "Estate Lat": "51.5175337", "Estate Lon": "-2.2093908", "Distance between estate and promulgation site": 218.85157178450001, "Distance between estate and archive": "" }, "geometry": { "type": "Point", "coordinates": [ -2.21, 51.52 ] } },
{ "type": "Feature", "properties": { "Location": "Langley", "Estate Lat (WIP)": "51.492", "Estate Lon (WIP)": "-2.108", "Year of issue": "940", "Diplomas": "S 473", "Diploma authenticity (as in Notion)": "authentic", "Category of diploma authenticity (quadripartite simplification)": "authentic", "Beneficiary": "Wulfric 23", "Beneficiary: commu or person": "person", "Beneficiary person: lay or ecclesiastic": "lay", "Diploma preserved at (archive)": "Glastonbury", "Num diplomas": "1", "Shire": "Wiltshire", "Promulgation site": "Chippenham", "Lat (comp.)": "51.4990873", "Lon (comp.)": "-2.114639", "Predicted accuracy": "Shire match", "Notes": "", "Archive Lat": "", "Archive Lon": "", "Prom Lat": "51.4587621", "Prom Lon": "-2.1159032", "Estate Lat": "51.492", "Estate Lon": "-2.108", "Distance between estate and promulgation site": 3.7385057237, "Distance between estate and archive": "" }, "geometry": { "type": "Point", "coordinates": [ -2.11, 51.49 ] } },
{ "type": "Feature", "properties": { "Location": "Abbots Bromley", "Estate Lat (WIP)": "", "Estate Lon (WIP)": "", "Year of issue": "942", "Diplomas": "S 479", "Diploma authenticity (as in Notion)": "probably authentic", "Category of diploma authenticity (quadripartite simplification)": "likely authentic", "Beneficiary": "Wulfsige 25", "Beneficiary: commu or person": "person", "Beneficiary person: lay or ecclesiastic": "lay", "Diploma preserved at (archive)": "Burton", "Num diplomas": "1", "Shire": "Staffordshire", "Promulgation site": "Winchcombe", "Lat (comp.)": "52.8191473", "Lon (comp.)": "-1.8808933", "Predicted accuracy": "Shire match", "Notes": "", "Archive Lat": "", "Archive Lon": "", "Prom Lat": "51.9527513", "Prom Lon": "-1.9675136", "Estate Lat": "52.8191473", "Estate Lon": "-1.8808933", "Distance between estate and promulgation site": 96.588127870799994, "Distance between estate and archive": "" }, "geometry": { "type": "Point", "coordinates": [ -1.88, 52.82 ] } },
{ "type": "Feature", "properties": { "Location": "Branston", "Estate Lat (WIP)": "", "Estate Lon (WIP)": "", "Year of issue": "942", "Diplomas": "S 479", "Diploma authenticity (as in Notion)": "probably authentic", "Category of diploma authenticity (quadripartite simplification)": "likely authentic", "Beneficiary": "Wulfsige 25", "Beneficiary: commu or person": "person", "Beneficiary person: lay or ecclesiastic": "lay", "Diploma preserved at (archive)": "Burton", "Num diplomas": "1", "Shire": "Staffordshire", "Promulgation site": "Winchcombe", "Lat (comp.)": "52.7934552", "Lon (comp.)": "-1.6683022", "Predicted accuracy": "Shire match", "Notes": "", "Archive Lat": "", "Archive Lon": "", "Prom Lat": "51.9527513", "Prom Lon": "-1.9675136", "Estate Lat": "52.7934552", "Estate Lon": "-1.6683022", "Distance between estate and promulgation site": 95.742373450299993, "Distance between estate and archive": "" }, "geometry": { "type": "Point", "coordinates": [ -1.67, 52.79 ] } },
{ "type": "Feature", "properties": { "Location": "Clifton", "Estate Lat (WIP)": "", "Estate Lon (WIP)": "", "Year of issue": "942", "Diplomas": "S 479", "Diploma authenticity (as in Notion)": "probably authentic", "Category of diploma authenticity (quadripartite simplification)": "likely authentic", "Beneficiary": "Wulfsige 25", "Beneficiary: commu or person": "person", "Beneficiary person: lay or ecclesiastic": "lay", "Diploma preserved at (archive)": "Burton", "Num diplomas": "1", "Shire": "Staffordshire", "Promulgation site": "Winchcombe", "Lat (comp.)": "52.9837457", "Lon (comp.)": "-1.9878022", "Predicted accuracy": "Shire match", "Notes": "", "Archive Lat": "", "Archive Lon": "", "Prom Lat": "51.9527513", "Prom Lon": "-1.9675136", "Estate Lat": "52.9837457", "Estate Lon": "-1.9878022", "Distance between estate and promulgation site": 114.7334481587, "Distance between estate and archive": "" }, "geometry": { "type": "Point", "coordinates": [ -1.99, 52.98 ] } },
{ "type": "Feature", "properties": { "Location": "Haunton", "Estate Lat (WIP)": "", "Estate Lon (WIP)": "", "Year of issue": "942", "Diplomas": "S 479", "Diploma authenticity (as in Notion)": "probably authentic", "Category of diploma authenticity (quadripartite simplification)": "likely authentic", "Beneficiary": "Wulfsige 25", "Beneficiary: commu or person": "person", "Beneficiary person: lay or ecclesiastic": "lay", "Diploma preserved at (archive)": "Burton", "Num diplomas": "1", "Shire": "Staffordshire", "Promulgation site": "Winchcombe", "Lat (comp.)": "52.6953683", "Lon (comp.)": "-1.6497353", "Predicted accuracy": "Shire match", "Notes": "", "Archive Lat": "", "Archive Lon": "", "Prom Lat": "51.9527513", "Prom Lon": "-1.9675136", "Estate Lat": "52.6953683", "Estate Lon": "-1.6497353", "Distance between estate and promulgation site": 85.426604092800005, "Distance between estate and archive": "" }, "geometry": { "type": "Point", "coordinates": [ -1.65, 52.7 ] } },
{ "type": "Feature", "properties": { "Location": "Kings Bromley", "Estate Lat (WIP)": "", "Estate Lon (WIP)": "", "Year of issue": "942", "Diplomas": "S 479", "Diploma authenticity (as in Notion)": "probably authentic", "Category of diploma authenticity (quadripartite simplification)": "likely authentic", "Beneficiary": "Wulfsige 25", "Beneficiary: commu or person": "person", "Beneficiary person: lay or ecclesiastic": "lay", "Diploma preserved at (archive)": "Burton", "Num diplomas": "1", "Shire": "Staffordshire", "Promulgation site": "Winchcombe", "Lat (comp.)": "52.7489467", "Lon (comp.)": "-1.8210198", "Predicted accuracy": "Shire match", "Notes": "", "Archive Lat": "", "Archive Lon": "", "Prom Lat": "51.9527513", "Prom Lon": "-1.9675136", "Estate Lat": "52.7489467", "Estate Lon": "-1.8210198", "Distance between estate and promulgation site": 89.156360408300003, "Distance between estate and archive": "" }, "geometry": { "type": "Point", "coordinates": [ -1.82, 52.75 ] } },
{ "type": "Feature", "properties": { "Location": "Rolleston", "Estate Lat (WIP)": "", "Estate Lon (WIP)": "", "Year of issue": "942", "Diplomas": "S 479", "Diploma authenticity (as in Notion)": "probably authentic", "Category of diploma authenticity (quadripartite simplification)": "likely authentic", "Beneficiary": "Wulfsige 25", "Beneficiary: commu or person": "person", "Beneficiary person: lay or ecclesiastic": "lay", "Diploma preserved at (archive)": "Burton", "Num diplomas": "1", "Shire": "Staffordshire", "Promulgation site": "Winchcombe", "Lat (comp.)": "52.8462987", "Lon (comp.)": "-1.650868", "Predicted accuracy": "Shire match", "Notes": "", "Archive Lat": "", "Archive Lon": "", "Prom Lat": "51.9527513", "Prom Lon": "-1.9675136", "Estate Lat": "52.8462987", "Estate Lon": "-1.650868", "Distance between estate and promulgation site": 101.7381958957, "Distance between estate and archive": "" }, "geometry": { "type": "Point", "coordinates": [ -1.65, 52.85 ] } },
{ "type": "Feature", "properties": { "Location": "Stretton", "Estate Lat (WIP)": "", "Estate Lon (WIP)": "", "Year of issue": "942", "Diplomas": "S 479", "Diploma authenticity (as in Notion)": "probably authentic", "Category of diploma authenticity (quadripartite simplification)": "likely authentic", "Beneficiary": "Wulfsige 25", "Beneficiary: commu or person": "person", "Beneficiary person: lay or ecclesiastic": "lay", "Diploma preserved at (archive)": "Burton", "Num diplomas": "1", "Shire": "Staffordshire", "Promulgation site": "Winchcombe", "Lat (comp.)": "52.8339891", "Lon (comp.)": "-1.6263284", "Predicted accuracy": "Shire match", "Notes": "", "Archive Lat": "", "Archive Lon": "", "Prom Lat": "51.9527513", "Prom Lon": "-1.9675136", "Estate Lat": "52.8339891", "Estate Lon": "-1.6263284", "Distance between estate and promulgation site": 100.77231571980001, "Distance between estate and archive": "" }, "geometry": { "type": "Point", "coordinates": [ -1.63, 52.83 ] } },
{ "type": "Feature", "properties": { "Location": "Tatenhill", "Estate Lat (WIP)": "", "Estate Lon (WIP)": "", "Year of issue": "942", "Diplomas": "S 479", "Diploma authenticity (as in Notion)": "probably authentic", "Category of diploma authenticity (quadripartite simplification)": "likely authentic", "Beneficiary": "Wulfsige 25", "Beneficiary: commu or person": "person", "Beneficiary person: lay or ecclesiastic": "lay", "Diploma preserved at (archive)": "Burton", "Num diplomas": "1", "Shire": "Staffordshire", "Promulgation site": "Winchcombe", "Lat (comp.)": "52.8010891", "Lon (comp.)": "-1.7346016", "Predicted accuracy": "Shire match", "Notes": "", "Archive Lat": "", "Archive Lon": "", "Prom Lat": "51.9527513", "Prom Lon": "-1.9675136", "Estate Lat": "52.8010891", "Estate Lon": "-1.7346016", "Distance between estate and promulgation site": 95.7214806251, "Distance between estate and archive": "" }, "geometry": { "type": "Point", "coordinates": [ -1.73, 52.8 ] } },
{ "type": "Feature", "properties": { "Location": "Tisted", "Estate Lat (WIP)": "51.05745", "Estate Lon (WIP)": "-1.07035", "Year of issue": "941", "Diplomas": "S 511", "Diploma authenticity (as in Notion)": "disputed suspicious (and/or opinions vary)", "Category of diploma authenticity (quadripartite simplification)": "likely authentic", "Beneficiary": "Æthelgeard 2", "Beneficiary: commu or person": "person", "Beneficiary person: lay or ecclesiastic": "lay", "Diploma preserved at (archive)": "Winchester, Old Minster", "Num diplomas": "1", "Shire": "Hampshire", "Promulgation site": "Cheddar", "Lat (comp.)": "51.0811667", "Lon (comp.)": "-0.9969444", "Predicted accuracy": "Shire match", "Notes": "", "Archive Lat": "", "Archive Lon": "", "Prom Lat": "51.2753365", "Prom Lon": "-2.7766545", "Estate Lat": "51.05745", "Estate Lon": "-1.07035", "Distance between estate and promulgation site": 121.7834115587, "Distance between estate and archive": "" }, "geometry": { "type": "Point", "coordinates": [ -1.07, 51.06 ] } },
{ "type": "Feature", "properties": { "Location": "Warkton", "Estate Lat (WIP)": "", "Estate Lon (WIP)": "", "Year of issue": "946", "Diplomas": "S 520", "Diploma authenticity (as in Notion)": "authentic", "Category of diploma authenticity (quadripartite simplification)": "authentic", "Beneficiary": "Wulfric 25", "Beneficiary: commu or person": "person", "Beneficiary person: lay or ecclesiastic": "lay", "Diploma preserved at (archive)": "Worcester", "Num diplomas": "1", "Shire": "Northamptonshire", "Promulgation site": "Kingston-on-Thames", "Lat (comp.)": "52.417541", "Lon (comp.)": "-0.6602266", "Predicted accuracy": "Shire match", "Notes": "", "Archive Lat": "", "Archive Lon": "", "Prom Lat": "51.6743611", "Prom Lon": "-1.2821216", "Estate Lat": "52.417541", "Estate Lon": "-0.6602266", "Distance between estate and promulgation site": 93.050029853799998, "Distance between estate and archive": "" }, "geometry": { "type": "Point", "coordinates": [ -0.66, 52.42 ] } },
{ "type": "Feature", "properties": { "Location": "Suthtone (? Sutton Maddock)", "Estate Lat (WIP)": "52.6117723537", "Estate Lon (WIP)": "-2.4113616915", "Year of issue": "949", "Diplomas": "S 549", "Diploma authenticity (as in Notion)": "authentic", "Category of diploma authenticity (quadripartite simplification)": "authentic", "Beneficiary": "Ulfcytel 1", "Beneficiary: commu or person": "person", "Beneficiary person: lay or ecclesiastic": "lay", "Diploma preserved at (archive)": "Burton", "Num diplomas": "1", "Shire": "Shropshire", "Promulgation site": "Somerton", "Lat (comp.)": "", "Lon (comp.)": "", "Predicted accuracy": "Not found", "Notes": "", "Archive Lat": "", "Archive Lon": "", "Prom Lat": "51.06161", "Prom Lon": "-2.7548573", "Estate Lat": "52.6117723537", "Estate Lon": "-2.4113616915", "Distance between estate and promulgation site": 174.09451056489999, "Distance between estate and archive": "" }, "geometry": { "type": "Point", "coordinates": [ -2.41, 52.61 ] } },
{ "type": "Feature", "properties": { "Location": "Ciricdune (? at Chingford)", "Estate Lat (WIP)": "51.623", "Estate Lon (WIP)": "0.009", "Year of issue": "950", "Diplomas": "S 552a", "Diploma authenticity (as in Notion)": "authentic", "Category of diploma authenticity (quadripartite simplification)": "authentic", "Beneficiary": "Barking abbey", "Beneficiary: commu or person": "community", "Beneficiary person: lay or ecclesiastic": "", "Diploma preserved at (archive)": "Barking", "Num diplomas": "1", "Shire": "Essex", "Promulgation site": "Abingdon", "Lat (comp.)": "", "Lon (comp.)": "", "Predicted accuracy": "Not found", "Notes": "", "Archive Lat": "", "Archive Lon": "", "Prom Lat": "51.6714842", "Prom Lon": "-1.2779715", "Estate Lat": "51.623", "Estate Lon": "0.009", "Distance between estate and promulgation site": 89.241713145000006, "Distance between estate and archive": "" }, "geometry": { "type": "Point", "coordinates": [ 0.01, 51.62 ] } },
{ "type": "Feature", "properties": { "Location": "Lippanwelle (? in Barnstaple hundred)", "Estate Lat (WIP)": "51.55", "Estate Lon (WIP)": "0.4", "Year of issue": "950", "Diplomas": "S 552a", "Diploma authenticity (as in Notion)": "authentic", "Category of diploma authenticity (quadripartite simplification)": "authentic", "Beneficiary": "Barking abbey", "Beneficiary: commu or person": "community", "Beneficiary person: lay or ecclesiastic": "", "Diploma preserved at (archive)": "Barking", "Num diplomas": "1", "Shire": "Essex", "Promulgation site": "Abingdon", "Lat (comp.)": "", "Lon (comp.)": "", "Predicted accuracy": "Not found", "Notes": "", "Archive Lat": "", "Archive Lon": "", "Prom Lat": "51.6714842", "Prom Lon": "-1.2779715", "Estate Lat": "51.55", "Estate Lon": "0.4", "Distance between estate and promulgation site": 117.01715772510001, "Distance between estate and archive": "" }, "geometry": { "type": "Point", "coordinates": [ 0.4, 51.55 ] } },
{ "type": "Feature", "properties": { "Location": "Rimpton", "Estate Lat (WIP)": "51.080408309", "Estate Lon (WIP)": "-4.0606457661", "Year of issue": "956", "Diplomas": "S 571", "Diploma authenticity (as in Notion)": "spurious (based on other document)", "Category of diploma authenticity (quadripartite simplification)": "likely spurious", "Beneficiary": "Beorhtric 8", "Beneficiary: commu or person": "community", "Beneficiary person: lay or ecclesiastic": "", "Diploma preserved at (archive)": "Winchester, Old Minster", "Num diplomas": "1", "Shire": "Somerset", "Promulgation site": "Glastonbury", "Lat (comp.)": "50.9944264", "Lon (comp.)": "-2.5628889", "Predicted accuracy": "Shire match", "Notes": "", "Archive Lat": "", "Archive Lon": "", "Prom Lat": "51.14804", "Prom Lon": "-2.716577", "Estate Lat": "51.080408309", "Estate Lon": "-4.0606457661", "Distance between estate and promulgation site": 94.417587996899996, "Distance between estate and archive": "" }, "geometry": { "type": "Point", "coordinates": [ -4.06, 51.08 ] } },
{ "type": "Feature", "properties": { "Location": "Tadmarton", "Estate Lat (WIP)": "52.04", "Estate Lon (WIP)": "-1.429", "Year of issue": "956", "Diplomas": "S 611", "Diploma authenticity (as in Notion)": "authentic", "Category of diploma authenticity (quadripartite simplification)": "authentic", "Beneficiary": "Byrhtnoth", "Beneficiary: commu or person": "person", "Beneficiary person: lay or ecclesiastic": "lay", "Diploma preserved at (archive)": "Abingdon", "Num diplomas": "1", "Shire": "Oxfordshire", "Promulgation site": "Cheddar", "Lat (comp.)": "52.0309453", "Lon (comp.)": "-1.4181502", "Predicted accuracy": "Shire match", "Notes": "", "Archive Lat": "", "Archive Lon": "", "Prom Lat": "51.2753365", "Prom Lon": "-2.7766545", "Estate Lat": "52.04", "Estate Lon": "-1.429", "Distance between estate and promulgation site": 126.2310435309, "Distance between estate and archive": "" }, "geometry": { "type": "Point", "coordinates": [ -1.43, 52.04 ] } },
{ "type": "Feature", "properties": { "Location": "Seacourt", "Estate Lat (WIP)": "", "Estate Lon (WIP)": "", "Year of issue": "956", "Diplomas": "S 633", "Diploma authenticity (as in Notion)": "probably authentic", "Category of diploma authenticity (quadripartite simplification)": "likely authentic", "Beneficiary": "Abbingdon abbey", "Beneficiary: commu or person": "community", "Beneficiary person: lay or ecclesiastic": "", "Diploma preserved at (archive)": "Abingdon", "Num diplomas": "1", "Shire": "Berkshire", "Promulgation site": "Cirencester", "Lat (comp.)": "51.5004962", "Lon (comp.)": "-0.5358873", "Predicted accuracy": "No shire match", "Notes": "", "Archive Lat": "", "Archive Lon": "", "Prom Lat": "51.7171029", "Prom Lon": "-1.9661616", "Estate Lat": "51.5004962", "Estate Lon": "-0.5358873", "Distance between estate and promulgation site": 101.9692043814, "Distance between estate and archive": "" }, "geometry": { "type": "Point", "coordinates": [ -0.54, 51.5 ] } },
{ "type": "Feature", "properties": { "Location": "Wytham", "Estate Lat (WIP)": "51.7754161225", "Estate Lon (WIP)": "-1.3119519484", "Year of issue": "956", "Diplomas": "S 633", "Diploma authenticity (as in Notion)": "probably authentic", "Category of diploma authenticity (quadripartite simplification)": "likely authentic", "Beneficiary": "Abbingdon abbey", "Beneficiary: commu or person": "community", "Beneficiary person: lay or ecclesiastic": "", "Diploma preserved at (archive)": "Abingdon", "Num diplomas": "1", "Shire": "Berkshire", "Promulgation site": "Cirencester", "Lat (comp.)": "", "Lon (comp.)": "", "Predicted accuracy": "Not found", "Notes": "", "Archive Lat": "", "Archive Lon": "", "Prom Lat": "51.7171029", "Prom Lon": "-1.9661616", "Estate Lat": "51.7754161225", "Estate Lon": "-1.3119519484", "Distance between estate and promulgation site": 45.646691883899997, "Distance between estate and archive": "" }, "geometry": { "type": "Point", "coordinates": [ -1.31, 51.78 ] } },
{ "type": "Feature", "properties": { "Location": "Ely", "Estate Lat (WIP)": "", "Estate Lon (WIP)": "", "Year of issue": "957", "Diplomas": "S 646", "Diploma authenticity (as in Notion)": "authentic", "Category of diploma authenticity (quadripartite simplification)": "authentic", "Beneficiary": "Oda 1", "Beneficiary: commu or person": "person", "Beneficiary person: lay or ecclesiastic": "ecclesiastic", "Diploma preserved at (archive)": "Ely", "Num diplomas": "1", "Shire": "Cambridgeshire", "Promulgation site": "Edington", "Lat (comp.)": "52.3990199", "Lon (comp.)": "0.262039", "Predicted accuracy": "Shire match", "Notes": "", "Archive Lat": "", "Archive Lon": "", "Prom Lat": "51.2784183236", "Prom Lon": "-2.1070989986", "Estate Lat": "52.3990199", "Estate Lon": "0.262039", "Distance between estate and promulgation site": 205.432951761, "Distance between estate and archive": "" }, "geometry": { "type": "Point", "coordinates": [ 0.26, 52.4 ] } },
{ "type": "Feature", "properties": { "Location": "Aston (? Aston Sutton)", "Estate Lat (WIP)": "", "Estate Lon (WIP)": "", "Year of issue": "958", "Diplomas": "S 667", "Diploma authenticity (as in Notion)": "authentic", "Category of diploma authenticity (quadripartite simplification)": "authentic", "Beneficiary": "Chester, St Werburg", "Beneficiary: commu or person": "community", "Beneficiary person: lay or ecclesiastic": "", "Diploma preserved at (archive)": "Chester, St Werburg", "Num diplomas": "1", "Shire": "Cheshire", "Promulgation site": "Penkridge", "Lat (comp.)": "53.3094911", "Lon (comp.)": "-2.6883742", "Predicted accuracy": "Shire match", "Notes": "", "Archive Lat": "", "Archive Lon": "", "Prom Lat": "52.7246633", "Prom Lon": "-2.1127563", "Estate Lat": "53.3094911", "Estate Lon": "-2.6883742", "Distance between estate and promulgation site": 75.683940237200005, "Distance between estate and archive": "" }, "geometry": { "type": "Point", "coordinates": [ -2.69, 53.31 ] } },
{ "type": "Feature", "properties": { "Location": "Barrow (? Great Barrow)", "Estate Lat (WIP)": "", "Estate Lon (WIP)": "", "Year of issue": "958", "Diplomas": "S 667", "Diploma authenticity (as in Notion)": "authentic", "Category of diploma authenticity (quadripartite simplification)": "authentic", "Beneficiary": "Chester, St Werburg", "Beneficiary: commu or person": "community", "Beneficiary person: lay or ecclesiastic": "", "Diploma preserved at (archive)": "Chester, St Werburg", "Num diplomas": "1", "Shire": "Cheshire", "Promulgation site": "Penkridge", "Lat (comp.)": "53.2094616", "Lon (comp.)": "-2.7957028", "Predicted accuracy": "Shire match", "Notes": "", "Archive Lat": "", "Archive Lon": "", "Prom Lat": "52.7246633", "Prom Lon": "-2.1127563", "Estate Lat": "53.2094616", "Estate Lon": "-2.7957028", "Distance between estate and promulgation site": 70.824801036500006, "Distance between estate and archive": "" }, "geometry": { "type": "Point", "coordinates": [ -2.8, 53.21 ] } },
{ "type": "Feature", "properties": { "Location": "Cheavely", "Estate Lat (WIP)": "53.1498144938", "Estate Lon (WIP)": "-2.8680911732", "Year of issue": "958", "Diplomas": "S 667", "Diploma authenticity (as in Notion)": "authentic", "Category of diploma authenticity (quadripartite simplification)": "authentic", "Beneficiary": "Chester, St Werburg", "Beneficiary: commu or person": "community", "Beneficiary person: lay or ecclesiastic": "", "Diploma preserved at (archive)": "Chester, St Werburg", "Num diplomas": "1", "Shire": "Cheshire", "Promulgation site": "Penkridge", "Lat (comp.)": "", "Lon (comp.)": "", "Predicted accuracy": "Not found", "Notes": "Placed at Cheavely Hall Farm", "Archive Lat": "", "Archive Lon": "", "Prom Lat": "52.7246633", "Prom Lon": "-2.1127563", "Estate Lat": "53.1498144938", "Estate Lon": "-2.8680911732", "Distance between estate and promulgation site": 69.408181873700002, "Distance between estate and archive": "" }, "geometry": { "type": "Point", "coordinates": [ -2.87, 53.15 ] } },
{ "type": "Feature", "properties": { "Location": "Hoseley", "Estate Lat (WIP)": "53.0792200981", "Estate Lon (WIP)": "-2.943946321", "Year of issue": "958", "Diplomas": "S 667", "Diploma authenticity (as in Notion)": "authentic", "Category of diploma authenticity (quadripartite simplification)": "authentic", "Beneficiary": "Chester, St Werburg", "Beneficiary: commu or person": "community", "Beneficiary person: lay or ecclesiastic": "", "Diploma preserved at (archive)": "Chester, St Werburg", "Num diplomas": "1", "Shire": "Cheshire", "Promulgation site": "Penkridge", "Lat (comp.)": "", "Lon (comp.)": "", "Predicted accuracy": "Not found", "Notes": "Quite unsure, placed at Hoseley Bank Farm", "Archive Lat": "", "Archive Lon": "", "Prom Lat": "52.7246633", "Prom Lon": "-2.1127563", "Estate Lat": "53.0792200981", "Estate Lon": "-2.943946321", "Distance between estate and promulgation site": 68.446405137200003, "Distance between estate and archive": "" }, "geometry": { "type": "Point", "coordinates": [ -2.94, 53.08 ] } },
{ "type": "Feature", "properties": { "Location": "Huntington", "Estate Lat (WIP)": "", "Estate Lon (WIP)": "", "Year of issue": "958", "Diplomas": "S 667", "Diploma authenticity (as in Notion)": "authentic", "Category of diploma authenticity (quadripartite simplification)": "authentic", "Beneficiary": "Chester, St Werburg", "Beneficiary: commu or person": "community", "Beneficiary person: lay or ecclesiastic": "", "Diploma preserved at (archive)": "Chester, St Werburg", "Num diplomas": "1", "Shire": "Cheshire", "Promulgation site": "Penkridge", "Lat (comp.)": "53.1634849", "Lon (comp.)": "-2.8648306", "Predicted accuracy": "Shire match", "Notes": "", "Archive Lat": "", "Archive Lon": "", "Prom Lat": "52.7246633", "Prom Lon": "-2.1127563", "Estate Lat": "53.1634849", "Estate Lon": "-2.8648306", "Distance between estate and promulgation site": 70.290422795699996, "Distance between estate and archive": "" }, "geometry": { "type": "Point", "coordinates": [ -2.86, 53.16 ] } },
{ "type": "Feature", "properties": { "Location": "Upton", "Estate Lat (WIP)": "", "Estate Lon (WIP)": "", "Year of issue": "958", "Diplomas": "S 667", "Diploma authenticity (as in Notion)": "authentic", "Category of diploma authenticity (quadripartite simplification)": "authentic", "Beneficiary": "Chester, St Werburg", "Beneficiary: commu or person": "community", "Beneficiary person: lay or ecclesiastic": "", "Diploma preserved at (archive)": "Chester, St Werburg", "Num diplomas": "1", "Shire": "Cheshire", "Promulgation site": "Penkridge", "Lat (comp.)": "53.2116132", "Lon (comp.)": "-2.8856715", "Predicted accuracy": "Shire match", "Notes": "", "Archive Lat": "", "Archive Lon": "", "Prom Lat": "52.7246633", "Prom Lon": "-2.1127563", "Estate Lat": "53.2116132", "Estate Lon": "-2.8856715", "Distance between estate and promulgation site": 75.054433050399993, "Distance between estate and archive": "" }, "geometry": { "type": "Point", "coordinates": [ -2.89, 53.21 ] } },
{ "type": "Feature", "properties": { "Location": "Between the Tyburn and the Fleet", "Estate Lat (WIP)": "51.5146026896", "Estate Lon (WIP)": "-0.1320128413", "Year of issue": "959", "Diplomas": "S 670", "Diploma authenticity (as in Notion)": "spurious (based on earlier documentation)", "Category of diploma authenticity (quadripartite simplification)": "likely spurious", "Beneficiary": "Westminster abbey", "Beneficiary: commu or person": "community", "Beneficiary person: lay or ecclesiastic": "", "Diploma preserved at (archive)": "Westminster", "Num diplomas": "1", "Shire": "Middlesex", "Promulgation site": "Glastonbury", "Lat (comp.)": "", "Lon (comp.)": "", "Predicted accuracy": "Not found", "Notes": "Placed in Soho, roughly between Tyburn and Fleet", "Archive Lat": "", "Archive Lon": "", "Prom Lat": "51.14804", "Prom Lon": "-2.716577", "Estate Lat": "51.5146026896", "Estate Lon": "-0.1320128413", "Distance between estate and promulgation site": 184.683139651, "Distance between estate and archive": "" }, "geometry": { "type": "Point", "coordinates": [ -0.13, 51.51 ] } },
{ "type": "Feature", "properties": { "Location": "Blackwell in Tredington", "Estate Lat (WIP)": "52.088631651", "Estate Lon (WIP)": "-1.6490560598", "Year of issue": "963", "Diplomas": "S 731", "Diploma authenticity (as in Notion)": "spurious", "Category of diploma authenticity (quadripartite simplification)": "spurious", "Beneficiary": "Worcester", "Beneficiary: commu or person": "community", "Beneficiary person: lay or ecclesiastic": "", "Diploma preserved at (archive)": "Worcester", "Num diplomas": "1", "Shire": "Worcestershire", "Promulgation site": "Gloucester", "Lat (comp.)": "", "Lon (comp.)": "", "Predicted accuracy": "Not found", "Notes": "", "Archive Lat": "", "Archive Lon": "", "Prom Lat": "51.8653705", "Prom Lon": "-2.2458192", "Estate Lat": "52.088631651", "Estate Lon": "-1.6490560598", "Distance between estate and promulgation site": 47.943026465400003, "Distance between estate and archive": "" }, "geometry": { "type": "Point", "coordinates": [ -1.65, 52.09 ] } },
{ "type": "Feature", "properties": { "Location": "Blockley", "Estate Lat (WIP)": "", "Estate Lon (WIP)": "", "Year of issue": "963", "Diplomas": "S 731", "Diploma authenticity (as in Notion)": "spurious", "Category of diploma authenticity (quadripartite simplification)": "spurious", "Beneficiary": "Worcester", "Beneficiary: commu or person": "community", "Beneficiary person: lay or ecclesiastic": "", "Diploma preserved at (archive)": "Worcester", "Num diplomas": "1", "Shire": "Gloucestershire", "Promulgation site": "Gloucester", "Lat (comp.)": "52.0223907", "Lon (comp.)": "-1.7408221", "Predicted accuracy": "Shire match", "Notes": "", "Archive Lat": "", "Archive Lon": "", "Prom Lat": "51.8653705", "Prom Lon": "-2.2458192", "Estate Lat": "52.0223907", "Estate Lon": "-1.7408221", "Distance between estate and promulgation site": 38.872771346299999, "Distance between estate and archive": "" }, "geometry": { "type": "Point", "coordinates": [ -1.74, 52.02 ] } },
{ "type": "Feature", "properties": { "Location": "Bredon", "Estate Lat (WIP)": "", "Estate Lon (WIP)": "", "Year of issue": "963", "Diplomas": "S 731", "Diploma authenticity (as in Notion)": "spurious", "Category of diploma authenticity (quadripartite simplification)": "spurious", "Beneficiary": "Worcester", "Beneficiary: commu or person": "community", "Beneficiary person: lay or ecclesiastic": "", "Diploma preserved at (archive)": "Worcester", "Num diplomas": "1", "Shire": "Worcestershire", "Promulgation site": "Gloucester", "Lat (comp.)": "52.0311079", "Lon (comp.)": "-2.112163", "Predicted accuracy": "Shire match", "Notes": "", "Archive Lat": "", "Archive Lon": "", "Prom Lat": "51.8653705", "Prom Lon": "-2.2458192", "Estate Lat": "52.0311079", "Estate Lon": "-2.112163", "Distance between estate and promulgation site": 20.6039549919, "Distance between estate and archive": "" }, "geometry": { "type": "Point", "coordinates": [ -2.11, 52.03 ] } },
{ "type": "Feature", "properties": { "Location": "Cropthorne", "Estate Lat (WIP)": "", "Estate Lon (WIP)": "", "Year of issue": "963", "Diplomas": "S 731", "Diploma authenticity (as in Notion)": "spurious", "Category of diploma authenticity (quadripartite simplification)": "spurious", "Beneficiary": "Worcester", "Beneficiary: commu or person": "community", "Beneficiary person: lay or ecclesiastic": "", "Diploma preserved at (archive)": "Worcester", "Num diplomas": "1", "Shire": "Worcestershire", "Promulgation site": "Gloucester", "Lat (comp.)": "52.1049064", "Lon (comp.)": "-2.0011014", "Predicted accuracy": "Shire match", "Notes": "", "Archive Lat": "", "Archive Lon": "", "Prom Lat": "51.8653705", "Prom Lon": "-2.2458192", "Estate Lat": "52.1049064", "Estate Lon": "-2.0011014", "Distance between estate and promulgation site": 31.511968681500001, "Distance between estate and archive": "" }, "geometry": { "type": "Point", "coordinates": [ -2.0, 52.1 ] } },
{ "type": "Feature", "properties": { "Location": "Daylesford", "Estate Lat (WIP)": "", "Estate Lon (WIP)": "", "Year of issue": "949, 963", "Diplomas": "S 731", "Diploma authenticity (as in Notion)": "spurious", "Category of diploma authenticity (quadripartite simplification)": "spurious", "Beneficiary": "Worcester", "Beneficiary: commu or person": "community", "Beneficiary person: lay or ecclesiastic": "", "Diploma preserved at (archive)": "Worcester", "Num diplomas": "1", "Shire": "Gloucestershire", "Promulgation site": "Gloucester", "Lat (comp.)": "51.9311658", "Lon (comp.)": "-1.6467043", "Predicted accuracy": "Shire match", "Notes": "", "Archive Lat": "", "Archive Lon": "", "Prom Lat": "51.8653705", "Prom Lon": "-2.2458192", "Estate Lat": "51.9311658", "Estate Lon": "-1.6467043", "Distance between estate and promulgation site": 41.883844888799999, "Distance between estate and archive": "" }, "geometry": { "type": "Point", "coordinates": [ -1.65, 51.93 ] } },
{ "type": "Feature", "properties": { "Location": "Dorn in Batsford", "Estate Lat (WIP)": "52.0039487444", "Estate Lon (WIP)": "-1.7039133716", "Year of issue": "963", "Diplomas": "S 731", "Diploma authenticity (as in Notion)": "spurious", "Category of diploma authenticity (quadripartite simplification)": "spurious", "Beneficiary": "Worcester", "Beneficiary: commu or person": "community", "Beneficiary person: lay or ecclesiastic": "", "Diploma preserved at (archive)": "Worcester", "Num diplomas": "1", "Shire": "Gloucestershire", "Promulgation site": "Gloucester", "Lat (comp.)": "", "Lon (comp.)": "", "Predicted accuracy": "Not found", "Notes": "", "Archive Lat": "", "Archive Lon": "", "Prom Lat": "51.8653705", "Prom Lon": "-2.2458192", "Estate Lat": "52.0039487444", "Estate Lon": "-1.7039133716", "Distance between estate and promulgation site": 40.334573177599999, "Distance between estate and archive": "" }, "geometry": { "type": "Point", "coordinates": [ -1.7, 52.0 ] } },
{ "type": "Feature", "properties": { "Location": "Evenlode", "Estate Lat (WIP)": "", "Estate Lon (WIP)": "", "Year of issue": "963, 1051", "Diplomas": "S 731", "Diploma authenticity (as in Notion)": "spurious", "Category of diploma authenticity (quadripartite simplification)": "spurious", "Beneficiary": "Worcester", "Beneficiary: commu or person": "community", "Beneficiary person: lay or ecclesiastic": "", "Diploma preserved at (archive)": "Worcester", "Num diplomas": "1", "Shire": "Gloucestershire", "Promulgation site": "Gloucester", "Lat (comp.)": "51.9638236", "Lon (comp.)": "-1.674951", "Predicted accuracy": "Shire match", "Notes": "", "Archive Lat": "", "Archive Lon": "", "Prom Lat": "51.8653705", "Prom Lon": "-2.2458192", "Estate Lat": "51.9638236", "Estate Lon": "-1.674951", "Distance between estate and promulgation site": 40.779408685699998, "Distance between estate and archive": "" }, "geometry": { "type": "Point", "coordinates": [ -1.67, 51.96 ] } },
{ "type": "Feature", "properties": { "Location": "Grimley", "Estate Lat (WIP)": "", "Estate Lon (WIP)": "", "Year of issue": "963", "Diplomas": "S 731", "Diploma authenticity (as in Notion)": "spurious", "Category of diploma authenticity (quadripartite simplification)": "spurious", "Beneficiary": "Worcester", "Beneficiary: commu or person": "community", "Beneficiary person: lay or ecclesiastic": "", "Diploma preserved at (archive)": "Worcester", "Num diplomas": "1", "Shire": "Worcestershire", "Promulgation site": "Gloucester", "Lat (comp.)": "52.240114", "Lon (comp.)": "-2.2413205", "Predicted accuracy": "Shire match", "Notes": "", "Archive Lat": "", "Archive Lon": "", "Prom Lat": "51.8653705", "Prom Lon": "-2.2458192", "Estate Lat": "52.240114", "Estate Lon": "-2.2413205", "Distance between estate and promulgation site": 41.698234431899998, "Distance between estate and archive": "" }, "geometry": { "type": "Point", "coordinates": [ -2.24, 52.24 ] } },
{ "type": "Feature", "properties": { "Location": "Hallow", "Estate Lat (WIP)": "", "Estate Lon (WIP)": "", "Year of issue": "963", "Diplomas": "S 731", "Diploma authenticity (as in Notion)": "spurious", "Category of diploma authenticity (quadripartite simplification)": "spurious", "Beneficiary": "Worcester", "Beneficiary: commu or person": "community", "Beneficiary person: lay or ecclesiastic": "", "Diploma preserved at (archive)": "Worcester", "Num diplomas": "1", "Shire": "Worcestershire", "Promulgation site": "Gloucester", "Lat (comp.)": "52.2216182", "Lon (comp.)": "-2.2544279", "Predicted accuracy": "Shire match", "Notes": "", "Archive Lat": "", "Archive Lon": "", "Prom Lat": "51.8653705", "Prom Lon": "-2.2458192", "Estate Lat": "52.2216182", "Estate Lon": "-2.2544279", "Distance between estate and promulgation site": 39.643433047599999, "Distance between estate and archive": "" }, "geometry": { "type": "Point", "coordinates": [ -2.25, 52.22 ] } },
{ "type": "Feature", "properties": { "Location": "Harvington", "Estate Lat (WIP)": "", "Estate Lon (WIP)": "", "Year of issue": "963", "Diplomas": "S 731", "Diploma authenticity (as in Notion)": "spurious", "Category of diploma authenticity (quadripartite simplification)": "spurious", "Beneficiary": "Worcester", "Beneficiary: commu or person": "community", "Beneficiary person: lay or ecclesiastic": "", "Diploma preserved at (archive)": "Worcester", "Num diplomas": "1", "Shire": "Worcestershire", "Promulgation site": "Gloucester", "Lat (comp.)": "52.1386899", "Lon (comp.)": "-1.9197959", "Predicted accuracy": "Shire match", "Notes": "", "Archive Lat": "", "Archive Lon": "", "Prom Lat": "51.8653705", "Prom Lon": "-2.2458192", "Estate Lat": "52.1386899", "Estate Lon": "-1.9197959", "Distance between estate and promulgation site": 37.7644038221, "Distance between estate and archive": "" }, "geometry": { "type": "Point", "coordinates": [ -1.92, 52.14 ] } },
{ "type": "Feature", "properties": { "Location": "Icomb", "Estate Lat (WIP)": "", "Estate Lon (WIP)": "", "Year of issue": "963", "Diplomas": "S 731", "Diploma authenticity (as in Notion)": "spurious", "Category of diploma authenticity (quadripartite simplification)": "spurious", "Beneficiary": "Worcester", "Beneficiary: commu or person": "community", "Beneficiary person: lay or ecclesiastic": "", "Diploma preserved at (archive)": "Worcester", "Num diplomas": "1", "Shire": "Gloucestershire", "Promulgation site": "Gloucester", "Lat (comp.)": "51.9012782", "Lon (comp.)": "-1.6922932", "Predicted accuracy": "Shire match", "Notes": "", "Archive Lat": "", "Archive Lon": "", "Prom Lat": "51.8653705", "Prom Lon": "-2.2458192", "Estate Lat": "51.9012782", "Estate Lon": "-1.6922932", "Distance between estate and promulgation site": 38.3225544318, "Distance between estate and archive": "" }, "geometry": { "type": "Point", "coordinates": [ -1.69, 51.9 ] } },
{ "type": "Feature", "properties": { "Location": "Knightwick", "Estate Lat (WIP)": "", "Estate Lon (WIP)": "", "Year of issue": "963", "Diplomas": "S 731", "Diploma authenticity (as in Notion)": "spurious", "Category of diploma authenticity (quadripartite simplification)": "spurious", "Beneficiary": "Worcester", "Beneficiary: commu or person": "community", "Beneficiary person: lay or ecclesiastic": "", "Diploma preserved at (archive)": "Worcester", "Num diplomas": "1", "Shire": "Worcestershire", "Promulgation site": "Gloucester", "Lat (comp.)": "52.2005208", "Lon (comp.)": "-2.3948939", "Predicted accuracy": "Shire match", "Notes": "", "Archive Lat": "", "Archive Lon": "", "Prom Lat": "51.8653705", "Prom Lon": "-2.2458192", "Estate Lat": "52.2005208", "Estate Lon": "-2.3948939", "Distance between estate and promulgation site": 38.669365478499998, "Distance between estate and archive": "" }, "geometry": { "type": "Point", "coordinates": [ -2.39, 52.2 ] } },
{ "type": "Feature", "properties": { "Location": "Little Witley", "Estate Lat (WIP)": "", "Estate Lon (WIP)": "", "Year of issue": "963", "Diplomas": "S 731", "Diploma authenticity (as in Notion)": "spurious", "Category of diploma authenticity (quadripartite simplification)": "spurious", "Beneficiary": "Worcester", "Beneficiary: commu or person": "community", "Beneficiary person: lay or ecclesiastic": "", "Diploma preserved at (archive)": "Worcester", "Num diplomas": "1", "Shire": "Worcestershire", "Promulgation site": "Gloucester", "Lat (comp.)": "52.2706289", "Lon (comp.)": "-2.3186977", "Predicted accuracy": "Shire match", "Notes": "", "Archive Lat": "", "Archive Lon": "", "Prom Lat": "51.8653705", "Prom Lon": "-2.2458192", "Estate Lat": "52.2706289", "Estate Lon": "-2.3186977", "Distance between estate and promulgation site": 45.368638027800003, "Distance between estate and archive": "" }, "geometry": { "type": "Point", "coordinates": [ -2.32, 52.27 ] } },
{ "type": "Feature", "properties": { "Location": "Mitton in Bredon", "Estate Lat (WIP)": "51.9970052757", "Estate Lon (WIP)": "-2.1519074039", "Year of issue": "963", "Diplomas": "S 731", "Diploma authenticity (as in Notion)": "spurious", "Category of diploma authenticity (quadripartite simplification)": "spurious", "Beneficiary": "Worcester", "Beneficiary: commu or person": "community", "Beneficiary person: lay or ecclesiastic": "", "Diploma preserved at (archive)": "Worcester", "Num diplomas": "1", "Shire": "Worcestershire", "Promulgation site": "Gloucester", "Lat (comp.)": "", "Lon (comp.)": "", "Predicted accuracy": "Not found", "Notes": "", "Archive Lat": "", "Archive Lon": "", "Prom Lat": "51.8653705", "Prom Lon": "-2.2458192", "Estate Lat": "51.9970052757", "Estate Lon": "-2.1519074039", "Distance between estate and promulgation site": 16.007660962700001, "Distance between estate and archive": "" }, "geometry": { "type": "Point", "coordinates": [ -2.15, 52.0 ] } },
{ "type": "Feature", "properties": { "Location": "Northwick in Blockley", "Estate Lat (WIP)": "", "Estate Lon (WIP)": "", "Year of issue": "963", "Diplomas": "S 731", "Diploma authenticity (as in Notion)": "spurious", "Category of diploma authenticity (quadripartite simplification)": "spurious", "Beneficiary": "Worcester", "Beneficiary: commu or person": "community", "Beneficiary person: lay or ecclesiastic": "", "Diploma preserved at (archive)": "Worcester", "Num diplomas": "1", "Shire": "Gloucestershire", "Promulgation site": "Gloucester", "Lat (comp.)": "52.0307948", "Lon (comp.)": "-1.7531593", "Predicted accuracy": "Shire match", "Notes": "", "Archive Lat": "", "Archive Lon": "", "Prom Lat": "51.8653705", "Prom Lon": "-2.2458192", "Estate Lat": "52.0307948", "Estate Lon": "-1.7531593", "Distance between estate and promulgation site": 38.551623886199998, "Distance between estate and archive": "" }, "geometry": { "type": "Point", "coordinates": [ -1.75, 52.03 ] } },
{ "type": "Feature", "properties": { "Location": "Overbury", "Estate Lat (WIP)": "", "Estate Lon (WIP)": "", "Year of issue": "963", "Diplomas": "S 731", "Diploma authenticity (as in Notion)": "spurious", "Category of diploma authenticity (quadripartite simplification)": "spurious", "Beneficiary": "Worcester", "Beneficiary: commu or person": "community", "Beneficiary person: lay or ecclesiastic": "", "Diploma preserved at (archive)": "Worcester", "Num diplomas": "1", "Shire": "Worcestershire", "Promulgation site": "Gloucester", "Lat (comp.)": "52.034755", "Lon (comp.)": "-2.0632074", "Predicted accuracy": "Shire match", "Notes": "", "Archive Lat": "", "Archive Lon": "", "Prom Lat": "51.8653705", "Prom Lon": "-2.2458192", "Estate Lat": "52.034755", "Estate Lon": "-2.0632074", "Distance between estate and promulgation site": 22.645937664600002, "Distance between estate and archive": "" }, "geometry": { "type": "Point", "coordinates": [ -2.06, 52.03 ] } },
{ "type": "Feature", "properties": { "Location": "Pendock", "Estate Lat (WIP)": "", "Estate Lon (WIP)": "", "Year of issue": "963", "Diplomas": "S 731", "Diploma authenticity (as in Notion)": "spurious", "Category of diploma authenticity (quadripartite simplification)": "spurious", "Beneficiary": "Worcester", "Beneficiary: commu or person": "community", "Beneficiary person: lay or ecclesiastic": "", "Diploma preserved at (archive)": "Worcester", "Num diplomas": "1", "Shire": "Worcestershire", "Promulgation site": "Gloucester", "Lat (comp.)": "51.9930493", "Lon (comp.)": "-2.3157651", "Predicted accuracy": "Shire match", "Notes": "", "Archive Lat": "", "Archive Lon": "", "Prom Lat": "51.8653705", "Prom Lon": "-2.2458192", "Estate Lat": "51.9930493", "Estate Lon": "-2.3157651", "Distance between estate and promulgation site": 14.998932892399999, "Distance between estate and archive": "" }, "geometry": { "type": "Point", "coordinates": [ -2.32, 51.99 ] } },
{ "type": "Feature", "properties": { "Location": "Sedgeberrow", "Estate Lat (WIP)": "", "Estate Lon (WIP)": "", "Year of issue": "963", "Diplomas": "S 731", "Diploma authenticity (as in Notion)": "spurious", "Category of diploma authenticity (quadripartite simplification)": "spurious", "Beneficiary": "Worcester", "Beneficiary: commu or person": "community", "Beneficiary person: lay or ecclesiastic": "", "Diploma preserved at (archive)": "Worcester", "Num diplomas": "1", "Shire": "Worcestershire", "Promulgation site": "Gloucester", "Lat (comp.)": "52.0452687", "Lon (comp.)": "-1.9684868", "Predicted accuracy": "Shire match", "Notes": "", "Archive Lat": "", "Archive Lon": "", "Prom Lat": "51.8653705", "Prom Lon": "-2.2458192", "Estate Lat": "52.0452687", "Estate Lon": "-1.9684868", "Distance between estate and promulgation site": 27.643457835900001, "Distance between estate and archive": "" }, "geometry": { "type": "Point", "coordinates": [ -1.97, 52.05 ] } },
{ "type": "Feature", "properties": { "Location": "Shipston-on-Stour", "Estate Lat (WIP)": "", "Estate Lon (WIP)": "", "Year of issue": "963", "Diplomas": "S 731", "Diploma authenticity (as in Notion)": "spurious", "Category of diploma authenticity (quadripartite simplification)": "spurious", "Beneficiary": "Worcester", "Beneficiary: commu or person": "community", "Beneficiary person: lay or ecclesiastic": "", "Diploma preserved at (archive)": "Worcester", "Num diplomas": "1", "Shire": "Warwickshire", "Promulgation site": "Gloucester", "Lat (comp.)": "52.0630181", "Lon (comp.)": "-1.6247264", "Predicted accuracy": "Shire match", "Notes": "", "Archive Lat": "", "Archive Lon": "", "Prom Lat": "51.8653705", "Prom Lon": "-2.2458192", "Estate Lat": "52.0630181", "Estate Lon": "-1.6247264", "Distance between estate and promulgation site": 48.020797643599998, "Distance between estate and archive": "" }, "geometry": { "type": "Point", "coordinates": [ -1.62, 52.06 ] } },
{ "type": "Feature", "properties": { "Location": "Teddington", "Estate Lat (WIP)": "", "Estate Lon (WIP)": "", "Year of issue": "963", "Diplomas": "S 731", "Diploma authenticity (as in Notion)": "spurious", "Category of diploma authenticity (quadripartite simplification)": "spurious", "Beneficiary": "Worcester", "Beneficiary: commu or person": "community", "Beneficiary person: lay or ecclesiastic": "", "Diploma preserved at (archive)": "Worcester", "Num diplomas": "1", "Shire": "Gloucestershire", "Promulgation site": "Gloucester", "Lat (comp.)": "51.9964573", "Lon (comp.)": "-2.0446998", "Predicted accuracy": "Shire match", "Notes": "", "Archive Lat": "", "Archive Lon": "", "Prom Lat": "51.8653705", "Prom Lon": "-2.2458192", "Estate Lat": "51.9964573", "Estate Lon": "-2.0446998", "Distance between estate and promulgation site": 20.102454137799999, "Distance between estate and archive": "" }, "geometry": { "type": "Point", "coordinates": [ -2.04, 52.0 ] } },
{ "type": "Feature", "properties": { "Location": "Tredington", "Estate Lat (WIP)": "", "Estate Lon (WIP)": "", "Year of issue": "963", "Diplomas": "S 731", "Diploma authenticity (as in Notion)": "spurious", "Category of diploma authenticity (quadripartite simplification)": "spurious", "Beneficiary": "Worcester", "Beneficiary: commu or person": "community", "Beneficiary person: lay or ecclesiastic": "", "Diploma preserved at (archive)": "Worcester", "Num diplomas": "1", "Shire": "Warwickshire", "Promulgation site": "Gloucester", "Lat (comp.)": "52.0902906", "Lon (comp.)": "-1.6254083", "Predicted accuracy": "Shire match", "Notes": "", "Archive Lat": "", "Archive Lon": "", "Prom Lat": "51.8653705", "Prom Lon": "-2.2458192", "Estate Lat": "52.0902906", "Estate Lon": "-1.6254083", "Distance between estate and promulgation site": 49.432479927899998, "Distance between estate and archive": "" }, "geometry": { "type": "Point", "coordinates": [ -1.63, 52.09 ] } },
{ "type": "Feature", "properties": { "Location": "Armingford", "Estate Lat (WIP)": "", "Estate Lon (WIP)": "", "Year of issue": "970", "Diplomas": "S 776", "Diploma authenticity (as in Notion)": "authentic", "Category of diploma authenticity (quadripartite simplification)": "authentic", "Beneficiary": "Æthelwold 1", "Beneficiary: commu or person": "person", "Beneficiary person: lay or ecclesiastic": "ecclesiastic", "Diploma preserved at (archive)": "Ely", "Num diplomas": "1", "Shire": "Cambridgeshire", "Promulgation site": "Woolmer", "Lat (comp.)": "52.0862689", "Lon (comp.)": "0.0284027", "Predicted accuracy": "Shire match", "Notes": "", "Archive Lat": "", "Archive Lon": "", "Prom Lat": "51.0937792", "Prom Lon": "-0.7481479", "Estate Lat": "52.0862689", "Estate Lon": "0.0284027", "Distance between estate and promulgation site": 122.8387376232, "Distance between estate and archive": "" }, "geometry": { "type": "Point", "coordinates": [ 0.03, 52.09 ] } },
{ "type": "Feature", "properties": { "Location": "Melbourn", "Estate Lat (WIP)": "", "Estate Lon (WIP)": "", "Year of issue": "970", "Diplomas": "S 776", "Diploma authenticity (as in Notion)": "authentic", "Category of diploma authenticity (quadripartite simplification)": "authentic", "Beneficiary": "Æthelwold 1", "Beneficiary: commu or person": "person", "Beneficiary person: lay or ecclesiastic": "ecclesiastic", "Diploma preserved at (archive)": "Ely", "Num diplomas": "1", "Shire": "Cambridgeshire", "Promulgation site": "Woolmer", "Lat (comp.)": "52.0817224", "Lon (comp.)": "0.0186616", "Predicted accuracy": "Shire match", "Notes": "", "Archive Lat": "", "Archive Lon": "", "Prom Lat": "51.0937792", "Prom Lon": "-0.7481479", "Estate Lat": "52.0817224", "Estate Lon": "0.0186616", "Distance between estate and promulgation site": 122.0900365807, "Distance between estate and archive": "" }, "geometry": { "type": "Point", "coordinates": [ 0.02, 52.08 ] } },
{ "type": "Feature", "properties": { "Location": "Ely", "Estate Lat (WIP)": "", "Estate Lon (WIP)": "", "Year of issue": "970", "Diplomas": "S 776", "Diploma authenticity (as in Notion)": "authentic", "Category of diploma authenticity (quadripartite simplification)": "authentic", "Beneficiary": "Æthelwold 1", "Beneficiary: commu or person": "person", "Beneficiary person: lay or ecclesiastic": "ecclesiastic", "Diploma preserved at (archive)": "Ely", "Num diplomas": "1", "Shire": "Cambridgeshire", "Promulgation site": "Woolmer", "Lat (comp.)": "52.3990199", "Lon (comp.)": "0.262039", "Predicted accuracy": "Shire match", "Notes": "", "Archive Lat": "", "Archive Lon": "", "Prom Lat": "51.0937792", "Prom Lon": "-0.7481479", "Estate Lat": "52.3990199", "Estate Lon": "0.262039", "Distance between estate and promulgation site": 161.1102782829, "Distance between estate and archive": "" }, "geometry": { "type": "Point", "coordinates": [ 0.26, 52.4 ] } },
{ "type": "Feature", "properties": { "Location": "Armingford", "Estate Lat (WIP)": "", "Estate Lon (WIP)": "", "Year of issue": "970", "Diplomas": "S 779", "Diploma authenticity (as in Notion)": "disputed (probably spurious)", "Category of diploma authenticity (quadripartite simplification)": "likely spurious", "Beneficiary": "Ely abbey", "Beneficiary: commu or person": "community", "Beneficiary person: lay or ecclesiastic": "", "Diploma preserved at (archive)": "Ely", "Num diplomas": "1", "Shire": "Cambridgeshire", "Promulgation site": "Woolmer", "Lat (comp.)": "52.0862689", "Lon (comp.)": "0.0284027", "Predicted accuracy": "Shire match", "Notes": "", "Archive Lat": "", "Archive Lon": "", "Prom Lat": "51.0937792", "Prom Lon": "-0.7481479", "Estate Lat": "52.0862689", "Estate Lon": "0.0284027", "Distance between estate and promulgation site": 122.8387376232, "Distance between estate and archive": "" }, "geometry": { "type": "Point", "coordinates": [ 0.03, 52.09 ] } },
{ "type": "Feature", "properties": { "Location": "Melbourn", "Estate Lat (WIP)": "", "Estate Lon (WIP)": "", "Year of issue": "970", "Diplomas": "S 779", "Diploma authenticity (as in Notion)": "disputed (probably spurious)", "Category of diploma authenticity (quadripartite simplification)": "likely spurious", "Beneficiary": "Ely abbey", "Beneficiary: commu or person": "community", "Beneficiary person: lay or ecclesiastic": "", "Diploma preserved at (archive)": "Ely", "Num diplomas": "1", "Shire": "Cambridgeshire", "Promulgation site": "Woolmer", "Lat (comp.)": "52.0817224", "Lon (comp.)": "0.0186616", "Predicted accuracy": "Shire match", "Notes": "", "Archive Lat": "", "Archive Lon": "", "Prom Lat": "51.0937792", "Prom Lon": "-0.7481479", "Estate Lat": "52.0817224", "Estate Lon": "0.0186616", "Distance between estate and promulgation site": 122.0900365807, "Distance between estate and archive": "" }, "geometry": { "type": "Point", "coordinates": [ 0.02, 52.08 ] } },
{ "type": "Feature", "properties": { "Location": "Northwold", "Estate Lat (WIP)": "", "Estate Lon (WIP)": "", "Year of issue": "970", "Diplomas": "S 779", "Diploma authenticity (as in Notion)": "disputed (probably spurious)", "Category of diploma authenticity (quadripartite simplification)": "likely spurious", "Beneficiary": "Ely abbey", "Beneficiary: commu or person": "community", "Beneficiary person: lay or ecclesiastic": "", "Diploma preserved at (archive)": "Ely", "Num diplomas": "1", "Shire": "Norfolk", "Promulgation site": "Woolmer", "Lat (comp.)": "52.5431885", "Lon (comp.)": "0.5773957", "Predicted accuracy": "Shire match", "Notes": "", "Archive Lat": "", "Archive Lon": "", "Prom Lat": "51.0937792", "Prom Lon": "-0.7481479", "Estate Lat": "52.5431885", "Estate Lon": "0.5773957", "Distance between estate and promulgation site": 185.36117680429999, "Distance between estate and archive": "" }, "geometry": { "type": "Point", "coordinates": [ 0.58, 52.54 ] } },
{ "type": "Feature", "properties": { "Location": "Aston in Wellington", "Estate Lat (WIP)": "52.7018888976", "Estate Lon (WIP)": "-2.5153326263", "Year of issue": "975", "Diplomas": "S 802", "Diploma authenticity (as in Notion)": "authentic", "Category of diploma authenticity (quadripartite simplification)": "authentic", "Beneficiary": "Ealhhelm 15", "Beneficiary: commu or person": "person", "Beneficiary person: lay or ecclesiastic": "lay", "Diploma preserved at (archive)": "Winchester, Old Minster", "Num diplomas": "1", "Shire": "Shropshire", "Promulgation site": "Glastonbury", "Lat (comp.)": "", "Lon (comp.)": "", "Predicted accuracy": "Not found", "Notes": "Centred on Wellington, Shropshire", "Archive Lat": "", "Archive Lon": "", "Prom Lat": "51.14804", "Prom Lon": "-2.716577", "Estate Lat": "52.7018888976", "Estate Lon": "-2.5153326263", "Distance between estate and promulgation site": 173.44361174919999, "Distance between estate and archive": "" }, "geometry": { "type": "Point", "coordinates": [ -2.52, 52.7 ] } },
{ "type": "Feature", "properties": { "Location": "Taunton", "Estate Lat (WIP)": "51.019", "Estate Lon (WIP)": "-3.1", "Year of issue": "968", "Diplomas": "S 806", "Diploma authenticity (as in Notion)": "disputed suspicious (and/or opinions vary)", "Category of diploma authenticity (quadripartite simplification)": "likely authentic", "Beneficiary": "Winchester, Old Minster", "Beneficiary: commu or person": "community", "Beneficiary person: lay or ecclesiastic": "", "Diploma preserved at (archive)": "Winchester, Old Minster", "Num diplomas": "1", "Shire": "Somerset", "Promulgation site": "Cheddar", "Lat (comp.)": "51.0147895", "Lon (comp.)": "-3.1029086", "Predicted accuracy": "Shire match", "Notes": "", "Archive Lat": "", "Archive Lon": "", "Prom Lat": "51.2753365", "Prom Lon": "-2.7766545", "Estate Lat": "51.019", "Estate Lon": "-3.1", "Distance between estate and promulgation site": 36.403302575399998, "Distance between estate and archive": "" }, "geometry": { "type": "Point", "coordinates": [ -3.1, 51.02 ] } },
{ "type": "Feature", "properties": { "Location": "Hypeles eald land (Treable in Cheriton Bishop)", "Estate Lat (WIP)": "50.7219418768", "Estate Lon (WIP)": "-3.8148649601", "Year of issue": "976", "Diplomas": "S 830", "Diploma authenticity (as in Notion)": "probably authentic", "Category of diploma authenticity (quadripartite simplification)": "likely authentic", "Beneficiary": "Ælfsige 71", "Beneficiary: commu or person": "person", "Beneficiary person: lay or ecclesiastic": "lay", "Diploma preserved at (archive)": "Exter, Crediton", "Num diplomas": "1", "Shire": "Devonshire", "Promulgation site": "Puddletown", "Lat (comp.)": "", "Lon (comp.)": "", "Predicted accuracy": "Not found", "Notes": "Quite unsure, placed at the end of Treable Lane. Diploma exists in two copies, therefore two archives", "Archive Lat": "", "Archive Lon": "", "Prom Lat": "50.7489205", "Prom Lon": "-2.3468411", "Estate Lat": "50.7219418768", "Estate Lon": "-3.8148649601", "Distance between estate and promulgation site": 103.6785608796, "Distance between estate and archive": "" }, "geometry": { "type": "Point", "coordinates": [ -3.81, 50.72 ] } },
{ "type": "Feature", "properties": { "Location": "Brabourne", "Estate Lat (WIP)": "", "Estate Lon (WIP)": "", "Year of issue": "996", "Diplomas": "S 877", "Diploma authenticity (as in Notion)": "authentic", "Category of diploma authenticity (quadripartite simplification)": "authentic", "Beneficiary": "Ælfthryth 8", "Beneficiary: commu or person": "person", "Beneficiary person: lay or ecclesiastic": "lay", "Diploma preserved at (archive)": "Winchester, New Minster", "Num diplomas": "1", "Shire": "Kent", "Promulgation site": "London", "Lat (comp.)": "51.1390871", "Lon (comp.)": "0.9804239", "Predicted accuracy": "Shire match", "Notes": "", "Archive Lat": "", "Archive Lon": "", "Prom Lat": "51.5140003762", "Prom Lon": "-0.0981885391", "Estate Lat": "51.1390871", "Estate Lon": "0.9804239", "Distance between estate and promulgation site": 85.977406346600006, "Distance between estate and archive": "" }, "geometry": { "type": "Point", "coordinates": [ 0.98, 51.14 ] } },
{ "type": "Feature", "properties": { "Location": "Chalk", "Estate Lat (WIP)": "", "Estate Lon (WIP)": "", "Year of issue": "996", "Diplomas": "S 877", "Diploma authenticity (as in Notion)": "authentic", "Category of diploma authenticity (quadripartite simplification)": "authentic", "Beneficiary": "Ælfthryth 8", "Beneficiary: commu or person": "person", "Beneficiary person: lay or ecclesiastic": "lay", "Diploma preserved at (archive)": "Winchester, New Minster", "Num diplomas": "1", "Shire": "Kent", "Promulgation site": "London", "Lat (comp.)": "51.4321057", "Lon (comp.)": "0.3993639", "Predicted accuracy": "Shire match", "Notes": "", "Archive Lat": "", "Archive Lon": "", "Prom Lat": "51.5140003762", "Prom Lon": "-0.0981885391", "Estate Lat": "51.4321057", "Estate Lon": "0.3993639", "Distance between estate and promulgation site": 35.751122013299998, "Distance between estate and archive": "" }, "geometry": { "type": "Point", "coordinates": [ 0.4, 51.43 ] } },
{ "type": "Feature", "properties": { "Location": "Evegate", "Estate Lat (WIP)": "", "Estate Lon (WIP)": "", "Year of issue": "996", "Diplomas": "S 877", "Diploma authenticity (as in Notion)": "authentic", "Category of diploma authenticity (quadripartite simplification)": "authentic", "Beneficiary": "Ælfthryth 8", "Beneficiary: commu or person": "person", "Beneficiary person: lay or ecclesiastic": "lay", "Diploma preserved at (archive)": "Winchester, New Minster", "Num diplomas": "1", "Shire": "Kent", "Promulgation site": "London", "Lat (comp.)": "51.1133754", "Lon (comp.)": "0.9541013", "Predicted accuracy": "Shire match", "Notes": "", "Archive Lat": "", "Archive Lon": "", "Prom Lat": "51.5140003762", "Prom Lon": "-0.0981885391", "Estate Lat": "51.1133754", "Estate Lon": "0.9541013", "Distance between estate and promulgation site": 85.845229262199993, "Distance between estate and archive": "" }, "geometry": { "type": "Point", "coordinates": [ 0.95, 51.11 ] } },
{ "type": "Feature", "properties": { "Location": "Nackington", "Estate Lat (WIP)": "", "Estate Lon (WIP)": "", "Year of issue": "996", "Diplomas": "S 877", "Diploma authenticity (as in Notion)": "authentic", "Category of diploma authenticity (quadripartite simplification)": "authentic", "Beneficiary": "Ælfthryth 8", "Beneficiary: commu or person": "person", "Beneficiary person: lay or ecclesiastic": "lay", "Diploma preserved at (archive)": "Winchester, New Minster", "Num diplomas": "1", "Shire": "Kent", "Promulgation site": "London", "Lat (comp.)": "51.2495575", "Lon (comp.)": "1.0896208", "Predicted accuracy": "Shire match", "Notes": "", "Archive Lat": "", "Archive Lon": "", "Prom Lat": "51.5140003762", "Prom Lon": "-0.0981885391", "Estate Lat": "51.2495575", "Estate Lon": "1.0896208", "Distance between estate and promulgation site": 87.771730902100003, "Distance between estate and archive": "" }, "geometry": { "type": "Point", "coordinates": [ 1.09, 51.25 ] } },
{ "type": "Feature", "properties": { "Location": "Littlebrook", "Estate Lat (WIP)": "51.461985", "Estate Lon (WIP)": "0.24135025", "Year of issue": "995", "Diplomas": "S 885", "Diploma authenticity (as in Notion)": "authentic", "Category of diploma authenticity (quadripartite simplification)": "authentic", "Beneficiary": "Rochester cathedral", "Beneficiary: commu or person": "community", "Beneficiary person: lay or ecclesiastic": "", "Diploma preserved at (archive)": "Rochester", "Num diplomas": "1", "Shire": "Kent", "Promulgation site": "Amesbury", "Lat (comp.)": "51.3609716", "Lon (comp.)": "1.0658995", "Predicted accuracy": "Shire match", "Notes": "", "Archive Lat": "", "Archive Lon": "", "Prom Lat": "51.1706875", "Prom Lon": "-1.7706128", "Estate Lat": "51.461985", "Estate Lon": "0.24135025", "Distance between estate and promulgation site": 143.9625333756, "Distance between estate and archive": "" }, "geometry": { "type": "Point", "coordinates": [ 0.24, 51.46 ] } },
{ "type": "Feature", "properties": { "Location": "Wouldham", "Estate Lat (WIP)": "51.34964", "Estate Lon (WIP)": "0.45836", "Year of issue": "995", "Diplomas": "S 885", "Diploma authenticity (as in Notion)": "authentic", "Category of diploma authenticity (quadripartite simplification)": "authentic", "Beneficiary": "Rochester cathedral", "Beneficiary: commu or person": "community", "Beneficiary person: lay or ecclesiastic": "", "Diploma preserved at (archive)": "Rochester", "Num diplomas": "1", "Shire": "Kent", "Promulgation site": "Amesbury", "Lat (comp.)": "51.3529009", "Lon (comp.)": "0.474945", "Predicted accuracy": "Shire match", "Notes": "", "Archive Lat": "", "Archive Lon": "", "Prom Lat": "51.1706875", "Prom Lon": "-1.7706128", "Estate Lat": "51.34964", "Estate Lon": "0.45836", "Distance between estate and promulgation site": 156.85435466519999, "Distance between estate and archive": "" }, "geometry": { "type": "Point", "coordinates": [ 0.46, 51.35 ] } },
{ "type": "Feature", "properties": { "Location": "Downton", "Estate Lat (WIP)": "50.993", "Estate Lon (WIP)": "-1.743", "Year of issue": "997", "Diplomas": "S 891", "Diploma authenticity (as in Notion)": "authentic", "Category of diploma authenticity (quadripartite simplification)": "authentic", "Beneficiary": "Winchester, Old Minster", "Beneficiary: commu or person": "community", "Beneficiary person: lay or ecclesiastic": "", "Diploma preserved at (archive)": "Winchester, Old Minster", "Num diplomas": "1", "Shire": "Wiltshire", "Promulgation site": "Wantage", "Lat (comp.)": "50.9927562", "Lon (comp.)": "-1.7517519", "Predicted accuracy": "Shire match", "Notes": "", "Archive Lat": "", "Archive Lon": "", "Prom Lat": "51.5899472596", "Prom Lon": "-1.4242443699", "Estate Lat": "50.993", "Estate Lon": "-1.743", "Distance between estate and promulgation site": 70.035932714799998, "Distance between estate and archive": "" }, "geometry": { "type": "Point", "coordinates": [ -1.74, 50.99 ] } },
{ "type": "Feature", "properties": { "Location": "Ebbesborne", "Estate Lat (WIP)": "51.017", "Estate Lon (WIP)": "-2.013", "Year of issue": "997", "Diplomas": "S 891", "Diploma authenticity (as in Notion)": "authentic", "Category of diploma authenticity (quadripartite simplification)": "authentic", "Beneficiary": "Winchester, Old Minster", "Beneficiary: commu or person": "community", "Beneficiary person: lay or ecclesiastic": "", "Diploma preserved at (archive)": "Winchester, Old Minster", "Num diplomas": "1", "Shire": "Wiltshire", "Promulgation site": "Wantage", "Lat (comp.)": "51.0074719", "Lon (comp.)": "-2.0135706", "Predicted accuracy": "Shire match", "Notes": "", "Archive Lat": "", "Archive Lon": "", "Prom Lat": "51.5899472596", "Prom Lon": "-1.4242443699", "Estate Lat": "51.017", "Estate Lon": "-2.013", "Distance between estate and promulgation site": 75.8214625313, "Distance between estate and archive": "" }, "geometry": { "type": "Point", "coordinates": [ -2.01, 51.02 ] } },
{ "type": "Feature", "properties": { "Location": "Downton", "Estate Lat (WIP)": "50.993", "Estate Lon (WIP)": "-1.743", "Year of issue": "1051", "Diplomas": "S 891", "Diploma authenticity (as in Notion)": "authentic", "Category of diploma authenticity (quadripartite simplification)": "authentic", "Beneficiary": "Winchester, Old Minster", "Beneficiary: commu or person": "community", "Beneficiary person: lay or ecclesiastic": "", "Diploma preserved at (archive)": "Winchester, Old Minster", "Num diplomas": "1", "Shire": "Wiltshire", "Promulgation site": "Calne", "Lat (comp.)": "50.9927562", "Lon (comp.)": "-1.7517519", "Predicted accuracy": "Shire match", "Notes": "", "Archive Lat": "", "Archive Lon": "", "Prom Lat": "51.4400078008", "Prom Lon": "-2.0034038941", "Estate Lat": "50.993", "Estate Lon": "-1.743", "Distance between estate and promulgation site": 52.954452440799997, "Distance between estate and archive": "" }, "geometry": { "type": "Point", "coordinates": [ -1.74, 50.99 ] } },
{ "type": "Feature", "properties": { "Location": "Ebbesborne", "Estate Lat (WIP)": "51.017", "Estate Lon (WIP)": "-2.013", "Year of issue": "1051", "Diplomas": "S 891", "Diploma authenticity (as in Notion)": "authentic", "Category of diploma authenticity (quadripartite simplification)": "authentic", "Beneficiary": "Winchester, Old Minster", "Beneficiary: commu or person": "community", "Beneficiary person: lay or ecclesiastic": "", "Diploma preserved at (archive)": "Winchester, Old Minster", "Num diplomas": "1", "Shire": "Wiltshire", "Promulgation site": "Calne", "Lat (comp.)": "51.0074719", "Lon (comp.)": "-2.0135706", "Predicted accuracy": "Shire match", "Notes": "", "Archive Lat": "", "Archive Lon": "", "Prom Lat": "51.4400078008", "Prom Lon": "-2.0034038941", "Estate Lat": "51.017", "Estate Lon": "-2.013", "Distance between estate and promulgation site": 47.06551129, "Distance between estate and archive": "" }, "geometry": { "type": "Point", "coordinates": [ -2.01, 51.02 ] } },
{ "type": "Feature", "properties": { "Location": "Cowley Peachey", "Estate Lat (WIP)": "51.5209716609", "Estate Lon (WIP)": "-0.4806586952", "Year of issue": "998", "Diplomas": "S 894", "Diploma authenticity (as in Notion)": "spurious (based on other document)", "Category of diploma authenticity (quadripartite simplification)": "likely spurious", "Beneficiary": "Westminster abbey", "Beneficiary: commu or person": "community", "Beneficiary person: lay or ecclesiastic": "", "Diploma preserved at (archive)": "Westminster", "Num diplomas": "1", "Shire": "Middlesex", "Promulgation site": "Westminster", "Lat (comp.)": "", "Lon (comp.)": "", "Predicted accuracy": "Not found", "Notes": "", "Archive Lat": "", "Archive Lon": "", "Prom Lat": "51.5004439", "Prom Lon": "-0.1265398", "Estate Lat": "51.5209716609", "Estate Lon": "-0.4806586952", "Distance between estate and promulgation site": 24.690269127299999, "Distance between estate and archive": "" }, "geometry": { "type": "Point", "coordinates": [ -0.48, 51.52 ] } },
{ "type": "Feature", "properties": { "Location": "Hampstead", "Estate Lat (WIP)": "51.5555124108", "Estate Lon (WIP)": "-0.1807001213", "Year of issue": "998", "Diplomas": "S 894", "Diploma authenticity (as in Notion)": "spurious (based on other document)", "Category of diploma authenticity (quadripartite simplification)": "likely spurious", "Beneficiary": "Westminster abbey", "Beneficiary: commu or person": "community", "Beneficiary person: lay or ecclesiastic": "", "Diploma preserved at (archive)": "Westminster", "Num diplomas": "1", "Shire": "Middlesex", "Promulgation site": "Westminster", "Lat (comp.)": "", "Lon (comp.)": "", "Predicted accuracy": "Not found", "Notes": "", "Archive Lat": "", "Archive Lon": "", "Prom Lat": "51.5004439", "Prom Lon": "-0.1265398", "Estate Lat": "51.5555124108", "Estate Lon": "-0.1807001213", "Distance between estate and promulgation site": 7.1878561496, "Distance between estate and archive": "" }, "geometry": { "type": "Point", "coordinates": [ -0.18, 51.56 ] } },
{ "type": "Feature", "properties": { "Location": "Hanwell", "Estate Lat (WIP)": "51.5086501373", "Estate Lon (WIP)": "-0.3374178821", "Year of issue": "998", "Diplomas": "S 894", "Diploma authenticity (as in Notion)": "spurious (based on other document)", "Category of diploma authenticity (quadripartite simplification)": "likely spurious", "Beneficiary": "Westminster abbey", "Beneficiary: commu or person": "community", "Beneficiary person: lay or ecclesiastic": "", "Diploma preserved at (archive)": "Westminster", "Num diplomas": "1", "Shire": "Hertfordshire", "Promulgation site": "Westminster", "Lat (comp.)": "", "Lon (comp.)": "", "Predicted accuracy": "Not found", "Notes": "Now in London, not found in Hertfordshire", "Archive Lat": "", "Archive Lon": "", "Prom Lat": "51.5004439", "Prom Lon": "-0.1265398", "Estate Lat": "51.5086501373", "Estate Lon": "-0.3374178821", "Distance between estate and promulgation site": 14.6704585135, "Distance between estate and archive": "" }, "geometry": { "type": "Point", "coordinates": [ -0.34, 51.51 ] } },
{ "type": "Feature", "properties": { "Location": "Hendon", "Estate Lat (WIP)": "51.5847277585", "Estate Lon (WIP)": "-0.228208807", "Year of issue": "998", "Diplomas": "S 894", "Diploma authenticity (as in Notion)": "spurious (based on other document)", "Category of diploma authenticity (quadripartite simplification)": "likely spurious", "Beneficiary": "Westminster abbey", "Beneficiary: commu or person": "community", "Beneficiary person: lay or ecclesiastic": "", "Diploma preserved at (archive)": "Westminster", "Num diplomas": "1", "Shire": "Middlesex", "Promulgation site": "Westminster", "Lat (comp.)": "", "Lon (comp.)": "", "Predicted accuracy": "Not found", "Notes": "", "Archive Lat": "", "Archive Lon": "", "Prom Lat": "51.5004439", "Prom Lon": "-0.1265398", "Estate Lat": "51.5847277585", "Estate Lon": "-0.228208807", "Distance between estate and promulgation site": 11.7338751849, "Distance between estate and archive": "" }, "geometry": { "type": "Point", "coordinates": [ -0.23, 51.58 ] } },
{ "type": "Feature", "properties": { "Location": "Lothereslege (lost, in Hendon)", "Estate Lat (WIP)": "51.5847277585", "Estate Lon (WIP)": "-0.228208807", "Year of issue": "998", "Diplomas": "S 894", "Diploma authenticity (as in Notion)": "spurious (based on other document)", "Category of diploma authenticity (quadripartite simplification)": "likely spurious", "Beneficiary": "Westminster abbey", "Beneficiary: commu or person": "community", "Beneficiary person: lay or ecclesiastic": "", "Diploma preserved at (archive)": "Westminster", "Num diplomas": "1", "Shire": "Middlesex", "Promulgation site": "Westminster", "Lat (comp.)": "", "Lon (comp.)": "", "Predicted accuracy": "Not found", "Notes": "Based on Hendon", "Archive Lat": "", "Archive Lon": "", "Prom Lat": "51.5004439", "Prom Lon": "-0.1265398", "Estate Lat": "51.5847277585", "Estate Lon": "-0.228208807", "Distance between estate and promulgation site": 11.7338751849, "Distance between estate and archive": "" }, "geometry": { "type": "Point", "coordinates": [ -0.23, 51.58 ] } },
{ "type": "Feature", "properties": { "Location": "Paddington", "Estate Lat (WIP)": "51.5173388056", "Estate Lon (WIP)": "-0.1745652543", "Year of issue": "998", "Diplomas": "S 894", "Diploma authenticity (as in Notion)": "spurious (based on other document)", "Category of diploma authenticity (quadripartite simplification)": "likely spurious", "Beneficiary": "Westminster abbey", "Beneficiary: commu or person": "community", "Beneficiary person: lay or ecclesiastic": "", "Diploma preserved at (archive)": "Westminster", "Num diplomas": "1", "Shire": "Middlesex", "Promulgation site": "Westminster", "Lat (comp.)": "", "Lon (comp.)": "", "Predicted accuracy": "Not found", "Notes": "", "Archive Lat": "", "Archive Lon": "", "Prom Lat": "51.5004439", "Prom Lon": "-0.1265398", "Estate Lat": "51.5173388056", "Estate Lon": "-0.1745652543", "Distance between estate and promulgation site": 3.8276048714000002, "Distance between estate and archive": "" }, "geometry": { "type": "Point", "coordinates": [ -0.17, 51.52 ] } },
{ "type": "Feature", "properties": { "Location": "Shepperton", "Estate Lat (WIP)": "51.3958628573", "Estate Lon (WIP)": "-0.4486578817", "Year of issue": "998", "Diplomas": "S 894", "Diploma authenticity (as in Notion)": "spurious (based on other document)", "Category of diploma authenticity (quadripartite simplification)": "likely spurious", "Beneficiary": "Westminster abbey", "Beneficiary: commu or person": "community", "Beneficiary person: lay or ecclesiastic": "", "Diploma preserved at (archive)": "Westminster", "Num diplomas": "1", "Shire": "Middlesex", "Promulgation site": "Westminster", "Lat (comp.)": "", "Lon (comp.)": "", "Predicted accuracy": "Not found", "Notes": "", "Archive Lat": "", "Archive Lon": "", "Prom Lat": "51.5004439", "Prom Lon": "-0.1265398", "Estate Lat": "51.3958628573", "Estate Lon": "-0.4486578817", "Distance between estate and promulgation site": 25.235788593700001, "Distance between estate and archive": "" }, "geometry": { "type": "Point", "coordinates": [ -0.45, 51.4 ] } },
{ "type": "Feature", "properties": { "Location": "Sullington", "Estate Lat (WIP)": "", "Estate Lon (WIP)": "", "Year of issue": "998", "Diplomas": "S 894", "Diploma authenticity (as in Notion)": "spurious (based on other document)", "Category of diploma authenticity (quadripartite simplification)": "likely spurious", "Beneficiary": "Westminster abbey", "Beneficiary: commu or person": "community", "Beneficiary person: lay or ecclesiastic": "", "Diploma preserved at (archive)": "Westminster", "Num diplomas": "1", "Shire": "Sussex", "Promulgation site": "Westminster", "Lat (comp.)": "50.9073361", "Lon (comp.)": "-0.4380748", "Predicted accuracy": "Shire match", "Notes": "", "Archive Lat": "", "Archive Lon": "", "Prom Lat": "51.5004439", "Prom Lon": "-0.1265398", "Estate Lat": "50.9073361", "Estate Lon": "-0.4380748", "Distance between estate and promulgation site": 69.483808317300003, "Distance between estate and archive": "" }, "geometry": { "type": "Point", "coordinates": [ -0.44, 50.91 ] } },
{ "type": "Feature", "properties": { "Location": "Westminster (town)", "Estate Lat (WIP)": "51.4977204626", "Estate Lon (WIP)": "-0.1351907105", "Year of issue": "998", "Diplomas": "S 894", "Diploma authenticity (as in Notion)": "spurious (based on other document)", "Category of diploma authenticity (quadripartite simplification)": "likely spurious", "Beneficiary": "Westminster abbey", "Beneficiary: commu or person": "community", "Beneficiary person: lay or ecclesiastic": "", "Diploma preserved at (archive)": "Westminster", "Num diplomas": "1", "Shire": "Middlesex", "Promulgation site": "Westminster", "Lat (comp.)": "", "Lon (comp.)": "", "Predicted accuracy": "Not found", "Notes": "", "Archive Lat": "", "Archive Lon": "", "Prom Lat": "51.5004439", "Prom Lon": "-0.1265398", "Estate Lat": "51.4977204626", "Estate Lon": "-0.1351907105", "Distance between estate and promulgation site": 0.6728259017, "Distance between estate and archive": "" }, "geometry": { "type": "Point", "coordinates": [ -0.14, 51.5 ] } },
{ "type": "Feature", "properties": { "Location": "Brickendon", "Estate Lat (WIP)": "", "Estate Lon (WIP)": "", "Year of issue": "998", "Diplomas": "S 894", "Diploma authenticity (as in Notion)": "spurious (based on other document)", "Category of diploma authenticity (quadripartite simplification)": "likely spurious", "Beneficiary": "Westminster abbey", "Beneficiary: commu or person": "community", "Beneficiary person: lay or ecclesiastic": "", "Diploma preserved at (archive)": "Westminster", "Num diplomas": "1", "Shire": "Hertfordshire", "Promulgation site": "Westminster", "Lat (comp.)": "51.7553812", "Lon (comp.)": "-0.0849622", "Predicted accuracy": "Shire match", "Notes": "", "Archive Lat": "", "Archive Lon": "", "Prom Lat": "51.5004439", "Prom Lon": "-0.1265398", "Estate Lat": "51.7553812", "Estate Lon": "-0.0849622", "Distance between estate and promulgation site": 28.5101357255, "Distance between estate and archive": "" }, "geometry": { "type": "Point", "coordinates": [ -0.08, 51.76 ] } },
{ "type": "Feature", "properties": { "Location": "Cowley", "Estate Lat (WIP)": "", "Estate Lon (WIP)": "", "Year of issue": "1004", "Diplomas": "S 909", "Diploma authenticity (as in Notion)": "fundamentally authentic", "Category of diploma authenticity (quadripartite simplification)": "likely authentic", "Beneficiary": "Oxford, St Frideswide's", "Beneficiary: commu or person": "community", "Beneficiary person: lay or ecclesiastic": "", "Diploma preserved at (archive)": "Oxford, St Frideswide's", "Num diplomas": "1", "Shire": "Oxfordshire", "Promulgation site": "Headington", "Lat (comp.)": "51.7313447", "Lon (comp.)": "-1.2175301", "Predicted accuracy": "Shire match", "Notes": "", "Archive Lat": "", "Archive Lon": "", "Prom Lat": "51.7601673", "Prom Lon": "-1.2109282", "Estate Lat": "51.7313447", "Estate Lon": "-1.2175301", "Distance between estate and promulgation site": 3.2391288395000002, "Distance between estate and archive": "" }, "geometry": { "type": "Point", "coordinates": [ -1.22, 51.73 ] } },
{ "type": "Feature", "properties": { "Location": "Cutslow", "Estate Lat (WIP)": "51.7897630093", "Estate Lon (WIP)": "-1.2662969476", "Year of issue": "1004", "Diplomas": "S 909", "Diploma authenticity (as in Notion)": "fundamentally authentic", "Category of diploma authenticity (quadripartite simplification)": "likely authentic", "Beneficiary": "Oxford, St Frideswide's", "Beneficiary: commu or person": "community", "Beneficiary person: lay or ecclesiastic": "", "Diploma preserved at (archive)": "Oxford, St Frideswide's", "Num diplomas": "1", "Shire": "Oxfordshire", "Promulgation site": "Headington", "Lat (comp.)": "", "Lon (comp.)": "", "Predicted accuracy": "Not found", "Notes": "I have used Cutteslowe", "Archive Lat": "", "Archive Lon": "", "Prom Lat": "51.7601673", "Prom Lon": "-1.2109282", "Estate Lat": "51.7897630093", "Estate Lon": "-1.2662969476", "Distance between estate and promulgation site": 5.044629444, "Distance between estate and archive": "" }, "geometry": { "type": "Point", "coordinates": [ -1.27, 51.79 ] } },
{ "type": "Feature", "properties": { "Location": "Headington", "Estate Lat (WIP)": "", "Estate Lon (WIP)": "", "Year of issue": "1004", "Diplomas": "S 909", "Diploma authenticity (as in Notion)": "fundamentally authentic", "Category of diploma authenticity (quadripartite simplification)": "likely authentic", "Beneficiary": "Oxford, St Frideswide's", "Beneficiary: commu or person": "community", "Beneficiary person: lay or ecclesiastic": "", "Diploma preserved at (archive)": "Oxford, St Frideswide's", "Num diplomas": "1", "Shire": "Oxfordshire", "Promulgation site": "Headington", "Lat (comp.)": "51.7601673", "Lon (comp.)": "-1.2109282", "Predicted accuracy": "Shire match", "Notes": "", "Archive Lat": "", "Archive Lon": "", "Prom Lat": "51.7601673", "Prom Lon": "-1.2109282", "Estate Lat": "51.7601673", "Estate Lon": "-1.2109282", "Distance between estate and promulgation site": 0.0, "Distance between estate and archive": "" }, "geometry": { "type": "Point", "coordinates": [ -1.21, 51.76 ] } },
{ "type": "Feature", "properties": { "Location": "Upper Winchendon", "Estate Lat (WIP)": "", "Estate Lon (WIP)": "", "Year of issue": "1004", "Diplomas": "S 909", "Diploma authenticity (as in Notion)": "fundamentally authentic", "Category of diploma authenticity (quadripartite simplification)": "likely authentic", "Beneficiary": "Oxford, St Frideswide's", "Beneficiary: commu or person": "community", "Beneficiary person: lay or ecclesiastic": "", "Diploma preserved at (archive)": "Oxford, St Frideswide's", "Num diplomas": "1", "Shire": "Buckinghamshire", "Promulgation site": "Headington", "Lat (comp.)": "51.8182405", "Lon (comp.)": "-0.9260746", "Predicted accuracy": "Shire match", "Notes": "", "Archive Lat": "", "Archive Lon": "", "Prom Lat": "51.7601673", "Prom Lon": "-1.2109282", "Estate Lat": "51.8182405", "Estate Lon": "-0.9260746", "Distance between estate and promulgation site": 20.6897487916, "Distance between estate and archive": "" }, "geometry": { "type": "Point", "coordinates": [ -0.93, 51.82 ] } },
{ "type": "Feature", "properties": { "Location": "Whitehill in Tackley", "Estate Lat (WIP)": "51.8658905926", "Estate Lon (WIP)": "-1.3092044858", "Year of issue": "1004", "Diplomas": "S 909", "Diploma authenticity (as in Notion)": "fundamentally authentic", "Category of diploma authenticity (quadripartite simplification)": "likely authentic", "Beneficiary": "Oxford, St Frideswide's", "Beneficiary: commu or person": "community", "Beneficiary person: lay or ecclesiastic": "", "Diploma preserved at (archive)": "Oxford, St Frideswide's", "Num diplomas": "1", "Shire": "Oxfordshire", "Promulgation site": "Headington", "Lat (comp.)": "", "Lon (comp.)": "", "Predicted accuracy": "Not found", "Notes": "", "Archive Lat": "", "Archive Lon": "", "Prom Lat": "51.7601673", "Prom Lon": "-1.2109282", "Estate Lat": "51.8658905926", "Estate Lon": "-1.3092044858", "Distance between estate and promulgation site": 13.575962271, "Distance between estate and archive": "" }, "geometry": { "type": "Point", "coordinates": [ -1.31, 51.87 ] } },
{ "type": "Feature", "properties": { "Location": "Waltham St Lawrence", "Estate Lat (WIP)": "51.48333333", "Estate Lon (WIP)": "-0.805", "Year of issue": "1007", "Diplomas": "S 915", "Diploma authenticity (as in Notion)": "authentic", "Category of diploma authenticity (quadripartite simplification)": "authentic", "Beneficiary": "Ælfgar 32", "Beneficiary: commu or person": "person", "Beneficiary person: lay or ecclesiastic": "lay", "Diploma preserved at (archive)": "Abingdon", "Num diplomas": "1", "Shire": "Berkshire", "Promulgation site": "Beorchore", "Lat (comp.)": "51.4833379", "Lon (comp.)": "-0.8067539", "Predicted accuracy": "No shire match", "Notes": "", "Archive Lat": "", "Archive Lon": "", "Prom Lat": "51.6948740026", "Prom Lon": "-2.4573697442", "Estate Lat": "51.48333333", "Estate Lon": "-0.805", "Distance between estate and promulgation site": 116.9083323393, "Distance between estate and archive": "" }, "geometry": { "type": "Point", "coordinates": [ -0.81, 51.48 ] } },
{ "type": "Feature", "properties": { "Location": "Bedwyn", "Estate Lat (WIP)": "", "Estate Lon (WIP)": "", "Year of issue": "999", "Diplomas": "S 937", "Diploma authenticity (as in Notion)": "probably authentic", "Category of diploma authenticity (quadripartite simplification)": "likely authentic", "Beneficiary": "Abingdon abbey", "Beneficiary: commu or person": "community", "Beneficiary person: lay or ecclesiastic": "", "Diploma preserved at (archive)": "Abingdon", "Num diplomas": "1", "Shire": "Wiltshire", "Promulgation site": "Cirencester", "Lat (comp.)": "51.379545", "Lon (comp.)": "-1.5988642", "Predicted accuracy": "Shire match", "Notes": "", "Archive Lat": "", "Archive Lon": "", "Prom Lat": "51.7171029", "Prom Lon": "-1.9661616", "Estate Lat": "51.379545", "Estate Lon": "-1.5988642", "Distance between estate and promulgation site": 45.382894272400002, "Distance between estate and archive": "" }, "geometry": { "type": "Point", "coordinates": [ -1.6, 51.38 ] } },
{ "type": "Feature", "properties": { "Location": "Burbage", "Estate Lat (WIP)": "", "Estate Lon (WIP)": "", "Year of issue": "999", "Diplomas": "S 937", "Diploma authenticity (as in Notion)": "probably authentic", "Category of diploma authenticity (quadripartite simplification)": "likely authentic", "Beneficiary": "Abingdon abbey", "Beneficiary: commu or person": "community", "Beneficiary person: lay or ecclesiastic": "", "Diploma preserved at (archive)": "Abingdon", "Num diplomas": "1", "Shire": "Wiltshire", "Promulgation site": "Cirencester", "Lat (comp.)": "51.3548751", "Lon (comp.)": "-1.6633806", "Predicted accuracy": "Shire match", "Notes": "", "Archive Lat": "", "Archive Lon": "", "Prom Lat": "51.7171029", "Prom Lon": "-1.9661616", "Estate Lat": "51.3548751", "Estate Lon": "-1.6633806", "Distance between estate and promulgation site": 45.448008167399998, "Distance between estate and archive": "" }, "geometry": { "type": "Point", "coordinates": [ -1.66, 51.35 ] } },
{ "type": "Feature", "properties": { "Location": "Farnborough", "Estate Lat (WIP)": "", "Estate Lon (WIP)": "", "Year of issue": "999", "Diplomas": "S 937", "Diploma authenticity (as in Notion)": "probably authentic", "Category of diploma authenticity (quadripartite simplification)": "likely authentic", "Beneficiary": "Abingdon abbey", "Beneficiary: commu or person": "community", "Beneficiary person: lay or ecclesiastic": "", "Diploma preserved at (archive)": "Abingdon", "Num diplomas": "1", "Shire": "Warwickshire", "Promulgation site": "Cirencester", "Lat (comp.)": "52.1436011", "Lon (comp.)": "-1.3683355", "Predicted accuracy": "Shire match", "Notes": "", "Archive Lat": "", "Archive Lon": "", "Prom Lat": "51.7171029", "Prom Lon": "-1.9661616", "Estate Lat": "52.1436011", "Estate Lon": "-1.3683355", "Distance between estate and promulgation site": 62.792130445300003, "Distance between estate and archive": "" }, "geometry": { "type": "Point", "coordinates": [ -1.37, 52.14 ] } },
{ "type": "Feature", "properties": { "Location": "Hurstbourne (Tarrant)", "Estate Lat (WIP)": "", "Estate Lon (WIP)": "", "Year of issue": "999", "Diplomas": "S 937", "Diploma authenticity (as in Notion)": "probably authentic", "Category of diploma authenticity (quadripartite simplification)": "likely authentic", "Beneficiary": "Abingdon abbey", "Beneficiary: commu or person": "community", "Beneficiary person: lay or ecclesiastic": "", "Diploma preserved at (archive)": "Abingdon", "Num diplomas": "1", "Shire": "Hampshire", "Promulgation site": "Cirencester", "Lat (comp.)": "51.2816791", "Lon (comp.)": "-1.451908", "Predicted accuracy": "Shire match", "Notes": "", "Archive Lat": "", "Archive Lon": "", "Prom Lat": "51.7171029", "Prom Lon": "-1.9661616", "Estate Lat": "51.2816791", "Estate Lon": "-1.451908", "Distance between estate and promulgation site": 60.183474522700003, "Distance between estate and archive": "" }, "geometry": { "type": "Point", "coordinates": [ -1.45, 51.28 ] } },
{ "type": "Feature", "properties": { "Location": "Pyrian (? Wood- or Waterperry)", "Estate Lat (WIP)": "51.753365623", "Estate Lon (WIP)": "-1.0909907726", "Year of issue": "999", "Diplomas": "S 937", "Diploma authenticity (as in Notion)": "probably authentic", "Category of diploma authenticity (quadripartite simplification)": "likely authentic", "Beneficiary": "Abingdon abbey", "Beneficiary: commu or person": "community", "Beneficiary person: lay or ecclesiastic": "", "Diploma preserved at (archive)": "Abingdon", "Num diplomas": "1", "Shire": "Oxfordshire", "Promulgation site": "Cirencester", "Lat (comp.)": "", "Lon (comp.)": "", "Predicted accuracy": "Not found", "Notes": "", "Archive Lat": "", "Archive Lon": "", "Prom Lat": "51.7171029", "Prom Lon": "-1.9661616", "Estate Lat": "51.753365623", "Estate Lon": "-1.0909907726", "Distance between estate and promulgation site": 60.593049488200002, "Distance between estate and archive": "" }, "geometry": { "type": "Point", "coordinates": [ -1.09, 51.75 ] } },
{ "type": "Feature", "properties": { "Location": "South Cerney", "Estate Lat (WIP)": "", "Estate Lon (WIP)": "", "Year of issue": "999", "Diplomas": "S 937", "Diploma authenticity (as in Notion)": "probably authentic", "Category of diploma authenticity (quadripartite simplification)": "likely authentic", "Beneficiary": "Abingdon abbey", "Beneficiary: commu or person": "community", "Beneficiary person: lay or ecclesiastic": "", "Diploma preserved at (archive)": "Abingdon", "Num diplomas": "1", "Shire": "Gloucestershire", "Promulgation site": "Cirencester", "Lat (comp.)": "51.6728211", "Lon (comp.)": "-1.9206602", "Predicted accuracy": "Shire match", "Notes": "", "Archive Lat": "", "Archive Lon": "", "Prom Lat": "51.7171029", "Prom Lon": "-1.9661616", "Estate Lat": "51.6728211", "Estate Lon": "-1.9206602", "Distance between estate and promulgation site": 5.8456964613000002, "Distance between estate and archive": "" }, "geometry": { "type": "Point", "coordinates": [ -1.92, 51.67 ] } },
{ "type": "Feature", "properties": { "Location": "Wormleighton", "Estate Lat (WIP)": "", "Estate Lon (WIP)": "", "Year of issue": "999", "Diplomas": "S 937", "Diploma authenticity (as in Notion)": "probably authentic", "Category of diploma authenticity (quadripartite simplification)": "likely authentic", "Beneficiary": "Abingdon abbey", "Beneficiary: commu or person": "community", "Beneficiary person: lay or ecclesiastic": "", "Diploma preserved at (archive)": "Abingdon", "Num diplomas": "1", "Shire": "Warwickshire", "Promulgation site": "Cirencester", "Lat (comp.)": "52.1790224", "Lon (comp.)": "-1.3451912", "Predicted accuracy": "Shire match", "Notes": "", "Archive Lat": "", "Archive Lon": "", "Prom Lat": "51.7171029", "Prom Lon": "-1.9661616", "Estate Lat": "52.1790224", "Estate Lon": "-1.3451912", "Distance between estate and promulgation site": 66.816678771, "Distance between estate and archive": "" }, "geometry": { "type": "Point", "coordinates": [ -1.35, 52.18 ] } },
{ "type": "Feature", "properties": { "Location": "Bocking", "Estate Lat (WIP)": "", "Estate Lon (WIP)": "", "Year of issue": "997", "Diplomas": "S 939", "Diploma authenticity (as in Notion)": "authentic", "Category of diploma authenticity (quadripartite simplification)": "authentic", "Beneficiary": "Canterbury, Christ Church", "Beneficiary: commu or person": "community", "Beneficiary person: lay or ecclesiastic": "", "Diploma preserved at (archive)": "Canterbury, Christ Church", "Num diplomas": "1", "Shire": "Essex", "Promulgation site": "Cookham", "Lat (comp.)": "51.8838073", "Lon (comp.)": "0.5499129", "Predicted accuracy": "Shire match", "Notes": "", "Archive Lat": "", "Archive Lon": "", "Prom Lat": "51.5600965", "Prom Lon": "-0.7081509", "Estate Lat": "51.8838073", "Estate Lon": "0.5499129", "Distance between estate and promulgation site": 94.099410976399994, "Distance between estate and archive": "" }, "geometry": { "type": "Point", "coordinates": [ 0.55, 51.88 ] } },
{ "type": "Feature", "properties": { "Location": "Crowland", "Estate Lat (WIP)": "", "Estate Lon (WIP)": "", "Year of issue": "1032", "Diplomas": "S 965", "Diploma authenticity (as in Notion)": "spurious", "Category of diploma authenticity (quadripartite simplification)": "spurious", "Beneficiary": "Crowland abbey", "Beneficiary: commu or person": "community", "Beneficiary person: lay or ecclesiastic": "", "Diploma preserved at (archive)": "Crowland", "Num diplomas": "1", "Shire": "Lincolnshire", "Promulgation site": "London", "Lat (comp.)": "52.6847789", "Lon (comp.)": "-0.1578674", "Predicted accuracy": "Shire match", "Notes": "", "Archive Lat": "", "Archive Lon": "", "Prom Lat": "51.5140003762", "Prom Lon": "-0.0981885391", "Estate Lat": "52.6847789", "Estate Lon": "-0.1578674", "Distance between estate and promulgation site": 130.33578800910001, "Distance between estate and archive": "" }, "geometry": { "type": "Point", "coordinates": [ -0.16, 52.68 ] } },
{ "type": "Feature", "properties": { "Location": "Folkestone", "Estate Lat (WIP)": "", "Estate Lon (WIP)": "", "Year of issue": "1035", "Diplomas": "S 981", "Diploma authenticity (as in Notion)": "spurious", "Category of diploma authenticity (quadripartite simplification)": "spurious", "Beneficiary": "Canterbury, Christ Church", "Beneficiary: commu or person": "community", "Beneficiary person: lay or ecclesiastic": "", "Diploma preserved at (archive)": "Canterbury, Christ Church", "Num diplomas": "1", "Shire": "Kent", "Promulgation site": "Kingston-on-Thames", "Lat (comp.)": "51.0791335", "Lon (comp.)": "1.1794073", "Predicted accuracy": "Shire match", "Notes": "", "Archive Lat": "", "Archive Lon": "", "Prom Lat": "51.6743611", "Prom Lon": "-1.2821216", "Estate Lat": "51.0791335", "Estate Lon": "1.1794073", "Distance between estate and promulgation site": 183.72760492489999, "Distance between estate and archive": "" }, "geometry": { "type": "Point", "coordinates": [ 1.18, 51.08 ] } },
{ "type": "Feature", "properties": { "Location": "Farnborough", "Estate Lat (WIP)": "", "Estate Lon (WIP)": "", "Year of issue": "1042", "Diplomas": "S 993", "Diploma authenticity (as in Notion)": "disputed suspicious (and/or opinions vary)", "Category of diploma authenticity (quadripartite simplification)": "likely authentic", "Beneficiary": "Abingdon abbey", "Beneficiary: commu or person": "community", "Beneficiary person: lay or ecclesiastic": "", "Diploma preserved at (archive)": "Abingdon", "Num diplomas": "1", "Shire": "Berkshire", "Promulgation site": "Sutton Courtenay", "Lat (comp.)": "51.5367279", "Lon (comp.)": "-1.3748299", "Predicted accuracy": "Shire match", "Notes": "", "Archive Lat": "", "Archive Lon": "", "Prom Lat": "51.6397508", "Prom Lon": "-1.2777309", "Estate Lat": "51.5367279", "Estate Lon": "-1.3748299", "Distance between estate and promulgation site": 13.291761921200001, "Distance between estate and archive": "" }, "geometry": { "type": "Point", "coordinates": [ -1.37, 51.54 ] } },
{ "type": "Feature", "properties": { "Location": "Whitehill in Tackley", "Estate Lat (WIP)": "51.8658905926", "Estate Lon (WIP)": "-1.3092044858", "Year of issue": "1004", "Diplomas": "S 909", "Diploma authenticity (as in Notion)": "fundamentally authentic", "Category of diploma authenticity (quadripartite simplification)": "likely authentic", "Beneficiary": "Oxford, St Frideswide's", "Beneficiary: commu or person": "community", "Beneficiary person: lay or ecclesiastic": "", "Diploma preserved at (archive)": "Oxford, St Frideswide's", "Num diplomas": "1", "Shire": "Oxfordshire", "Promulgation site": "Headington", "Lat (comp.)": "", "Lon (comp.)": "", "Predicted accuracy": "Not found", "Notes": "", "Archive Lat": "", "Archive Lon": "", "Prom Lat": "51.7601673", "Prom Lon": "-1.2109282", "Estate Lat": "51.8658905926", "Estate Lon": "-1.3092044858", "Distance between estate and promulgation site": 13.575962271, "Distance between estate and archive": "" }, "geometry": { "type": "Point", "coordinates": [ -1.31, 51.87 ] } },
{ "type": "Feature", "properties": { "Location": "Waltham St Lawrence", "Estate Lat (WIP)": "51.48333333", "Estate Lon (WIP)": "-0.805", "Year of issue": "1007", "Diplomas": "S 915", "Diploma authenticity (as in Notion)": "authentic", "Category of diploma authenticity (quadripartite simplification)": "authentic", "Beneficiary": "Ælfgar 32", "Beneficiary: commu or person": "person", "Beneficiary person: lay or ecclesiastic": "lay", "Diploma preserved at (archive)": "Abingdon", "Num diplomas": "1", "Shire": "Berkshire", "Promulgation site": "Beorchore", "Lat (comp.)": "51.4833379", "Lon (comp.)": "-0.8067539", "Predicted accuracy": "No shire match", "Notes": "", "Archive Lat": "", "Archive Lon": "", "Prom Lat": "51.6948740026", "Prom Lon": "-2.4573697442", "Estate Lat": "51.48333333", "Estate Lon": "-0.805", "Distance between estate and promulgation site": 116.9083323393, "Distance between estate and archive": "" }, "geometry": { "type": "Point", "coordinates": [ -0.81, 51.48 ] } },
{ "type": "Feature", "properties": { "Location": "Bedwyn", "Estate Lat (WIP)": "", "Estate Lon (WIP)": "", "Year of issue": "999", "Diplomas": "S 937", "Diploma authenticity (as in Notion)": "probably authentic", "Category of diploma authenticity (quadripartite simplification)": "likely authentic", "Beneficiary": "Abingdon abbey", "Beneficiary: commu or person": "community", "Beneficiary person: lay or ecclesiastic": "", "Diploma preserved at (archive)": "Abingdon", "Num diplomas": "1", "Shire": "Wiltshire", "Promulgation site": "Cirencester", "Lat (comp.)": "51.379545", "Lon (comp.)": "-1.5988642", "Predicted accuracy": "Shire match", "Notes": "", "Archive Lat": "", "Archive Lon": "", "Prom Lat": "51.7171029", "Prom Lon": "-1.9661616", "Estate Lat": "51.379545", "Estate Lon": "-1.5988642", "Distance between estate and promulgation site": 45.382894272400002, "Distance between estate and archive": "" }, "geometry": { "type": "Point", "coordinates": [ -1.6, 51.38 ] } },
{ "type": "Feature", "properties": { "Location": "Burbage", "Estate Lat (WIP)": "", "Estate Lon (WIP)": "", "Year of issue": "999", "Diplomas": "S 937", "Diploma authenticity (as in Notion)": "probably authentic", "Category of diploma authenticity (quadripartite simplification)": "likely authentic", "Beneficiary": "Abingdon abbey", "Beneficiary: commu or person": "community", "Beneficiary person: lay or ecclesiastic": "", "Diploma preserved at (archive)": "Abingdon", "Num diplomas": "1", "Shire": "Wiltshire", "Promulgation site": "Cirencester", "Lat (comp.)": "51.3548751", "Lon (comp.)": "-1.6633806", "Predicted accuracy": "Shire match", "Notes": "", "Archive Lat": "", "Archive Lon": "", "Prom Lat": "51.7171029", "Prom Lon": "-1.9661616", "Estate Lat": "51.3548751", "Estate Lon": "-1.6633806", "Distance between estate and promulgation site": 45.448008167399998, "Distance between estate and archive": "" }, "geometry": { "type": "Point", "coordinates": [ -1.66, 51.35 ] } },
{ "type": "Feature", "properties": { "Location": "Farnborough", "Estate Lat (WIP)": "", "Estate Lon (WIP)": "", "Year of issue": "999", "Diplomas": "S 937", "Diploma authenticity (as in Notion)": "probably authentic", "Category of diploma authenticity (quadripartite simplification)": "likely authentic", "Beneficiary": "Abingdon abbey", "Beneficiary: commu or person": "community", "Beneficiary person: lay or ecclesiastic": "", "Diploma preserved at (archive)": "Abingdon", "Num diplomas": "1", "Shire": "Warwickshire", "Promulgation site": "Cirencester", "Lat (comp.)": "52.1436011", "Lon (comp.)": "-1.3683355", "Predicted accuracy": "Shire match", "Notes": "", "Archive Lat": "", "Archive Lon": "", "Prom Lat": "51.7171029", "Prom Lon": "-1.9661616", "Estate Lat": "52.1436011", "Estate Lon": "-1.3683355", "Distance between estate and promulgation site": 62.792130445300003, "Distance between estate and archive": "" }, "geometry": { "type": "Point", "coordinates": [ -1.37, 52.14 ] } },
{ "type": "Feature", "properties": { "Location": "Hurstbourne (Tarrant)", "Estate Lat (WIP)": "", "Estate Lon (WIP)": "", "Year of issue": "999", "Diplomas": "S 937", "Diploma authenticity (as in Notion)": "probably authentic", "Category of diploma authenticity (quadripartite simplification)": "likely authentic", "Beneficiary": "Abingdon abbey", "Beneficiary: commu or person": "community", "Beneficiary person: lay or ecclesiastic": "", "Diploma preserved at (archive)": "Abingdon", "Num diplomas": "1", "Shire": "Hampshire", "Promulgation site": "Cirencester", "Lat (comp.)": "51.2816791", "Lon (comp.)": "-1.451908", "Predicted accuracy": "Shire match", "Notes": "", "Archive Lat": "", "Archive Lon": "", "Prom Lat": "51.7171029", "Prom Lon": "-1.9661616", "Estate Lat": "51.2816791", "Estate Lon": "-1.451908", "Distance between estate and promulgation site": 60.183474522700003, "Distance between estate and archive": "" }, "geometry": { "type": "Point", "coordinates": [ -1.45, 51.28 ] } },
{ "type": "Feature", "properties": { "Location": "Pyrian (? Wood- or Waterperry)", "Estate Lat (WIP)": "51.753365623", "Estate Lon (WIP)": "-1.0909907726", "Year of issue": "999", "Diplomas": "S 937", "Diploma authenticity (as in Notion)": "probably authentic", "Category of diploma authenticity (quadripartite simplification)": "likely authentic", "Beneficiary": "Abingdon abbey", "Beneficiary: commu or person": "community", "Beneficiary person: lay or ecclesiastic": "", "Diploma preserved at (archive)": "Abingdon", "Num diplomas": "1", "Shire": "Oxfordshire", "Promulgation site": "Cirencester", "Lat (comp.)": "", "Lon (comp.)": "", "Predicted accuracy": "Not found", "Notes": "", "Archive Lat": "", "Archive Lon": "", "Prom Lat": "51.7171029", "Prom Lon": "-1.9661616", "Estate Lat": "51.753365623", "Estate Lon": "-1.0909907726", "Distance between estate and promulgation site": 60.593049488200002, "Distance between estate and archive": "" }, "geometry": { "type": "Point", "coordinates": [ -1.09, 51.75 ] } },
{ "type": "Feature", "properties": { "Location": "South Cerney", "Estate Lat (WIP)": "", "Estate Lon (WIP)": "", "Year of issue": "999", "Diplomas": "S 937", "Diploma authenticity (as in Notion)": "probably authentic", "Category of diploma authenticity (quadripartite simplification)": "likely authentic", "Beneficiary": "Abingdon abbey", "Beneficiary: commu or person": "community", "Beneficiary person: lay or ecclesiastic": "", "Diploma preserved at (archive)": "Abingdon", "Num diplomas": "1", "Shire": "Gloucestershire", "Promulgation site": "Cirencester", "Lat (comp.)": "51.6728211", "Lon (comp.)": "-1.9206602", "Predicted accuracy": "Shire match", "Notes": "", "Archive Lat": "", "Archive Lon": "", "Prom Lat": "51.7171029", "Prom Lon": "-1.9661616", "Estate Lat": "51.6728211", "Estate Lon": "-1.9206602", "Distance between estate and promulgation site": 5.8456964613000002, "Distance between estate and archive": "" }, "geometry": { "type": "Point", "coordinates": [ -1.92, 51.67 ] } },
{ "type": "Feature", "properties": { "Location": "Wormleighton", "Estate Lat (WIP)": "", "Estate Lon (WIP)": "", "Year of issue": "999", "Diplomas": "S 937", "Diploma authenticity (as in Notion)": "probably authentic", "Category of diploma authenticity (quadripartite simplification)": "likely authentic", "Beneficiary": "Abingdon abbey", "Beneficiary: commu or person": "community", "Beneficiary person: lay or ecclesiastic": "", "Diploma preserved at (archive)": "Abingdon", "Num diplomas": "1", "Shire": "Warwickshire", "Promulgation site": "Cirencester", "Lat (comp.)": "52.1790224", "Lon (comp.)": "-1.3451912", "Predicted accuracy": "Shire match", "Notes": "", "Archive Lat": "", "Archive Lon": "", "Prom Lat": "51.7171029", "Prom Lon": "-1.9661616", "Estate Lat": "52.1790224", "Estate Lon": "-1.3451912", "Distance between estate and promulgation site": 66.816678771, "Distance between estate and archive": "" }, "geometry": { "type": "Point", "coordinates": [ -1.35, 52.18 ] } },
{ "type": "Feature", "properties": { "Location": "Bocking", "Estate Lat (WIP)": "", "Estate Lon (WIP)": "", "Year of issue": "997", "Diplomas": "S 939", "Diploma authenticity (as in Notion)": "authentic", "Category of diploma authenticity (quadripartite simplification)": "authentic", "Beneficiary": "Canterbury, Christ Church", "Beneficiary: commu or person": "community", "Beneficiary person: lay or ecclesiastic": "", "Diploma preserved at (archive)": "Canterbury, Christ Church", "Num diplomas": "1", "Shire": "Essex", "Promulgation site": "Cookham", "Lat (comp.)": "51.8838073", "Lon (comp.)": "0.5499129", "Predicted accuracy": "Shire match", "Notes": "", "Archive Lat": "", "Archive Lon": "", "Prom Lat": "51.5600965", "Prom Lon": "-0.7081509", "Estate Lat": "51.8838073", "Estate Lon": "0.5499129", "Distance between estate and promulgation site": 94.099410976399994, "Distance between estate and archive": "" }, "geometry": { "type": "Point", "coordinates": [ 0.55, 51.88 ] } },
{ "type": "Feature", "properties": { "Location": "Crowland", "Estate Lat (WIP)": "", "Estate Lon (WIP)": "", "Year of issue": "1032", "Diplomas": "S 965", "Diploma authenticity (as in Notion)": "spurious", "Category of diploma authenticity (quadripartite simplification)": "spurious", "Beneficiary": "Crowland abbey", "Beneficiary: commu or person": "community", "Beneficiary person: lay or ecclesiastic": "", "Diploma preserved at (archive)": "Crowland", "Num diplomas": "1", "Shire": "Lincolnshire", "Promulgation site": "London", "Lat (comp.)": "52.6847789", "Lon (comp.)": "-0.1578674", "Predicted accuracy": "Shire match", "Notes": "", "Archive Lat": "", "Archive Lon": "", "Prom Lat": "51.5140003762", "Prom Lon": "-0.0981885391", "Estate Lat": "52.6847789", "Estate Lon": "-0.1578674", "Distance between estate and promulgation site": 130.33578800910001, "Distance between estate and archive": "" }, "geometry": { "type": "Point", "coordinates": [ -0.16, 52.68 ] } },
{ "type": "Feature", "properties": { "Location": "Folkestone", "Estate Lat (WIP)": "", "Estate Lon (WIP)": "", "Year of issue": "1035", "Diplomas": "S 981", "Diploma authenticity (as in Notion)": "spurious", "Category of diploma authenticity (quadripartite simplification)": "spurious", "Beneficiary": "Canterbury, Christ Church", "Beneficiary: commu or person": "community", "Beneficiary person: lay or ecclesiastic": "", "Diploma preserved at (archive)": "Canterbury, Christ Church", "Num diplomas": "1", "Shire": "Kent", "Promulgation site": "Kingston-on-Thames", "Lat (comp.)": "51.0791335", "Lon (comp.)": "1.1794073", "Predicted accuracy": "Shire match", "Notes": "", "Archive Lat": "", "Archive Lon": "", "Prom Lat": "51.6743611", "Prom Lon": "-1.2821216", "Estate Lat": "51.0791335", "Estate Lon": "1.1794073", "Distance between estate and promulgation site": 183.72760492489999, "Distance between estate and archive": "" }, "geometry": { "type": "Point", "coordinates": [ 1.18, 51.08 ] } },
{ "type": "Feature", "properties": { "Location": "Farnborough", "Estate Lat (WIP)": "", "Estate Lon (WIP)": "", "Year of issue": "1042", "Diplomas": "S 993", "Diploma authenticity (as in Notion)": "disputed suspicious (and/or opinions vary)", "Category of diploma authenticity (quadripartite simplification)": "likely authentic", "Beneficiary": "Abingdon abbey", "Beneficiary: commu or person": "community", "Beneficiary person: lay or ecclesiastic": "", "Diploma preserved at (archive)": "Abingdon", "Num diplomas": "1", "Shire": "Berkshire", "Promulgation site": "Sutton Courtenay", "Lat (comp.)": "51.5367279", "Lon (comp.)": "-1.3748299", "Predicted accuracy": "Shire match", "Notes": "", "Archive Lat": "", "Archive Lon": "", "Prom Lat": "51.6397508", "Prom Lon": "-1.2777309", "Estate Lat": "51.5367279", "Estate Lon": "-1.3748299", "Distance between estate and promulgation site": 13.291761921200001, "Distance between estate and archive": "" }, "geometry": { "type": "Point", "coordinates": [ -1.37, 51.54 ] } }
]
}
