Object|Type|Class|Appears_in
anno recapitulationis Dionysii , id est , ab incarnatione domini nostri Jhesu Christi sexcentesimo septuagesimo sexto , indictione quarta , mense Novembris . viiio idus Novembris .|Anno Dionysii|Dating clause|https://aschart.kcl.ac.uk/charters/s0051.html
Anno recapitulationis Dionisi . id est ab incarnatione Christi sexcentessimo . octuagessimo indictione sexta revoluta .|Anno Dionysii|Dating clause|https://aschart.kcl.ac.uk/charters/s0052.html
anno ab incarnatione Christi .dcv., indictione .vi|Anno Domini|Dating clause|https://aschart.kcl.ac.uk/charters/s0002.html
anno ab incarnatione Christi .dcv., indictione .vi.|Anno Domini|Dating clause|https://aschart.kcl.ac.uk/charters/s0003.html
Actum est autem anno ab incarnatione saluatoris nostri Iesu Christi sexcentesimo octauo decimo, indictione .iiii.|Anno Domini|Dating clause|https://aschart.kcl.ac.uk/charters/s0006.html
anno ab incarnatione Christi .dcxci., indictione .iiii., .viii. die mensis Ianuarii, prima feria|Anno Domini|Dating clause|https://aschart.kcl.ac.uk/charters/s0010.html
Anno ab incarnatione domini . dcc . xvi . Indictione . xiii . Anno primo regni regis Æþelbaldi Merciorum .|Anno Domini|Dating clause|https://aschart.kcl.ac.uk/charters/s0021.html
Anno dominicæ incarnationis . dccxli . Indictione iii .|Anno Domini|Dating clause|https://aschart.kcl.ac.uk/charters/s0024.html
anno incarnationis Domini .dcclxii.|Anno Domini|Dating clause|https://aschart.kcl.ac.uk/charters/s0025.html
Actum pridie idus Octobris, anno ab incarnatione Domini .dccxxvii., indictione .x.|Anno Domini|Dating clause|https://aschart.kcl.ac.uk/charters/s0026.html
Actum mense Aprili . indictione . vi . anno ab incarnatione Christi . dccxxxviii.|Anno Domini|Dating clause|https://aschart.kcl.ac.uk/charters/s0027.html
Anno ab incarnatione Christi . dcclxii . indictione . xv|Anno Domini|Dating clause|https://aschart.kcl.ac.uk/charters/s0030.html
Actum indictione . xv . anno dominice incarnationis . dcclxii .|Anno Domini|Dating clause|https://aschart.kcl.ac.uk/charters/s0032.html
Actum anno dominicae incarnationis . dcclxxviii .|Anno Domini|Dating clause|https://aschart.kcl.ac.uk/charters/s0035.html
Actum anno ab incarnatione Christi . dcclxxix .|Anno Domini|Dating clause|https://aschart.kcl.ac.uk/charters/s0036.html
Anno dominicæ incarnationis . dcc . lxxxiiii .|Anno Domini|Dating clause|https://aschart.kcl.ac.uk/charters/s0038.html
Anno Incarnationis Dominicae . dcccv . nostri regni concessi a Deo . v . Indictione xiiii .|Anno Domini|Dating clause|https://aschart.kcl.ac.uk/charters/s0039.html
Anno ab incarnatione domini nostri Jhesu Christi dcccovo indictione xiii .|Anno Domini|Dating clause|https://aschart.kcl.ac.uk/charters/s0040.html
[Scripta est autem hec cartula anno] ab incarnatione Domini .dcclxxv., indiction[e .ii.]|Anno Domini|Dating clause|https://aschart.kcl.ac.uk/charters/s0043.html
Scripta est hec cartula anno ab incarnatione Christi .dcxciido.|Anno Domini|Dating clause|https://aschart.kcl.ac.uk/charters/s0045.html
Scripta est hec cartula anno ab incarnatione Domini .dcclxii., indictione .iii., mensis Augusti die .iii.|Anno Domini|Dating clause|https://aschart.kcl.ac.uk/charters/s0048.html
Acta est hec cartula anno ab incarnatione Domini nostri Iesu Christi .dcclxxmo.|Anno Domini|Dating clause|https://aschart.kcl.ac.uk/charters/s0049.html
Hæc carta scripta est anno dominicæ incarnationis .dcco. vio. Indictione . iiiia.|Anno Domini|Dating clause|https://aschart.kcl.ac.uk/charters/s0054.html
in mense februarii indictione xiia . anno vero ab incarnatione Christi . dccoloviii[i] .|Anno Domini|Dating clause|https://aschart.kcl.ac.uk/charters/s0056.html
Gesta sunt hæc anno dominicæ incarnationis dcco . lvio . regni Offan regis Merciorum iiius . annus .|Anno Domini|Dating clause|https://aschart.kcl.ac.uk/charters/s0057.html
Conscripta est autem hæc donatio anno ab incarnatione domini nostri Jhesu Christi . dcc . lxvii . indictione vi . lunari . v .|Anno Domini|Dating clause|https://aschart.kcl.ac.uk/charters/s0058.html
Conscripta est [autem hæc donatio anno ab] incarnatione domini nostri Jhesu Christi . dcc . lxx . Indictione viiii . decenovi . xi . Lun' . viii .|Anno Domini|Dating clause|https://aschart.kcl.ac.uk/charters/s0059.html
Conscripta est autem hæc donatio anno ab incarnatione domini nostri Jhesu Christi . dcclxx . indictione . viiii . decennovenal' . xi . . lun . viii .|Anno Domini|Dating clause|https://aschart.kcl.ac.uk/charters/s0060.html
hæc kartala scripta Anno ab incarnatione domini nostri dcc . iiii . indictione . ii . tertia decima die mensis Junii quod est idus Junii .|Anno Domini|Dating clause|https://aschart.kcl.ac.uk/charters/s0065.html
Anno dominicæ incarnationis . dclxxxv .|Anno Domini|Dating clause|https://aschart.kcl.ac.uk/charters/s0066.html
Acta est autem hæc donatio anno ab incarnatione domini . d.c.xxiiii.|Anno Domini|Dating clause|https://aschart.kcl.ac.uk/charters/s0067.html
Sancitum est hoc privilegium Anno dominicæ Incarnationis Sexcentesimo . Sexagesimo quarto . Uulferi Regis septimo . Deusdedit Nono . quod nullius insana et punienda cupiditas violet.|Anno Domini|Dating clause|https://aschart.kcl.ac.uk/charters/s0068.html
anno dominicæ incarnationis sexcentesimo septuagesimo primo|Anno Domini|Dating clause|https://aschart.kcl.ac.uk/charters/s0070.html
Scripta est autem hæc cyrographi cartula , anno ab incarnatione domini . dclxxx . Indictione . ix .|Anno Domini|Dating clause|https://aschart.kcl.ac.uk/charters/s0071.html
anno domini . dc. lxxx . meique regni . vi .|Anno Domini|Dating clause|https://aschart.kcl.ac.uk/charters/s0072.html
Scripta est autem hæc cirographi cartula anno ab incarnatione domini .dclxxxi. , indictione .ix.|Anno Domini|Dating clause|https://aschart.kcl.ac.uk/charters/s0073.html
dclxxxii.|Anno Domini|Dating clause|https://aschart.kcl.ac.uk/charters/s0074.html
Hec autem acta est anno ab incarnatione domini nostri Jhesu Christi . dc.xc.ii . coram his testibus infrascriptis .|Anno Domini|Dating clause|https://aschart.kcl.ac.uk/charters/s0075.html
Anno dominicæ incarnationis dcc oviii o.|Anno Domini|Dating clause|https://aschart.kcl.ac.uk/charters/s0078.html
Acta sunt haec anno dominicæ incarnationis . dcc . ix indictione . iiii .|Anno Domini|Dating clause|https://aschart.kcl.ac.uk/charters/s0079.html
anno dominicæ incarnationis . dcc o. iii o.|Anno Domini|Dating clause|https://aschart.kcl.ac.uk/charters/s0080.html
anno dominicæ incarnationis .dccix.|Anno Domini|Dating clause|https://aschart.kcl.ac.uk/charters/s0080.html
Acta sunt h?c anno dominicæ incarnationis . dcco. xo.|Anno Domini|Dating clause|https://aschart.kcl.ac.uk/charters/s0081.html
Scripta est autem hæc donatio mea anno dominicæ incarnationis . dcc o . xvi o .|Anno Domini|Dating clause|https://aschart.kcl.ac.uk/charters/s0083.html
Acta est autem hec donatio. anno incarnationis Christi . dcc.xviii . indictione . x .|Anno Domini|Dating clause|https://aschart.kcl.ac.uk/charters/s0084.html
Actum autem hoc meæ concessionis donum anno dominicæ incarnationis . dcc . xviii . indictionis . x .|Anno Domini|Dating clause|https://aschart.kcl.ac.uk/charters/s0085.html
Scripta est autem hæc cartula anno ab incarnatione domini nostri Jhesu Christi septincentissimo tricessimo . ui indictione quarta .|Anno Domini|Dating clause|https://aschart.kcl.ac.uk/charters/s0089.html
An . dccxlii .|Anno Domini|Dating clause|https://aschart.kcl.ac.uk/charters/s0090.html
anno vero dominicæ incarnationis dccxlii . Indictione . x . et regni Æðelbaldi regis Merciorum . xxvii .|Anno Domini|Dating clause|https://aschart.kcl.ac.uk/charters/s0090.html
Actum mense Maio in ciuitate Lundonia, indiccione .xiiii., anno ab incarnacione Christi .dccxlviii.|Anno Domini|Dating clause|https://aschart.kcl.ac.uk/charters/s0091.html
Huius scedulæ scriptio dominicæ incarnationis anno . dccxlviiii . indictione secunda in loco celebre cujus vocabulum est Godmundeslaech . xxxiii . anno Ædelbaldi regis peracta est|Anno Domini|Dating clause|https://aschart.kcl.ac.uk/charters/s0092.html
Peracta est autem hæc donatio in mense Februario . indictione xii . anno vero ab incarnatione Christi dcclviii .|Anno Domini|Dating clause|https://aschart.kcl.ac.uk/charters/s0104.html
anno dominice incarnationis . dcclxiiii . indictione . ii .|Anno Domini|Dating clause|https://aschart.kcl.ac.uk/charters/s0105.html
Anno ab incarnacione domini nostri Jhesu Christi . dcc . lxxii . Indictione . x . mensis Augusti . die . xv .|Anno Domini|Dating clause|https://aschart.kcl.ac.uk/charters/s0108.html
anno ab incarnatione Christi indictione 13tia|Anno Domini|Dating clause|https://aschart.kcl.ac.uk/charters/s0109.html
anno dominicæ incarnationis . dcc . lxxiiii|Anno Domini|Dating clause|https://aschart.kcl.ac.uk/charters/s0110.html
Anno dominicæ Incarnationis . dcclxxiiii .|Anno Domini|Dating clause|https://aschart.kcl.ac.uk/charters/s0111.html
Christi anno dominicæ incarnationis . dcclxx moiiii .|Anno Domini|Dating clause|https://aschart.kcl.ac.uk/charters/s0111.html
anno dominicæ incarnationis .dcclxxvii.|Anno Domini|Dating clause|https://aschart.kcl.ac.uk/charters/s0112.html
Scriptum est hoc anno ab incarnatione Christi .dcclxxviii. Indictione .xv. anno decen . xviii . lun. .xv.|Anno Domini|Dating clause|https://aschart.kcl.ac.uk/charters/s0113.html
Conscribta est 'autem' hæc munificentia piissimi regis Offan anno ab incarnatione Christi . dcclxxviiii . Indictione secunda . anno decennovenali primo . lunari . xvii .|Anno Domini|Dating clause|https://aschart.kcl.ac.uk/charters/s0114.html
Conscripta est hæc cartula anno ab incarnatione Christi . dcclxxviiii . indictione secunda . anno decennovennali primo . lunari . xvii .|Anno Domini|Dating clause|https://aschart.kcl.ac.uk/charters/s0115.html
anno incarnationis Christi . dcc o . lxxx o. indictione tertia . die quo passio sancti Mauricii a fidelibus cælebrati .|Anno Domini|Dating clause|https://aschart.kcl.ac.uk/charters/s0116.html
Anno autem dominicæ incarnationis . dcc o . xxx o .|Anno Domini|Dating clause|https://aschart.kcl.ac.uk/charters/s0117.html
Anno autem dominicæ incarnationis .dcc o . lxxx o .|Anno Domini|Dating clause|https://aschart.kcl.ac.uk/charters/s0117.html
Anno incarnationis dominicæ . dcc . lxxx . indictione . iii . regni mei anno . xx . iii . mense Septembri . die quo passio Thebaidæ legionis a fidelibus Dei famulis celebratur .|Anno Domini|Dating clause|https://aschart.kcl.ac.uk/charters/s0118.html
Anno ab incarnatione eiusdem DCClxxx primo|Anno Domini|Dating clause|https://aschart.kcl.ac.uk/charters/s0119.html
anno ab incarnatione Christi . dcclxxxi . indictione quarta die natali sancti Stephani martyris .|Anno Domini|Dating clause|https://aschart.kcl.ac.uk/charters/s0120.html
Secundo die nativitatis domini . in die festivitatis beati Stephani martiris concedendo donavi . firmamque perpetualiter munio ; Anno ab incarnatione Christi . dcclxxxi . indictione quarta .|Anno Domini|Dating clause|https://aschart.kcl.ac.uk/charters/s0121.html
Anno ab incarnatione domini . dcc . lxxxiiii o . et regni mei . xxvii o .|Anno Domini|Dating clause|https://aschart.kcl.ac.uk/charters/s0122.html
Actum anno dominicae incarnationis . dcclxxxv .|Anno Domini|Dating clause|https://aschart.kcl.ac.uk/charters/s0123.html
Anno dominicæ incarnationis . dcclxxxv .|Anno Domini|Dating clause|https://aschart.kcl.ac.uk/charters/s0124.html
Anno dominicæ incarnationis . d . cc . lxxxvi .|Anno Domini|Dating clause|https://aschart.kcl.ac.uk/charters/s0125.html
dcc . lxxx . vi . anno dominicæ ac salutiferæ incarnationis .|Anno Domini|Dating clause|https://aschart.kcl.ac.uk/charters/s0126.html
fif hundred wintra 7 nigan 7 hundeahtatig wintra fram Cristes gebyrtide . Offa kyning on þam an and þrittigan geare his kynedomes|Anno Domini|Dating clause|https://aschart.kcl.ac.uk/charters/s0126.html
Anno Incarnacionis Christi . d occ o lxxx o . septimo .|Anno Domini|Dating clause|https://aschart.kcl.ac.uk/charters/s0127.html
anno . . . . . . . . . dcclxxxviii|Anno Domini|Dating clause|https://aschart.kcl.ac.uk/charters/s0128.html
Actum anno dominice incarnationis . dcclxxxviii .|Anno Domini|Dating clause|https://aschart.kcl.ac.uk/charters/s0129.html
Actum anno dominicae incarnationis . dcclxxxix .|Anno Domini|Dating clause|https://aschart.kcl.ac.uk/charters/s0130.html
Actum anno dominice incarnationis . dcclxxxix . indictione . xii .|Anno Domini|Dating clause|https://aschart.kcl.ac.uk/charters/s0131.html
Anno dcc oxc o.|Anno Domini|Dating clause|https://aschart.kcl.ac.uk/charters/s0132.html
dccxc . anno dominicæ incarnationis|Anno Domini|Dating clause|https://aschart.kcl.ac.uk/charters/s0132.html
Anno dominicæ incarnationis . dcc . xc. Indictione xiii . Anno namque regni mei . xxxiii . cum his testibus , secundo die pascæ, pridiae idus Aprilis|Anno Domini|Dating clause|https://aschart.kcl.ac.uk/charters/s0133.html
anno dominicæ incarnacionis .dccxciii. indiccione .iii. anno vero Offan regis Merciorum .xxxvi.|Anno Domini|Dating clause|https://aschart.kcl.ac.uk/charters/s0136.html
Anno [ab] incarnatione Christi . dcc . xc o . iiii . regni Offani . xxxvii o . anno .|Anno Domini|Dating clause|https://aschart.kcl.ac.uk/charters/s0137.html
anno dominicæ incarnacionis .dccxcv. Indictione .v. et regni Offanis .xxxv. sub .iiii. nonas Maias .|Anno Domini|Dating clause|https://aschart.kcl.ac.uk/charters/s0138.html
Et actum est anno ab incarnacione Christi . dcc . xc . vi . indictione . iiii a .|Anno Domini|Dating clause|https://aschart.kcl.ac.uk/charters/s0149.html
Anno dominice incarnacionis septingentesimo nonagesimo sexto . indiccione quarta . primo vero anno regni nostri|Anno Domini|Dating clause|https://aschart.kcl.ac.uk/charters/s0150.html
anno dominice incarnacionis . dcc . xcvi . indiccione . iiii . primo autem anno regni nobis|Anno Domini|Dating clause|https://aschart.kcl.ac.uk/charters/s0151.html
anno dominice incarnationis . dcc . xc o . viiii a . indictione . vii a .|Anno Domini|Dating clause|https://aschart.kcl.ac.uk/charters/s0154.html
Anno dominicæ incarnationis . dcc . xcix .|Anno Domini|Dating clause|https://aschart.kcl.ac.uk/charters/s0155.html
anno dominicae incarnationis . dcc o. xc o. viiii o. in vicu regio æt Tome worðige . qui est tertius annus inperii nostri indictio[ne] . vero . vii .|Anno Domini|Dating clause|https://aschart.kcl.ac.uk/charters/s0155.html
Anno dominice incarnacionis .dccci., regni uero Coenuulfi regis Merciorum anno .v.|Anno Domini|Dating clause|https://aschart.kcl.ac.uk/charters/s0158.html
Actum est anno aduentus Domini .dccciiii., indictione .xii. et regni regis Coeneuulfi anno .viii.|Anno Domini|Dating clause|https://aschart.kcl.ac.uk/charters/s0159.html
Anno vero dominicæ incarnationi . dccc oviii o . indict' . xv a . et regni mei a Deo concessi . xii o .|Anno Domini|Dating clause|https://aschart.kcl.ac.uk/charters/s0163.html
Anno dominice incarnacionis . dccc o . x o. Indictione . iii .|Anno Domini|Dating clause|https://aschart.kcl.ac.uk/charters/s0164.html
anno dominice incarnacionis . dccc o. viiii . Indictione . ii .|Anno Domini|Dating clause|https://aschart.kcl.ac.uk/charters/s0164.html
anno dominicae incarnationis . dccc axi a . indictione . iiii a .|Anno Domini|Dating clause|https://aschart.kcl.ac.uk/charters/s0165.html
Anno dominice incarnationis .dcccxi., Cenulfi uero regis Merciorum anno .xix.|Anno Domini|Dating clause|https://aschart.kcl.ac.uk/charters/s0166.html
Anno vero incarnationis ejusdem salvatoris mundi domini nostri Jhesu Christi . dccc o . xi o . indictione autem . iiii . Imperii vero nostri a Deo dato anno . xvi . die . vero . v . Id . Nov .|Anno Domini|Dating clause|https://aschart.kcl.ac.uk/charters/s0167.html
Anno autem incarnationis ejusdem domini salvatoris mundi Jhesu Christi . dccc o . xi o . indictione vero . iiii a . Porro quoque imperii piissimi regis Merciorum Coenu'u'lfi anno . xv o . praesulatus etiam Uulfredi archipontificis anno. vi o . prima kalendarum die augustarum|Anno Domini|Dating clause|https://aschart.kcl.ac.uk/charters/s0168.html
Anno quoque incarnationis Dei et salvatoris mundi . dccc o . xii o . indictione . v . Regni quoque gloriosissimi Merciorum regis Coenuulfi anno . xvi o . Præsulatus etiam anno Uulfredi archiepiscopi . vii o .|Anno Domini|Dating clause|https://aschart.kcl.ac.uk/charters/s0169.html
Actum est anno dominicæ incarnationis . dccc o . xii . Indictione . v . In vico regis Lundon' . die . ii . kl' . Novembr' .|Anno Domini|Dating clause|https://aschart.kcl.ac.uk/charters/s0170.html
anno dominicæ incarnationis . dccc mo . xiiii to . indictione . vii .|Anno Domini|Dating clause|https://aschart.kcl.ac.uk/charters/s0171.html
Anno .dccc.xiiii. indictione .vii. in vico celeberrimo qui vocatur Tomoworðig . die . vii o . kl' Januarii . regni autem nostri a Deo concessi .xviii. anno .|Anno Domini|Dating clause|https://aschart.kcl.ac.uk/charters/s0172.html
anno dominice incarnationis dcccxiiii . regni vero nostri a Deo concessi xviii .|Anno Domini|Dating clause|https://aschart.kcl.ac.uk/charters/s0173.html
anno . dcccxiiii . indictione . vii a . die . vii . Kalendas Januarii .|Anno Domini|Dating clause|https://aschart.kcl.ac.uk/charters/s0174.html
Anno dominice incarnationis . dccc . xv .|Anno Domini|Dating clause|https://aschart.kcl.ac.uk/charters/s0175.html
anno dominice incarnationis . dccc o. xiiii o. indictione . vi a .|Anno Domini|Dating clause|https://aschart.kcl.ac.uk/charters/s0175.html
anno dominicæ incarnationis . dccc . xiiii o . indictione . vi a .|Anno Domini|Dating clause|https://aschart.kcl.ac.uk/charters/s0176.html
anno dominicae incarnationis . dccc oxiiii o . indictione . vii a|Anno Domini|Dating clause|https://aschart.kcl.ac.uk/charters/s0177.html
anno dominicæ incarnationis . dccc o . xv o . Indictione . vii a . regni siquidem nostri . xviiii o . anno . In vico regis qui dicitur Uuicbold . die . xiiii o . Kl' apriles .|Anno Domini|Dating clause|https://aschart.kcl.ac.uk/charters/s0178.html
anno dominicæ incarnationis . dccc . xvi . indictione nona ; regni vero nostri a Deo concessi . xx o .|Anno Domini|Dating clause|https://aschart.kcl.ac.uk/charters/s0179.html
anno dominice incarnationis dcccxvi indictione namque nona regni vero nostri a Deo concessi xx o .|Anno Domini|Dating clause|https://aschart.kcl.ac.uk/charters/s0180.html
anno dominicæ incarnationis . dccc . xvii . indictione namque . x . regni vero nostri a Deo concessi . xxi .|Anno Domini|Dating clause|https://aschart.kcl.ac.uk/charters/s0181.html
anno dominicæ incarnationis . dccc o . xvii o . indictione vero . x ma . Porro autem primo et vicesimo anno regni nostri .|Anno Domini|Dating clause|https://aschart.kcl.ac.uk/charters/s0182.html
Anno uero dominice incarnationis .dcccxxi., indictione .xiiii. Ego Coenulfus rex Merciorum ab eodem Deo et Domino nostro populis et tribubus preordinatus in regem, anno imperii nostri .xxv.|Anno Domini|Dating clause|https://aschart.kcl.ac.uk/charters/s0183.html
anno dominice incarnationis .dcccxxi., regni autem mei anno .xi.|Anno Domini|Dating clause|https://aschart.kcl.ac.uk/charters/s0184.html
anno dominice inca[r]n[a]ti[onis] . dcccxxii . indicti[one] . xv . die vero . xv . k'l octob' .|Anno Domini|Dating clause|https://aschart.kcl.ac.uk/charters/s0186.html
Anno dominice incarnationis . dccc . xxii .|Anno Domini|Dating clause|https://aschart.kcl.ac.uk/charters/s0186.html
anno dominice incarnationis . dccc . xxiii . indictione . i . die vero . vii . k'l Junias|Anno Domini|Dating clause|https://aschart.kcl.ac.uk/charters/s0187.html
Anno dominice incarnationis . dcccxxiii .|Anno Domini|Dating clause|https://aschart.kcl.ac.uk/charters/s0187.html
[A]nno dominice incarnationis . dcccxxix .|Anno Domini|Dating clause|https://aschart.kcl.ac.uk/charters/s0188.html
anno vero dominicae incarnationis . dccc oxxx oi a. indictione . viiii o .|Anno Domini|Dating clause|https://aschart.kcl.ac.uk/charters/s0188.html
anno dominicae incarnationis . dccc o . xxx o . vi o , indictione vero . xiiii o regni autem nostri a Deo concessi . vii o .|Anno Domini|Dating clause|https://aschart.kcl.ac.uk/charters/s0190.html
anno dominice incarnationis . dcccxl . Indictione vero . iii . regni autem ejusdem Beorhtwulfi regis . ii o . anno .|Anno Domini|Dating clause|https://aschart.kcl.ac.uk/charters/s0191.html
Anno autem ab incarnatione ejusdem Dei et domini nostri Jhesu Christi . dccc o . xl o . indictione . iii .|Anno Domini|Dating clause|https://aschart.kcl.ac.uk/charters/s0192.html
anno dominicæ incarnationis . dccc o . xli o . indictione . iiii . in die natalis domini .|Anno Domini|Dating clause|https://aschart.kcl.ac.uk/charters/s0193.html
anno dominice incarnationis . dccc o . xli . indictione . iiii . in die natalis domini|Anno Domini|Dating clause|https://aschart.kcl.ac.uk/charters/s0193.html
anno dominicæ incarnationis . dccc . xli . indictione . iii .|Anno Domini|Dating clause|https://aschart.kcl.ac.uk/charters/s0194.html
Anno incarnationis domini nostri Jhesu Christi . dccc o . xli o . indictione . iiii a . in die natalis domini .|Anno Domini|Dating clause|https://aschart.kcl.ac.uk/charters/s0195.html
in natali domini æt Tomanworðie . istis testibus confirmata . anno domini . dccc . xli . regis præfati . iii . anno . indictione vero . iii .|Anno Domini|Dating clause|https://aschart.kcl.ac.uk/charters/s0196.html
anno dominicæ Incarnationis . dccc o . xlv o . Indictione . viii a . in loco regali qui dicitur . Tomeuuorðig . in nativitate . domini .|Anno Domini|Dating clause|https://aschart.kcl.ac.uk/charters/s0198.html
Anno dominicæ incarnationis . dcccli .|Anno Domini|Dating clause|https://aschart.kcl.ac.uk/charters/s0201.html
anno ab incarnatione Christi .dccclii., indiccione quinta|Anno Domini|Dating clause|https://aschart.kcl.ac.uk/charters/s0202.html
anno dominice incarnationis. dccc . lv o . indictione . iii a .|Anno Domini|Dating clause|https://aschart.kcl.ac.uk/charters/s0206.html
Anno dominicæ incarnationis . dccc o . lv o . indictione . iii .|Anno Domini|Dating clause|https://aschart.kcl.ac.uk/charters/s0207.html
anno dominice incarnationis . dccc o . lv o . indictione iii a .|Anno Domini|Dating clause|https://aschart.kcl.ac.uk/charters/s0207.html
Anno dominici incarnatione . dccc . lvii . indictione vero . v . in loco famosa qui dicitur Tomanworðig in sancta pascha domini .|Anno Domini|Dating clause|https://aschart.kcl.ac.uk/charters/s0208.html
anno dominicæ Incarnationis dccc o lxii o Indictione x a|Anno Domini|Dating clause|https://aschart.kcl.ac.uk/charters/s0209.html
anno dominicæ incarnationis octingentesimo septuagesimo secundo , indictione quinta|Anno Domini|Dating clause|https://aschart.kcl.ac.uk/charters/s0209.html
die autem in . viii . K'l agustus quo missa beati Jacobi apostoli celebratur . Anno ab incarnatione Christi . dccc . lxiiii . indictione . xii . Burhrede rege regnante . xiii . anno .|Anno Domini|Dating clause|https://aschart.kcl.ac.uk/charters/s0210.html
Anno dominicæ incarnationis . dccc . lxvi . indictione . v . decima .|Anno Domini|Dating clause|http://www.aschart.kcl.ac.uk/charters/s0211.html
anno dominicæ incarnationis dccc . lxvi . indictione vero decima .|Anno Domini|Dating clause|https://aschart.kcl.ac.uk/charters/s0212.html
Anno dominicæ incarnationis . dccclxix . indictione vero . ii a . Burgredi autem regis regno . xvii o .|Anno Domini|Dating clause|https://aschart.kcl.ac.uk/charters/s0214.html
anno ejusdem incarnationis humane . dccclxxv . indictione . vii .|Anno Domini|Dating clause|https://aschart.kcl.ac.uk/charters/s0215.html
Anno dominicæ incarnationis . dccc . lxxv .|Anno Domini|Dating clause|https://aschart.kcl.ac.uk/charters/s0216.html
dom'c incarnat' . dccc . lxxx . indictione vero . v .|Anno Domini|Dating clause|https://aschart.kcl.ac.uk/charters/s0217.html
anno dominice incarnationis dccclxxxiii, Indictione autem 1|Anno Domini|Dating clause|https://aschart.kcl.ac.uk/charters/s0218.html
Incarnationis dccc o . lxxx o . iiii . Indictione vero secunda .|Anno Domini|Dating clause|https://aschart.kcl.ac.uk/charters/s0219.html
Anno autem incarnacionis ejus . dccc . lxxxviii . indiccione vero vi .|Anno Domini|Dating clause|https://aschart.kcl.ac.uk/charters/s0220.html
anno dominice incarnationis . dcccc oi o . in[dictione . iiii .]|Anno Domini|Dating clause|https://aschart.kcl.ac.uk/charters/s0221.html
Anno dominice incarnacionis . dccc . luna indictione . uero . iij .|Anno Domini|Dating clause|https://aschart.kcl.ac.uk/charters/s0224.html
anno .dccclxviii.|Anno Domini|Dating clause|https://aschart.kcl.ac.uk/charters/s0225.html
anno diuine incarnationis sicut supra inuenitur, et die .v. idus Septembris|Anno Domini|Dating clause|https://aschart.kcl.ac.uk/charters/s0225.html
anno incarnacionis Christi, dclxx.|Anno Domini|Dating clause|https://aschart.kcl.ac.uk/charters/s0227.html
Anno dominicæ incarnationis dclxxx .|Anno Domini|Dating clause|https://aschart.kcl.ac.uk/charters/s0230.html
Indictione . i . mense Augusto . Anno ab incarnatione domini . dclxxxii.|Anno Domini|Dating clause|https://aschart.kcl.ac.uk/charters/s0231.html
anno ab incarnatione Domini .dclxxiii., indictione .xi., mensis Augusti die tertia.|Anno Domini|Dating clause|https://aschart.kcl.ac.uk/charters/s0232.html
indictione . i ., anno ab incarnatione domini sexcentesimo octogesimo octavo, mense Augusto , quarta decima kalendarum Septembrium die|Anno Domini|Dating clause|https://aschart.kcl.ac.uk/charters/s0234.html
Anno ab incarnatione domini nostri Jhesu Christi . dc.lxxxviii . indictione . i .|Anno Domini|Dating clause|https://aschart.kcl.ac.uk/charters/s0235.html
Anno ab incarnatione domini nostri Jhesu Christi . dclxxii . Indictione . x .|Anno Domini|Dating clause|https://aschart.kcl.ac.uk/charters/s0237.html
Anno incarnationis salvatoris humani generis dclxiii . Indictione sexta xiiio kalendas Augusti .|Anno Domini|Dating clause|https://aschart.kcl.ac.uk/charters/s0238.html
tercio nonas mensis Iulii, indictione .xii., anno ab incarnatione Christi .dclxxxvii.|Anno Domini|Dating clause|https://aschart.kcl.ac.uk/charters/s0239.html
anno DCXCIII incarnacionis Christi indiccione sexta iij Kal: Januarii.|Anno Domini|Dating clause|https://aschart.kcl.ac.uk/charters/s0240.html
anno ab incarnatione Christi .dcxcix, indictione .xii.|Anno Domini|Dating clause|https://aschart.kcl.ac.uk/charters/s0241.html
anno dominicæ incarnationis . dcc . i . indictione . xiiii.|Anno Domini|Dating clause|https://aschart.kcl.ac.uk/charters/s0242.html
anno ab incarnatione Christi septingentesimo primo , indictione xma. ivta.|Anno Domini|Dating clause|https://aschart.kcl.ac.uk/charters/s0243.html
anno septingenteseimo secundo incarnacionis Jhesu Christi Domini nostri xva indicione.|Anno Domini|Dating clause|https://aschart.kcl.ac.uk/charters/s0244.html
viio. kalendarum Juniarum die , indictione . iida . anno ab incarnatione Christi . dciiiito .|Anno Domini|Dating clause|https://aschart.kcl.ac.uk/charters/s0245.html
anno ab incarnatione domini septingentesimo quarto .|Anno Domini|Dating clause|https://aschart.kcl.ac.uk/charters/s0246.html
anno ab incarnatione domini . dcc . secundo , indictione quarta mense Junio .|Anno Domini|Dating clause|https://aschart.kcl.ac.uk/charters/s0247.html
indictione .iiii., mense Iunio, anno ab incarnatione Domini .d.cc.v.|Anno Domini|Dating clause|https://aschart.kcl.ac.uk/charters/s0248.html
anno ab incarnacione Domini DCCoXXVo.|Anno Domini|Dating clause|https://aschart.kcl.ac.uk/charters/s0249.html
anno dominicæ incarnationis . dccmo xxmo vto . indictione . iiiita .|Anno Domini|Dating clause|https://aschart.kcl.ac.uk/charters/s0250.html
anno ab incarnacione Christi dcc . xxix .|Anno Domini|Dating clause|https://aschart.kcl.ac.uk/charters/s0253.html
Anno ejusdem redemptoris nostri . dominicæ incarnationis . dcc.xxxvii|Anno Domini|Dating clause|https://aschart.kcl.ac.uk/charters/s0254.html
anno ab incarnatione domini nostri Jhesu Christi dccxxxviiii . Indictione vii . die . iiii . Iduum Aprilium|Anno Domini|Dating clause|https://aschart.kcl.ac.uk/charters/s0255.html
anno ab incarnatione Christi . dccoxlovo .|Anno Domini|Dating clause|https://aschart.kcl.ac.uk/charters/s0256.html
anno ab incarnacione domini . dccxliiii.|Anno Domini|Dating clause|https://aschart.kcl.ac.uk/charters/s0257.html
Anno ab incarnatione domini . dcc.xlviiii .|Anno Domini|Dating clause|https://aschart.kcl.ac.uk/charters/s0258.html
anno ab incarnatione domini . dcc.xlix .|Anno Domini|Dating clause|https://aschart.kcl.ac.uk/charters/s0259.html
anno ab incarnatione Christi . dcc . l . viii . indictione . xi .|Anno Domini|Dating clause|https://aschart.kcl.ac.uk/charters/s0260.html
anno dominice incarnacionis DCCLXII Indictione XV.|Anno Domini|Dating clause|https://aschart.kcl.ac.uk/charters/s0261.html
anno dominicæ incarnationis dcclxvi . indictione . xii .|Anno Domini|Dating clause|https://aschart.kcl.ac.uk/charters/s0262.html
anno incarnationis domini nostri Iesu Christi . dcco . lxxo iiiio .|Anno Domini|Dating clause|https://aschart.kcl.ac.uk/charters/s0263.html
anno ab incar'n'[a]tione Christi . dcclxxuiii . indictione i|Anno Domini|Dating clause|https://aschart.kcl.ac.uk/charters/s0264.html
Anno ab incarnatione domini . dccc . viii .|Anno Domini|Dating clause|https://aschart.kcl.ac.uk/charters/s0265.html
dominice incarnationis . dccl'xx'xi .|Anno Domini|Dating clause|https://aschart.kcl.ac.uk/charters/s0266.html
"anno dominicæ
incarnationis .dccci."|Anno Domini|Dating clause|https://aschart.kcl.ac.uk/charters/s0270a.html
"incarnatione domini nostri Jhesu Christi
.dcclxxiii."|Anno Domini|Dating clause|https://aschart.kcl.ac.uk/charters/s0270.html
anno dominice incarnationis .dcccxxiii. indictione .vi.|Anno Domini|Dating clause|https://aschart.kcl.ac.uk/charters/s0271.html
"Anno dominicæ incarnationis
.dcccxxvi. Indictione .iiii. anno Ecgberhti regis .xxiiii."|Anno Domini|Dating clause|https://aschart.kcl.ac.uk/charters/s0272.html
"Anno dominicæ incarnationis .dcccxxv.
Indictione .iii. .xiiii.
kl' Septembris . sub testimonio episcoporum
ac procerum suorum quorum
nomina in superfitie huius cartulæ
ascripta inferius leguntur .
Deinde istius agelluli privilegii
singrapha caraxatum est in Homtune
.vii. kl' Januarius . quando
natalem sancti Stephani prothomartyris
celebramus die secunda
dominicæ incarnationis ."|Anno Domini|Dating clause|https://aschart.kcl.ac.uk/charters/s0272.html
"Anno dominicæ incarnationis . dccc xxv .
indictione . iii . xiiii . kl' Sept' . sub testimonio episcoporum ac
procerum suorum quorum nomina in fronte huius cartulæ ascripta
leguntur . Deinde istius agelluli privilegii singrapha caraxatum est
in Omtune . vii . kl' Januar' ."|Anno Domini|Dating clause|https://aschart.kcl.ac.uk/charters/s0273.html
"Anno dominicæ
incarnationis . dcccxxvi . Indictione . iiii . Anno decimo regni sui
."|Anno Domini|Dating clause|https://aschart.kcl.ac.uk/charters/s0274.html
"Anno dominicæ .
incarnationis . d.ccc.xxvi . indictione . iiii . Anno Egbert . regis
. xxiiii . ducatus sui anno . xiii ."|Anno Domini|Dating clause|https://aschart.kcl.ac.uk/charters/s0275.html
"Anno
dominicæ incarnationis . dcccxxvi . Indictione . iiii . Anno
Ecgberti regis . xxiiii . Ducatus sui . Anno . xiiii ."|Anno Domini|Dating clause|https://aschart.kcl.ac.uk/charters/s0276.html
"anno dominice
incarnacionis .dcccxxxiii., indiccione .xii., die qua sancti Stephani
prothomartiris"|Anno Domini|Dating clause|https://aschart.kcl.ac.uk/charters/s0277.html
Anno dominice incarnationis .dcccxxxv., indictione .xiii.|Anno Domini|Dating clause|https://aschart.kcl.ac.uk/charters/s0278.html
"anno dominice incarnationis
.dcccxxxvi., indictione .xiiii."|Anno Domini|Dating clause|https://aschart.kcl.ac.uk/charters/s0279.html
"anno
dominice incarnationis . dcccxxx . uiii . indictione .i."|Anno Domini|Dating clause|https://aschart.kcl.ac.uk/charters/s0280.html
"Anno ab incarnatione domini .dcccxxxix. primo videlicet anno regni
Æðelwulfi regis"|Anno Domini|Dating clause|https://aschart.kcl.ac.uk/charters/s0281.html
dominice incarnationis .dcccxxxviii.|Anno Domini|Dating clause|https://aschart.kcl.ac.uk/charters/s0281.html
"Anno dominicæ incarnationis . dcccc . xxiiii .
indictione . ii . Anno Ecgberti regis . xxiii ."|Anno Domini|Dating clause|https://aschart.kcl.ac.uk/charters/s0283.html
anno ab incarnacione domini .dcccxxvii.|Anno Domini|Dating clause|https://aschart.kcl.ac.uk/charters/s0285.html
anno dominice incarnationis . dccc . xxxviii . indictione . i . iii . feria . die . vero . xiii . kl' Decembr' .|Anno Domini|Dating clause|https://aschart.kcl.ac.uk/charters/s0286.html
anno dominicæ incarnationis dcccxxxviiii indictionis|Anno Domini|Dating clause|https://aschart.kcl.ac.uk/charters/s0287.html
anno ab incarnatione Christi . d . ccc . xl . in [in]diccione tertia|Anno Domini|Dating clause|https://aschart.kcl.ac.uk/charters/s0288.html
anni domini . dcccxli . indictione . iiii .|Anno Domini|Dating clause|https://aschart.kcl.ac.uk/charters/s0289.html
anno ab incarnatione Christi . dccc . xli . indictione . iiii . die qua Sancti Stephani protomartiris|Anno Domini|Dating clause|https://aschart.kcl.ac.uk/charters/s0290.html
anno dominice incarnacionis .dccc.xlii. indiccione .v.|Anno Domini|Dating clause|https://aschart.kcl.ac.uk/charters/s0291.html
anno ab incarnacione Christi . dcccxlii . indictione quarta|Anno Domini|Dating clause|https://aschart.kcl.ac.uk/charters/s0292.html
anno dominicæ incarnacionis .dcccxliiii. indictione .vii. die quoque Nonas Novembris|Anno Domini|Dating clause|https://aschart.kcl.ac.uk/charters/s0294b.html
anno dominicæ incarnationis 855 . indictione tertia , nonas Novembris|Anno Domini|Dating clause|https://aschart.kcl.ac.uk/charters/s0294a.html
anno dominice incarnationis . dcccxliiii . indictione . iiii . die quoque nonas Nouembris|Anno Domini|Dating clause|https://aschart.kcl.ac.uk/charters/s0294.html
anno dominice incarnationis .dcccxiiii. indictione .iiii. die .v. nonas Novembris|Anno Domini|Dating clause|https://aschart.kcl.ac.uk/charters/s0294a.html
anno dominice incarnationis .dcccxliiii.|Anno Domini|Dating clause|https://aschart.kcl.ac.uk/charters/s0295.html
anno dominicæ incarnationis .dcccxlv. indictione .viii. die .ii. feria .xvi. kl' Decemb'|Anno Domini|Dating clause|https://aschart.kcl.ac.uk/charters/s0296.html
anno dominice incarnationis .dcccxlv., indictione .viii., die .xvi. kalendarum Decembris|Anno Domini|Dating clause|https://aschart.kcl.ac.uk/charters/s0297.html
anno ab incarnacione domini .dcccl. indiccione .xii.|Anno Domini|Dating clause|https://aschart.kcl.ac.uk/charters/s0299.html
anno dominice incarnacionis .dcccl., indictione uero .xiii.|Anno Domini|Dating clause|https://aschart.kcl.ac.uk/charters/s0300.html
Anno domini hii sunt . d . ccc . l .|Anno Domini|Dating clause|https://aschart.kcl.ac.uk/charters/s0301.html
anno ab incarnatione Domini nostri Iesu Christi .dcccliiii., indictione .ii., die paschali|Anno Domini|Dating clause|https://aschart.kcl.ac.uk/charters/s0302.html
Anno dominicæ incarnationis . dccc . liiii . indictione . ii . die vero paschali|Anno Domini|Dating clause|https://aschart.kcl.ac.uk/charters/s0304.html
anno dominici incarnacionis .dcccliiii. Indictione .i. die vero paschali|Anno Domini|Dating clause|https://aschart.kcl.ac.uk/charters/s0305.html
anno ab incarnacione domini .dcccliiii. Indiccione .iii.|Anno Domini|Dating clause|https://aschart.kcl.ac.uk/charters/s0306.html
Anno ab incarnatione domini nostri Jhesu Christi . dcccliiii . Indictione . ii . Die vero paschali|Anno Domini|Dating clause|https://aschart.kcl.ac.uk/charters/s0307.html
Anno dominicæ incarnationis . dccc . et . liiii . Indictione . i . pascali|Anno Domini|Dating clause|https://aschart.kcl.ac.uk/charters/s0309.html
Anno dominicæ incarnationis . dccc et liiii . Indictione . i . pascali|Anno Domini|Dating clause|https://aschart.kcl.ac.uk/charters/s0310.html
Anno dominicæ incarnationis . dccc et liiii . Indictione . i . pascali|Anno Domini|Dating clause|https://aschart.kcl.ac.uk/charters/s0311.html
Anno ab incarnatione domini nostri Jesu Christi dcccliiii . Indictione secunda|Anno Domini|Dating clause|https://aschart.kcl.ac.uk/charters/s0312.html
anno dominice incarnationis .dccclv. indictione .iii.|Anno Domini|Dating clause|https://aschart.kcl.ac.uk/charters/s0315.html
anno dominicæ incarnationis . dccc . lv . indictione . i .|Anno Domini|Dating clause|https://aschart.kcl.ac.uk/charters/s0316.html
Anno dominicæ incarnationis . dccc . lvi . Indictione . iiii .|Anno Domini|Dating clause|https://aschart.kcl.ac.uk/charters/s0317.html
Dominicæ Incarnationis anno octingentesimo quinquagesimo septimo , die undecimo Nonas Novembris indictione septima . Anno vero regni mei decimo nono|Anno Domini|Dating clause|https://aschart.kcl.ac.uk/charters/s0318.html
anno dominicæ incarnationis ; dccclxxiiii ; indictione ; vii|Anno Domini|Dating clause|https://aschart.kcl.ac.uk/charters/s0319.html
anno .dccclxxx. dominice incarnacionis .|Anno Domini|Dating clause|https://aschart.kcl.ac.uk/charters/s0320.html
anno dominice incarnationis domini nostri Iesu Christi . dccclxxx . indictione . xiii .|Anno Domini|Dating clause|https://aschart.kcl.ac.uk/charters/s0321.html
anno dominice incarnacionis .dccclx., indiccione .iiii.|Anno Domini|Dating clause|https://aschart.kcl.ac.uk/charters/s0326.html
anno dominice incarnationis , dccclx .|Anno Domini|Dating clause|https://aschart.kcl.ac.uk/charters/s0327.html
anno dominice incarnationis . dccclviii . indictione vi|Anno Domini|Dating clause|https://aschart.kcl.ac.uk/charters/s0328.html
anno incarnacionis dominice .dccclx., indiccione .iiii.|Anno Domini|Dating clause|https://aschart.kcl.ac.uk/charters/s0329.html
anno dominice incarnationis .dccclxi., indictione .ix.|Anno Domini|Dating clause|https://aschart.kcl.ac.uk/charters/s0330.html
anno dominice incarnationis , dccclxii|Anno Domini|Dating clause|https://aschart.kcl.ac.uk/charters/s0331.html
anno dominice incarnations dccclxiii . indictione xi .|Anno Domini|Dating clause|https://aschart.kcl.ac.uk/charters/s0332.html
eahta hund wintra 7 feower 7 sixtig . 7 in þam tacencircole þæt twelfte gear . ðe dæg wæs septimo kalendis Ianuariis .|Anno Domini|Dating clause|https://aschart.kcl.ac.uk/charters/s0333.html
anno ab incarnacione Domini nostri Iesu Christi .dccclix., indiccione .iii.|Anno Domini|Dating clause|https://aschart.kcl.ac.uk/charters/s0334.html
anno dominice incarnationis .dccclxii.|Anno Domini|Dating clause|https://aschart.kcl.ac.uk/charters/s0335.html
anno ab incarnatione domini . dccc . lxiii .|Anno Domini|Dating clause|https://aschart.kcl.ac.uk/charters/s0336.html
anno ab incarnatione Domini nostri Iesu Christi .dccclxvii. indictione .xv.|Anno Domini|Dating clause|https://aschart.kcl.ac.uk/charters/s0337.html
Actum est autem anno ab incarnatione domini . dccclxvii . indictione . xv .|Anno Domini|Dating clause|https://aschart.kcl.ac.uk/charters/s0338.html
anno ab incarnatione Christi .dccccxlviii.|Anno Domini|Dating clause|https://aschart.kcl.ac.uk/charters/s0338a.html
Actum est autem anno ab incarnatione domini nostri Iesu Christi . dccclxviii .|Anno Domini|Dating clause|https://aschart.kcl.ac.uk/charters/s0339.html
Anno dominicæ incarnationis . dccclx . viii .|Anno Domini|Dating clause|https://aschart.kcl.ac.uk/charters/s0340.html
anno dominice incarnacionis . d . c . c . clxix .|Anno Domini|Dating clause|https://aschart.kcl.ac.uk/charters/s0341.html
anno ab incarnatione Christi dccclii . indictione . 4|Anno Domini|Dating clause|https://aschart.kcl.ac.uk/charters/s0343.html
anno ab incarnatione Domini octingesimo septuagesimo secundo et anno regni mei septimo.|Anno Domini|Dating clause|https://aschart.kcl.ac.uk/charters/s0343a.html
anno dominice ab incarnationis . dccc . l . xx . iii . indictiones vero . v . ii .|Anno Domini|Dating clause|https://aschart.kcl.ac.uk/charters/s0344.html
Anno dominicæ incarnationis . dccclxxxii . Indictione vero . xv .|Anno Domini|Dating clause|https://aschart.kcl.ac.uk/charters/s0345.html
Anno igitur postquam almifica cælestini luminis gemma per agrum virginalis pudicitiæ humano generi desiderabilis mistici spiraminis specimine enituit octingentesimo . octuagesimo nono . indictione . vii .|Anno Domini|Dating clause|https://aschart.kcl.ac.uk/charters/s0346.html
anno dominicae incarnationis . dccc.x.ci. indictione .vii. die . vero .iii. nonas Augusti .|Anno Domini|Dating clause|https://aschart.kcl.ac.uk/charters/s0347.html
anno dominice incarnationis dcccxcii. Indictione .x.|Anno Domini|Dating clause|https://aschart.kcl.ac.uk/charters/s0348.html
Anno incarnacionis dominice .dcccxcv.|Anno Domini|Dating clause|https://aschart.kcl.ac.uk/charters/s0349.html
anno ab incarnatione Christi . dcccxcviii .|Anno Domini|Dating clause|https://aschart.kcl.ac.uk/charters/s0350.html
Anno ab incarnatione domini nostri Jhesu . d . cccc xxxviiii . Indictione . xii .|Anno Domini|Dating clause|https://aschart.kcl.ac.uk/charters/s0351.html
Anno ab incarnatione domini nostri Jhesu Christi . dcccclxxviiii . Indictione . xiiii . kal' . November|Anno Domini|Dating clause|https://aschart.kcl.ac.uk/charters/s0352.html
Anno ab incarnatione domini . dc.mo lxxx.mo, indictione viii.|Anno Domini|Dating clause|https://aschart.kcl.ac.uk/charters/s1166.html
mense Julio, tricesima die mensis ejusdem , indictione . xiii.a , anno ab incarnatione domini . 'dc' . octogesimo quinto .|Anno Domini|Dating clause|https://aschart.kcl.ac.uk/charters/s1169.html
mense Augusto , indictione prima , anno ab incarnatione Christi, dcmo. lxxx.o viiivo.|Anno Domini|Dating clause|https://aschart.kcl.ac.uk/charters/s1170.html
anno dominicæ incarnationis dcco . vio .|Anno Domini|Dating clause|https://aschart.kcl.ac.uk/charters/s1174.html
anno dominicæ incarnationis . dcco . vio|Anno Domini|Dating clause|https://aschart.kcl.ac.uk/charters/s1175.html
septingentesimo viii anno + Incarnacionis Christi sexta indicione.|Anno Domini|Dating clause|https://aschart.kcl.ac.uk/charters/s1176.html
anno incarnacionis Domini nostri Iesu Christi .dccximo.,|Anno Domini|Dating clause|https://aschart.kcl.ac.uk/charters/s1178.html
Acta est hæc præfata donatio et confirmatio anno dominicæ incarnationis . dcc . xxvii.|Anno Domini|Dating clause|https://aschart.kcl.ac.uk/charters/s1181.html
Anno ab incarnatione Domini .dccl.xxx.|Anno Domini|Dating clause|https://aschart.kcl.ac.uk/charters/s1184.html
Actum dominicæ incarnationis anno 795 . anno quo cæpit Offa Rex regnare 31 .|Anno Domini|Dating clause|https://aschart.kcl.ac.uk/charters/s1186.html
Anno . ab incarnatione Christi . dccco . iiiio . Indictione . xiia .|Anno Domini|Dating clause|https://aschart.kcl.ac.uk/charters/s1187.html
Anno dcccvi|Anno Domini|Dating clause|https://aschart.kcl.ac.uk/charters/s1188.html
anno dominicæ Incarnationis . dcccxlva , I[ndictione , viii , die do]minico , vi , Id' Novemb'|Anno Domini|Dating clause|https://aschart.kcl.ac.uk/charters/s1194.html
an'no' dominice incarnationis . dccclviiii . indictione septem|Anno Domini|Dating clause|https://aschart.kcl.ac.uk/charters/s1196.html
anno dominice incarnationis .dccclxviii., indictione .i.|Anno Domini|Dating clause|https://aschart.kcl.ac.uk/charters/s1201.html
anno dominice incarnationis dccclxxvo . indictione . vero . viii .|Anno Domini|Dating clause|https://aschart.kcl.ac.uk/charters/s1203.html
anno ab incarnatione domini nostri Jhesu Christi . dccclxxxviii .|Anno Domini|Dating clause|https://aschart.kcl.ac.uk/charters/s1204.html
vii. kalendas Septembris anno incarnationis Christi .dcmo.lxxo.vto.|Anno Domini|Dating clause|https://aschart.kcl.ac.uk/charters/s1245.html
Junii mensis . indictione . vi . Anno ab incarnatione domini sexcentesimo nonagesimo . iiio|Anno Domini|Dating clause|https://aschart.kcl.ac.uk/charters/s1248.html
mense Julio, pridie nonas, indictione quinta, anno incarnationis ejusdem . dclxxx.|Anno Domini|Dating clause|https://aschart.kcl.ac.uk/charters/s1249.html
anno dominicæ Incarnationis Septingentesimo . iiii . decimo.|Anno Domini|Dating clause|https://aschart.kcl.ac.uk/charters/s1250.html
anno . dcc . xii . indictione prima .|Anno Domini|Dating clause|https://aschart.kcl.ac.uk/charters/s1253.html
anno ab incarnatione Christi. dcc . lxx . iiii . indictione xii .|Anno Domini|Dating clause|https://aschart.kcl.ac.uk/charters/s1255.html
<anno> ab incarnacione Domini nostri Iesu Christi .dcclviiii., indiccione .xii.|Anno Domini|Dating clause|https://aschart.kcl.ac.uk/charters/s1256.html
Anno ab incarnatione Christi . dcclxxxi . Indictione . iiiita .|Anno Domini|Dating clause|https://aschart.kcl.ac.uk/charters/s1257.html
Anno dominice Incarnationis . dccc .|Anno Domini|Dating clause|https://aschart.kcl.ac.uk/charters/s1259.html
dcccv . anno incarnationis Christi xiii . indictione .|Anno Domini|Dating clause|https://aschart.kcl.ac.uk/charters/s1259.html
anno dominicæ incarnationis . dccco . iiio . Indictione . xi . die . ii . Non' . Octob'.|Anno Domini|Dating clause|https://aschart.kcl.ac.uk/charters/s1260.html
anno dominice incarnationis , dccc , xliii , indictione , vi , in illa famosa loco quae nominatur Meran worð die , v , k'l . Junias . ii . feria|Anno Domini|Dating clause|https://aschart.kcl.ac.uk/charters/s1264.html
[A]nno dominice Incarnationis . dcccxxiiii .|Anno Domini|Dating clause|https://aschart.kcl.ac.uk/charters/s1264.html
anno dominicæ incarnationis . dccc . xi . indictione enim . iiiia . imperii autem Coenuulfi regis . xv . anno praesulatus autem Wulfredi archiepiscopi anno . vi . die autem undecimo k'l mai' .|Anno Domini|Dating clause|https://aschart.kcl.ac.uk/charters/s1264.html
Anno ab incarnatione ejusdem Dei et redemptoris mundi . d . ccc . xiii . Indictione . iii . præsidente Christi gratia archipontifice Wlfredo metropolitano sedem ecclesiæ Christi quæ sita est in Dorovernia civitate anno . iiii .|Anno Domini|Dating clause|https://aschart.kcl.ac.uk/charters/s1265.html
anno dominicæ inkarnationis . dcccxx . iiii . indictione . ii . die . x . kl' Augusti .|Anno Domini|Dating clause|https://aschart.kcl.ac.uk/charters/s1266.html
anno dominice incarnationis .dcccxliiii., indiccione uero .vi., regni autem regis Bertulfi .iiii. anno|Anno Domini|Dating clause|https://aschart.kcl.ac.uk/charters/s1271.html
anno dominicæ Incarnationis . dccco . xlo . viiiio . Indictione . vero . xiio .|Anno Domini|Dating clause|https://aschart.kcl.ac.uk/charters/s1272.html
anno Incarnationis Christi dccco 7 lvo . Indictione iiia .|Anno Domini|Dating clause|https://aschart.kcl.ac.uk/charters/s1273.html
anno dominice incarnationis . dccclviii .|Anno Domini|Dating clause|https://aschart.kcl.ac.uk/charters/s1274.html
Anni domini nostri Jhesu Christi dccclxxxviiii .|Anno Domini|Dating clause|https://aschart.kcl.ac.uk/charters/s1276.html
anno ab inca'r'natione domini . dccc . lxxvii .|Anno Domini|Dating clause|https://aschart.kcl.ac.uk/charters/s1277.html
anno incarnationis . dccc lxxii . indictione . v .|Anno Domini|Dating clause|https://aschart.kcl.ac.uk/charters/s1278.html
anno incarnationis humanae . dccc . lxxii . indictione . v .|Anno Domini|Dating clause|https://aschart.kcl.ac.uk/charters/s1278.html
anno autem ejusdem Incarnationis humane . dccc . nonagessima nona . indictione vero . ii .|Anno Domini|Dating clause|https://aschart.kcl.ac.uk/charters/s1279.html
Anno ab incarnacione Christi . d . c . c . xl . iiii . cum consensu Athelbaldi regis atque imperio reverentissimique pontificis consciencia Herewaldi indictione . xii .|Anno Domini|Dating clause|https://aschart.kcl.ac.uk/charters/s1410.html
[A]nno dominice incarnationis . dccc . xxx .|Anno Domini|Dating clause|https://aschart.kcl.ac.uk/charters/s1414.html
Anno ejusdem sacre incarnationis . dccc . lxxxviiiio . Indictione . viia . ego Werfryð episcopus anno præsulatus mei . xvi .|Anno Domini|Dating clause|https://aschart.kcl.ac.uk/charters/s1415.html
Anno ab incarnatione redemptoris nostri Jhesu Christi dcccxcii Indictione xi|Anno Domini|Dating clause|https://aschart.kcl.ac.uk/charters/s1416.html
Anno vero dominicæ incarnationis . d.c . lxxx . indictio . ix .|Anno Domini|Dating clause|https://aschart.kcl.ac.uk/charters/s1428a.html
Anno dominicæ incarnationis . dcc . xcviii .|Anno Domini|Dating clause|https://aschart.kcl.ac.uk/charters/s1430a.html
Anno dominici incarnationis . dcco . lxxxo . viiiio . indictione vero . xiia . qui est annus . xxxi . regni Offan strenuissimi Merciorum regis|Anno Domini|Dating clause|https://aschart.kcl.ac.uk/charters/s1430.html
Anno ab incarnatione domini . dccciii . indictione . xi . die quarta idus octobris .|Anno Domini|Dating clause|https://aschart.kcl.ac.uk/charters/s1431b.html
Anno dominicæ incarnationis . dccco . iiio . indictione xia . vo . qui est annus . vii . regni Cenwulfi pii regis Merciorum .|Anno Domini|Dating clause|https://aschart.kcl.ac.uk/charters/s1431.html
Anno dominice incarnationis . dccciii .|Anno Domini|Dating clause|https://aschart.kcl.ac.uk/charters/s1431a.html
anno vero dominicæ incarnationis . dcccoiiio . indictione . xia . Dei . iiiia . idus octobris .|Anno Domini|Dating clause|https://aschart.kcl.ac.uk/charters/s1431a.html
Anno vero ab incarnatione domini nostri Jhesu Christi . dccco . xxiiiio . Indictione autem . ii . regnante Beornuulfo rege Merciorum|Anno Domini|Dating clause|https://aschart.kcl.ac.uk/charters/s1433.html
Anno vero . dominicae incarnationis . dcccoxxiiiio . indictione . ii . Congregatum est synodus in loco celebri ubi nominatur aet Clofeshoum . praesidenti autem Beornuulfo regi Merciorum . anno . ii . regni ejus . atque Uulfredo archiepiscopo anno . xviiiio .|Anno Domini|Dating clause|https://aschart.kcl.ac.uk/charters/s1434.html
Anno ab incarnacione Christi .dcccxxv., indictione .iii., anno .ii. regni Beornulfi regis Merciorum|Anno Domini|Dating clause|https://aschart.kcl.ac.uk/charters/s1435.html
Anno vero dominicae incarnationis . dcccxxva . indictione . iiia . de diversis Saxoniae partibus congregatum est synodale concilium in loco præclaro quæ nominatur aet Clofeshoum . praesidente autem huic venerabili concilio Uulfredo archiepiscopo . anno . xxo . episcopatus sui . Seu etiam Beornuulfo regi Merciorum . anno . iiia . regni ejus .|Anno Domini|Dating clause|https://aschart.kcl.ac.uk/charters/s1436.html
[A]nno dominice Incarnationis . dcccxxxviii .|Anno Domini|Dating clause|https://aschart.kcl.ac.uk/charters/s1438.html
Anno ab incarnatione Christi .dcccxxxviiii. indictione .ii. primo videlicet anno regni Eðeluulfi regis|Anno Domini|Dating clause|https://aschart.kcl.ac.uk/charters/s1438.html
anno dominicæ incarnationis . dcccxliiii . indictione .[ ].|Anno Domini|Dating clause|https://aschart.kcl.ac.uk/charters/s1439.html
Anno uero dominice incarnationis .doccco liio. Indictione .xv. hoc factum est.|Anno Domini|Dating clause|https://aschart.kcl.ac.uk/charters/s1440.html
Rixiendum ussum Dryhtene þem Helendan Criste, Efter ðon þe agan was ehta hund wintra 7 syx 7 hundnigontig Efter his acennednesse, 7 þy feowerteoþan gebonngere|Anno Domini|Dating clause|https://aschart.kcl.ac.uk/charters/s1441.html
Anno dominicæ incarnationis . dccc . xcvii . indictione vero . xv .|Anno Domini|Dating clause|https://aschart.kcl.ac.uk/charters/s1442.html
mense Aprilio . sub die iiii . kalendas Maias . indictione vii|Days and months|Dating clause|https://aschart.kcl.ac.uk/charters/s0001.html
Actum sane quadragesimo quinto anno regni nostri sub die .v. idus Ianuarii.|Days and months|Dating clause|https://aschart.kcl.ac.uk/charters/s0004.html
anno regni nostri primo, indictione tercia, sub die kalendarum Aprilis|Days and months|Dating clause|https://aschart.kcl.ac.uk/charters/s0007.html
Actum in mense Iunio, indictione .xiiii.|Days and months|Dating clause|https://aschart.kcl.ac.uk/charters/s0009.html
anno ab incarnatione Christi .dcxci., indictione .iiii., .viii. die mensis Ianuarii, prima feria|Days and months|Dating clause|https://aschart.kcl.ac.uk/charters/s0010.html
anno secundo regni nostri, indictione secunda, sub die kalendarum Martis|Days and months|Dating clause|https://aschart.kcl.ac.uk/charters/s0010.html
Actum in mense Iulio, indictione secunda.|Days and months|Dating clause|https://aschart.kcl.ac.uk/charters/s0012.html
Anno secundo regni mei, indictione autem tertia, sub die .vi. kalendarum Februarii|Days and months|Dating clause|https://aschart.kcl.ac.uk/charters/s0013.html
Actum .xvi. kalendas Augusti, indictione .vii., anno regni nostri tertio|Days and months|Dating clause|https://aschart.kcl.ac.uk/charters/s0015.html
Actum in mense Martio, indictione nona.|Days and months|Dating clause|https://aschart.kcl.ac.uk/charters/s0016.html
Actum est hoc in loco qui dicitur Berkamystede, indiccione nona, anno regni nostri .v., in mense Februarii.|Days and months|Dating clause|https://aschart.kcl.ac.uk/charters/s0017.html
anno regni mei .vi., secunda feria Aprilis|Days and months|Dating clause|https://aschart.kcl.ac.uk/charters/s0018.html
Actum in mense Julio indictione xma .|Days and months|Dating clause|https://aschart.kcl.ac.uk/charters/s0019.html
Actum die .vi. idus Aprilis, anno regni mei .viii., indictione .xii.|Days and months|Dating clause|https://aschart.kcl.ac.uk/charters/s0020.html
Actum in mense Julio Indictione xiiima.|Days and months|Dating clause|https://aschart.kcl.ac.uk/charters/s0021.html
mense Julio|Days and months|Dating clause|https://aschart.kcl.ac.uk/charters/s0021.html
[Actum est] die vicesima Februarii mensis . anno regni nostri septimo . Indic[tione q]uinta decima|Days and months|Dating clause|https://aschart.kcl.ac.uk/charters/s0023.html
Actum pridie idus Octobris, anno ab incarnatione Domini .dccxxvii., indictione .x.|Days and months|Dating clause|https://aschart.kcl.ac.uk/charters/s0026.html
Actum mense Aprili . indictione . vi . anno ab incarnatione Christi . dccxxxviii.|Days and months|Dating clause|https://aschart.kcl.ac.uk/charters/s0027.html
anno primo regni nostri, die .viii. kalendarum Augusti, in ciuitate Dorouerni|Days and months|Dating clause|https://aschart.kcl.ac.uk/charters/s0028.html
k'as agustus die sabbati quo transfiguratus est Christus .|Days and months|Dating clause|https://aschart.kcl.ac.uk/charters/s0040.html
Scripta est hec cartula anno ab incarnatione Domini .dcclxii., indictione .iii., mensis Augusti die .iii.|Days and months|Dating clause|https://aschart.kcl.ac.uk/charters/s0048.html
anno recapitulationis Dionysii , id est , ab incarnatione domini nostri Jhesu Christi sexcentesimo septuagesimo sexto , indictione quarta , mense Novembris . viiio idus Novembris .|Days and months|Dating clause|https://aschart.kcl.ac.uk/charters/s0051.html
in mense februarii indictione xiia . anno vero ab incarnatione Christi . dccoloviii[i] .|Days and months|Dating clause|https://aschart.kcl.ac.uk/charters/s0056.html
hæc kartala scripta Anno ab incarnatione domini nostri dcc . iiii . indictione . ii . tertia decima die mensis Junii quod est idus Junii .|Days and months|Dating clause|https://aschart.kcl.ac.uk/charters/s0065.html
Actum est die .iiii. kalendarum Nouembris, anno .i. regni mei, indictione .xv.|Days and months|Dating clause|https://aschart.kcl.ac.uk/charters/s0086.html
Actum est die .iiii. kalendarum Nouembris, anno .xxii. regni nostri|Days and months|Dating clause|https://aschart.kcl.ac.uk/charters/s0087.html
actum mense septembrio die indictionis, ii, anno regni nostri xvii|Days and months|Dating clause|https://aschart.kcl.ac.uk/charters/s0088.html
Actum mense Maio in ciuitate Lundonia, indiccione .xiiii., anno ab incarnacione Christi .dccxlviii.|Days and months|Dating clause|https://aschart.kcl.ac.uk/charters/s0091.html
Hanc cartam composui in iiii . feria . viii . Kal . decembribus passio sancti Chrisogoni . martyris .|Days and months|Dating clause|https://aschart.kcl.ac.uk/charters/s0095.html
Peracta est autem hæc donatio in mense Februario . indictione xii . anno vero ab incarnatione Christi dcclviii .|Days and months|Dating clause|https://aschart.kcl.ac.uk/charters/s0104.html
Anno ab incarnacione domini nostri Jhesu Christi . dcc . lxxii . Indictione . x . mensis Augusti . die . xv .|Days and months|Dating clause|https://aschart.kcl.ac.uk/charters/s0108.html
anno incarnationis Christi . dcc o . lxxx o. indictione tertia . die quo passio sancti Mauricii a fidelibus cælebrati .|Days and months|Dating clause|https://aschart.kcl.ac.uk/charters/s0116.html
Anno incarnationis dominicæ . dcc . lxxx . indictione . iii . regni mei anno . xx . iii . mense Septembri . die quo passio Thebaidæ legionis a fidelibus Dei famulis celebratur .|Days and months|Dating clause|https://aschart.kcl.ac.uk/charters/s0118.html
anno ab incarnatione Christi . dcclxxxi . indictione quarta die natali sancti Stephani martyris .|Days and months|Dating clause|https://aschart.kcl.ac.uk/charters/s0120.html
die secundo n[a]t[ivitatis] domini . id est . eo die quo primicerii martyrum beati Stephani nativitas celebratur|Days and months|Dating clause|https://aschart.kcl.ac.uk/charters/s0120.html
Secundo die nativitatis domini . in die festivitatis beati Stephani martiris concedendo donavi . firmamque perpetualiter munio ; Anno ab incarnatione Christi . dcclxxxi . indictione quarta .|Days and months|Dating clause|https://aschart.kcl.ac.uk/charters/s0121.html
Anno dominicæ incarnationis . dcc . xc. Indictione xiii . Anno namque regni mei . xxxiii . cum his testibus , secundo die pascæ, pridiae idus Aprilis|Days and months|Dating clause|https://aschart.kcl.ac.uk/charters/s0133.html
anno dominicæ incarnacionis .dccxcv. Indictione .v. et regni Offanis .xxxv. sub .iiii. nonas Maias .|Days and months|Dating clause|https://aschart.kcl.ac.uk/charters/s0138.html
anno dominice incarnacionis .dccxcv. et regni regis Offanis .xxxv. indiccione .v. sub .iiii. nonas . Maias .|Days and months|Dating clause|https://aschart.kcl.ac.uk/charters/s0138.html
Actum est xvi . kalendus agusti indictione vii . anno regni nostri . iii .|Days and months|Dating clause|https://aschart.kcl.ac.uk/charters/s0156.html
secunda die pasce|Days and months|Dating clause|https://aschart.kcl.ac.uk/charters/s0157.html
xvi . k'l m?i . et eodem die pascha celebratur|Days and months|Dating clause|https://aschart.kcl.ac.uk/charters/s0163.html
Anno vero incarnationis ejusdem salvatoris mundi domini nostri Jhesu Christi . dccc o . xi o . indictione autem . iiii . Imperii vero nostri a Deo dato anno . xvi . die . vero . v . Id . Nov .|Days and months|Dating clause|https://aschart.kcl.ac.uk/charters/s0167.html
Anno autem incarnationis ejusdem domini salvatoris mundi Jhesu Christi . dccc o . xi o . indictione vero . iiii a . Porro quoque imperii piissimi regis Merciorum Coenu'u'lfi anno . xv o . praesulatus etiam Uulfredi archipontificis anno. vi o . prima kalendarum die augustarum|Days and months|Dating clause|https://aschart.kcl.ac.uk/charters/s0168.html
Actum est anno dominicæ incarnationis . dccc o . xii . Indictione . v . In vico regis Lundon' . die . ii . kl' . Novembr' .|Days and months|Dating clause|https://aschart.kcl.ac.uk/charters/s0170.html
Anno .dccc.xiiii. indictione .vii. in vico celeberrimo qui vocatur Tomoworðig . die . vii o . kl' Januarii . regni autem nostri a Deo concessi .xviii. anno .|Days and months|Dating clause|https://aschart.kcl.ac.uk/charters/s0172.html
anno . dcccxiiii . indictione . vii a . die . vii . Kalendas Januarii .|Days and months|Dating clause|https://aschart.kcl.ac.uk/charters/s0174.html
die . vii a . kl decembres .|Days and months|Dating clause|https://aschart.kcl.ac.uk/charters/s0177.html
anno dominicæ incarnationis . dccc o . xv o . Indictione . vii a . regni siquidem nostri . xviiii o . anno . In vico regis qui dicitur Uuicbold . die . xiiii o . Kl' apriles .|Days and months|Dating clause|https://aschart.kcl.ac.uk/charters/s0178.html
anno dominice inca[r]n[a]ti[onis] . dcccxxii . indicti[one] . xv . die vero . xv . k'l octob' .|Days and months|Dating clause|https://aschart.kcl.ac.uk/charters/s0186.html
anno dominice incarnationis . dccc . xxiii . indictione . i . die vero . vii . k'l Junias|Days and months|Dating clause|https://aschart.kcl.ac.uk/charters/s0187.html
die . v feria kl' Septemb'|Days and months|Dating clause|https://aschart.kcl.ac.uk/charters/s0188.html
in pascha|Days and months|Dating clause|https://aschart.kcl.ac.uk/charters/s0192.html
anno dominicæ incarnationis . dccc o . xli o . indictione . iiii . in die natalis domini .|Days and months|Dating clause|https://aschart.kcl.ac.uk/charters/s0193.html
anno dominice incarnationis . dccc o . xli . indictione . iiii . in die natalis domini|Days and months|Dating clause|https://aschart.kcl.ac.uk/charters/s0193.html
Anno incarnationis domini nostri Jhesu Christi . dccc o . xli o . indictione . iiii a . in die natalis domini .|Days and months|Dating clause|https://aschart.kcl.ac.uk/charters/s0195.html
in natali domini æt Tomanworðie . istis testibus confirmata . anno domini . dccc . xli . regis præfati . iii . anno . indictione vero . iii .|Days and months|Dating clause|https://aschart.kcl.ac.uk/charters/s0196.html
anno dominicæ Incarnationis . dccc o . xlv o . Indictione . viii a . in loco regali qui dicitur . Tomeuuorðig . in nativitate . domini .|Days and months|Dating clause|https://aschart.kcl.ac.uk/charters/s0198.html
Anno dominici incarnatione . dccc . lvii . indictione vero . v . in loco famosa qui dicitur Tomanworðig in sancta pascha domini .|Days and months|Dating clause|https://aschart.kcl.ac.uk/charters/s0208.html
die autem in . viii . K'l agustus quo missa beati Jacobi apostoli celebratur . Anno ab incarnatione Christi . dccc . lxiiii . indictione . xii . Burhrede rege regnante . xiii . anno .|Days and months|Dating clause|https://aschart.kcl.ac.uk/charters/s0210.html
anno diuine incarnationis sicut supra inuenitur, et die .v. idus Septembris|Days and months|Dating clause|https://aschart.kcl.ac.uk/charters/s0225.html
anno ab incarnatione Domini .dclxxiii., indictione .xi., mensis Augusti die tertia.|Days and months|Dating clause|https://aschart.kcl.ac.uk/charters/s0232.html
indictione . i ., anno ab incarnatione domini sexcentesimo octogesimo octavo, mense Augusto , quarta decima kalendarum Septembrium die|Days and months|Dating clause|https://aschart.kcl.ac.uk/charters/s0234.html
Anno incarnationis salvatoris humani generis dclxiii . Indictione sexta xiiio kalendas Augusti .|Days and months|Dating clause|https://aschart.kcl.ac.uk/charters/s0238.html
tercio nonas mensis Iulii, indictione .xii., anno ab incarnatione Christi .dclxxxvii.|Days and months|Dating clause|https://aschart.kcl.ac.uk/charters/s0239.html
anno DCXCIII incarnacionis Christi indiccione sexta iij Kal: Januarii.|Days and months|Dating clause|https://aschart.kcl.ac.uk/charters/s0240.html
viio. kalendarum Juniarum die , indictione . iida . anno ab incarnatione Christi . dciiiito .|Days and months|Dating clause|https://aschart.kcl.ac.uk/charters/s0245.html
anno ab incarnatione domini . dcc . secundo , indictione quarta mense Junio .|Days and months|Dating clause|https://aschart.kcl.ac.uk/charters/s0247.html
indictione .iiii., mense Iunio, anno ab incarnatione Domini .d.cc.v.|Days and months|Dating clause|https://aschart.kcl.ac.uk/charters/s0248.html
anno ab incarnatione domini nostri Jhesu Christi dccxxxviiii . Indictione vii . die . iiii . Iduum Aprilium|Days and months|Dating clause|https://aschart.kcl.ac.uk/charters/s0255.html
"Anno dominicæ incarnationis .dcccxxv.
Indictione .iii. .xiiii.
kl' Septembris . sub testimonio episcoporum
ac procerum suorum quorum
nomina in superfitie huius cartulæ
ascripta inferius leguntur .
Deinde istius agelluli privilegii
singrapha caraxatum est in Homtune
.vii. kl' Januarius . quando
natalem sancti Stephani prothomartyris
celebramus die secunda
dominicæ incarnationis ."|Days and months|Dating clause|https://aschart.kcl.ac.uk/charters/s0272.html
"Anno dominicæ incarnationis . dccc xxv .
indictione . iii . xiiii . kl' Sept' . sub testimonio episcoporum ac
procerum suorum quorum nomina in fronte huius cartulæ ascripta
leguntur . Deinde istius agelluli privilegii singrapha caraxatum est
in Omtune . vii . kl' Januar' ."|Days and months|Dating clause|https://aschart.kcl.ac.uk/charters/s0273.html
"anno dominice
incarnacionis .dcccxxxiii., indiccione .xii., die qua sancti Stephani
prothomartiris"|Days and months|Dating clause|https://aschart.kcl.ac.uk/charters/s0277.html
"in Pascha in
Dorchecestre, et posterea uice eandem donationem liberaliter in
Natali confirmauimus, anno imperii nostri .xxxiiii."|Days and months|Dating clause|https://aschart.kcl.ac.uk/charters/s0278.html
anno dominice incarnationis . dccc . xxxviii . indictione . i . iii . feria . die . vero . xiii . kl' Decembr' .|Days and months|Dating clause|https://aschart.kcl.ac.uk/charters/s0286.html
anno ab incarnatione Christi . dccc . xli . indictione . iiii . die qua Sancti Stephani protomartiris|Days and months|Dating clause|https://aschart.kcl.ac.uk/charters/s0290.html
anno dominicæ incarnacionis .dcccxliiii. indictione .vii. die quoque Nonas Novembris|Days and months|Dating clause|https://aschart.kcl.ac.uk/charters/s0294b.html
anno dominicæ incarnationis 855 . indictione tertia , nonas Novembris|Days and months|Dating clause|https://aschart.kcl.ac.uk/charters/s0294a.html
anno dominice incarnationis . dcccxliiii . indictione . iiii . die quoque nonas Nouembris|Days and months|Dating clause|https://aschart.kcl.ac.uk/charters/s0294.html
anno dominice incarnationis .dcccxiiii. indictione .iiii. die .v. nonas Novembris|Days and months|Dating clause|https://aschart.kcl.ac.uk/charters/s0294a.html
anno dominicæ incarnationis .dcccxlv. indictione .viii. die .ii. feria .xvi. kl' Decemb'|Days and months|Dating clause|https://aschart.kcl.ac.uk/charters/s0296.html
anno dominice incarnationis .dcccxlv., indictione .viii., die .xvi. kalendarum Decembris|Days and months|Dating clause|https://aschart.kcl.ac.uk/charters/s0297.html
secunda die natalis domini|Days and months|Dating clause|https://aschart.kcl.ac.uk/charters/s0298.html
anno ab incarnatione Domini nostri Iesu Christi .dcccliiii., indictione .ii., die paschali|Days and months|Dating clause|https://aschart.kcl.ac.uk/charters/s0302.html
Anno dominicæ incarnationis . dccc . liiii . indictione . ii . die vero paschali|Days and months|Dating clause|https://aschart.kcl.ac.uk/charters/s0304.html
anno dominici incarnacionis .dcccliiii. Indictione .i. die vero paschali|Days and months|Dating clause|https://aschart.kcl.ac.uk/charters/s0305.html
Anno ab incarnatione domini nostri Jhesu Christi . dcccliiii . Indictione . ii . Die vero paschali|Days and months|Dating clause|https://aschart.kcl.ac.uk/charters/s0307.html
Anno dominicæ incarnationis . dccc . et . liiii . Indictione . i . pascali|Days and months|Dating clause|https://aschart.kcl.ac.uk/charters/s0309.html
Anno dominicæ incarnationis . dccc et liiii . Indictione . i . pascali|Days and months|Dating clause|https://aschart.kcl.ac.uk/charters/s0310.html
Anno dominicæ incarnationis . dccc et liiii . Indictione . i . pascali|Days and months|Dating clause|https://aschart.kcl.ac.uk/charters/s0311.html
Dominicæ Incarnationis anno octingentesimo quinquagesimo septimo , die undecimo Nonas Novembris indictione septima . Anno vero regni mei decimo nono|Days and months|Dating clause|https://aschart.kcl.ac.uk/charters/s0318.html
eahta hund wintra 7 feower 7 sixtig . 7 in þam tacencircole þæt twelfte gear . ðe dæg wæs septimo kalendis Ianuariis .|Days and months|Dating clause|https://aschart.kcl.ac.uk/charters/s0333.html
anno dominicae incarnationis . dccc.x.ci. indictione .vii. die . vero .iii. nonas Augusti .|Days and months|Dating clause|https://aschart.kcl.ac.uk/charters/s0347.html
Anno ab incarnatione domini nostri Jhesu Christi . dcccclxxviiii . Indictione . xiiii . kal' . November|Days and months|Dating clause|https://aschart.kcl.ac.uk/charters/s0352.html
in mense Octobri, Indictione nona|Days and months|Dating clause|https://aschart.kcl.ac.uk/charters/s1167.html
in mense Octobris, indictione ixa.|Days and months|Dating clause|https://aschart.kcl.ac.uk/charters/s1168.html
mense Julio, tricesima die mensis ejusdem , indictione . xiii.a , anno ab incarnatione domini . 'dc' . octogesimo quinto .|Days and months|Dating clause|https://aschart.kcl.ac.uk/charters/s1169.html
mense Augusto , indictione prima , anno ab incarnatione Christi, dcmo. lxxx.o viiivo.|Days and months|Dating clause|https://aschart.kcl.ac.uk/charters/s1170.html
mense Martio|Days and months|Dating clause|https://aschart.kcl.ac.uk/charters/s1171.html
Actum die .xi. Iulii mensis, anno .xxxiii. regni regis Wihtredi, indictione .vii.|Days and months|Dating clause|https://aschart.kcl.ac.uk/charters/s1180.html
anno dominicæ Incarnationis . dcccxlva , I[ndictione , viii , die do]minico , vi , Id' Novemb'|Days and months|Dating clause|https://aschart.kcl.ac.uk/charters/s1194.html
vii. kalendas Septembris anno incarnationis Christi .dcmo.lxxo.vto.|Days and months|Dating clause|https://aschart.kcl.ac.uk/charters/s1245.html
in mense iulio, indictione sexta|Days and months|Dating clause|https://aschart.kcl.ac.uk/charters/s1247.html
Junii mensis . indictione . vi . Anno ab incarnatione domini sexcentesimo nonagesimo . iiio|Days and months|Dating clause|https://aschart.kcl.ac.uk/charters/s1248.html
mense Julio, pridie nonas, indictione quinta, anno incarnationis ejusdem . dclxxx.|Days and months|Dating clause|https://aschart.kcl.ac.uk/charters/s1249.html
anno dominicæ incarnationis . dccco . iiio . Indictione . xi . die . ii . Non' . Octob'.|Days and months|Dating clause|https://aschart.kcl.ac.uk/charters/s1260.html
anno dominicæ incarnationis . dccc . xi . indictione enim . iiiia . imperii autem Coenuulfi regis . xv . anno praesulatus autem Wulfredi archiepiscopi anno . vi . die autem undecimo k'l mai' .|Days and months|Dating clause|https://aschart.kcl.ac.uk/charters/s1264.html
anno dominicæ inkarnationis . dcccxx . iiii . indictione . ii . die . x . kl' Augusti .|Days and months|Dating clause|https://aschart.kcl.ac.uk/charters/s1266.html
Anno ab incarnatione domini . dccciii . indictione . xi . die quarta idus octobris .|Days and months|Dating clause|https://aschart.kcl.ac.uk/charters/s1431b.html
anno vero dominicæ incarnationis . dcccoiiio . indictione . xia . Dei . iiiia . idus octobris .|Days and months|Dating clause|https://aschart.kcl.ac.uk/charters/s1431a.html
Haec autem pacis conciliatio . facta est sub die . iiii . Idum Octobrium .|Days and months|Dating clause|https://aschart.kcl.ac.uk/charters/s1431.html
a die . iiia . k'l Novembris.|Days and months|Dating clause|https://aschart.kcl.ac.uk/charters/s1433.html
Sancitum est hoc privilegium Anno dominicæ Incarnationis Sexcentesimo . Sexagesimo quarto . Uulferi Regis septimo . Deusdedit Nono . quod nullius insana et punienda cupiditas violet.|Episcopal Dating|Dating clause|https://aschart.kcl.ac.uk/charters/s0068.html
anno beatissimus Aeðilheardus arh[ci]epis[copus] migrabatur ad caelestia regna|Episcopal Dating|Dating clause|https://aschart.kcl.ac.uk/charters/s0161.html
Anno autem incarnationis ejusdem domini salvatoris mundi Jhesu Christi . dccc o . xi o . indictione vero . iiii a . Porro quoque imperii piissimi regis Merciorum Coenu'u'lfi anno . xv o . praesulatus etiam Uulfredi archipontificis anno. vi o . prima kalendarum die augustarum|Episcopal Dating|Dating clause|https://aschart.kcl.ac.uk/charters/s0168.html
Anno quoque incarnationis Dei et salvatoris mundi . dccc o . xii o . indictione . v . Regni quoque gloriosissimi Merciorum regis Coenuulfi anno . xvi o . Præsulatus etiam anno Uulfredi archiepiscopi . vii o .|Episcopal Dating|Dating clause|https://aschart.kcl.ac.uk/charters/s0169.html
anno dominicæ incarnationis . dccc . xi . indictione enim . iiiia . imperii autem Coenuulfi regis . xv . anno praesulatus autem Wulfredi archiepiscopi anno . vi . die autem undecimo k'l mai' .|Episcopal Dating|Dating clause|https://aschart.kcl.ac.uk/charters/s1264.html
Anno ab incarnatione ejusdem Dei et redemptoris mundi . d . ccc . xiii . Indictione . iii . præsidente Christi gratia archipontifice Wlfredo metropolitano sedem ecclesiæ Christi quæ sita est in Dorovernia civitate anno . iiii .|Episcopal Dating|Dating clause|https://aschart.kcl.ac.uk/charters/s1265.html
Anno ejusdem sacre incarnationis . dccc . lxxxviiiio . Indictione . viia . ego Werfryð episcopus anno præsulatus mei . xvi .|Episcopal Dating|Dating clause|https://aschart.kcl.ac.uk/charters/s1415.html
Anno vero . dominicae incarnationis . dcccoxxiiiio . indictione . ii . Congregatum est synodus in loco celebri ubi nominatur aet Clofeshoum . praesidenti autem Beornuulfo regi Merciorum . anno . ii . regni ejus . atque Uulfredo archiepiscopo anno . xviiiio .|Episcopal Dating|Dating clause|https://aschart.kcl.ac.uk/charters/s1434.html
Anno vero dominicae incarnationis . dcccxxva . indictione . iiia . de diversis Saxoniae partibus congregatum est synodale concilium in loco præclaro quæ nominatur aet Clofeshoum . praesidente autem huic venerabili concilio Uulfredo archiepiscopo . anno . xxo . episcopatus sui . Seu etiam Beornuulfo regi Merciorum . anno . iiia . regni ejus .|Episcopal Dating|Dating clause|https://aschart.kcl.ac.uk/charters/s1436.html
mense Aprilio . sub die iiii . kalendas Maias . indictione vii|Indiction|Dating clause|https://aschart.kcl.ac.uk/charters/s0001.html
anno ab incarnatione Christi .dcv., indictione .vi|Indiction|Dating clause|https://aschart.kcl.ac.uk/charters/s0002.html
anno ab incarnatione Christi .dcv., indictione .vi.|Indiction|Dating clause|https://aschart.kcl.ac.uk/charters/s0003.html
Actum est autem anno ab incarnatione saluatoris nostri Iesu Christi sexcentesimo octauo decimo, indictione .iiii.|Indiction|Dating clause|https://aschart.kcl.ac.uk/charters/s0006.html
anno regni nostri primo, indictione tercia, sub die kalendarum Aprilis|Indiction|Dating clause|https://aschart.kcl.ac.uk/charters/s0007.html
Actum in mense Iunio, indictione .xiiii.|Indiction|Dating clause|https://aschart.kcl.ac.uk/charters/s0009.html
anno ab incarnatione Christi .dcxci., indictione .iiii., .viii. die mensis Ianuarii, prima feria|Indiction|Dating clause|https://aschart.kcl.ac.uk/charters/s0010.html
anno secundo regni nostri, indictione secunda, sub die kalendarum Martis|Indiction|Dating clause|https://aschart.kcl.ac.uk/charters/s0010.html
Actum in mense Iulio, indictione secunda.|Indiction|Dating clause|https://aschart.kcl.ac.uk/charters/s0012.html
Anno secundo regni mei, indictione autem tertia, sub die .vi. kalendarum Februarii|Indiction|Dating clause|https://aschart.kcl.ac.uk/charters/s0013.html
Actum .xvi. kalendas Augusti, indictione .vii., anno regni nostri tertio|Indiction|Dating clause|https://aschart.kcl.ac.uk/charters/s0015.html
Actum in mense Martio, indictione nona.|Indiction|Dating clause|https://aschart.kcl.ac.uk/charters/s0016.html
Actum est hoc in loco qui dicitur Berkamystede, indiccione nona, anno regni nostri .v., in mense Februarii.|Indiction|Dating clause|https://aschart.kcl.ac.uk/charters/s0017.html
Actum in mense Julio indictione xma .|Indiction|Dating clause|https://aschart.kcl.ac.uk/charters/s0019.html
Actum die .vi. idus Aprilis, anno regni mei .viii., indictione .xii.|Indiction|Dating clause|https://aschart.kcl.ac.uk/charters/s0020.html
Actum in mense Julio Indictione xiiima.|Indiction|Dating clause|https://aschart.kcl.ac.uk/charters/s0021.html
Anno ab incarnatione domini . dcc . xvi . Indictione . xiii . Anno primo regni regis Æþelbaldi Merciorum .|Indiction|Dating clause|https://aschart.kcl.ac.uk/charters/s0021.html
[Actum est] die vicesima Februarii mensis . anno regni nostri septimo . Indic[tione q]uinta decima|Indiction|Dating clause|https://aschart.kcl.ac.uk/charters/s0023.html
Anno dominicæ incarnationis . dccxli . Indictione iii .|Indiction|Dating clause|https://aschart.kcl.ac.uk/charters/s0024.html
Actum pridie idus Octobris, anno ab incarnatione Domini .dccxxvii., indictione .x.|Indiction|Dating clause|https://aschart.kcl.ac.uk/charters/s0026.html
Actum mense Aprili . indictione . vi . anno ab incarnatione Christi . dccxxxviii.|Indiction|Dating clause|https://aschart.kcl.ac.uk/charters/s0027.html
Anno ab incarnatione Christi . dcclxii . indictione . xv|Indiction|Dating clause|https://aschart.kcl.ac.uk/charters/s0030.html
Actum indictione . xv . anno dominice incarnationis . dcclxii .|Indiction|Dating clause|https://aschart.kcl.ac.uk/charters/s0032.html
Anno Incarnationis Dominicae . dcccv . nostri regni concessi a Deo . v . Indictione xiiii .|Indiction|Dating clause|https://aschart.kcl.ac.uk/charters/s0039.html
Anno ab incarnatione domini nostri Jhesu Christi dcccovo indictione xiii .|Indiction|Dating clause|https://aschart.kcl.ac.uk/charters/s0040.html
[Scripta est autem hec cartula anno] ab incarnatione Domini .dcclxxv., indiction[e .ii.]|Indiction|Dating clause|https://aschart.kcl.ac.uk/charters/s0043.html
Scripta est hec cartula anno ab incarnatione Domini .dcclxii., indictione .iii., mensis Augusti die .iii.|Indiction|Dating clause|https://aschart.kcl.ac.uk/charters/s0048.html
anno recapitulationis Dionysii , id est , ab incarnatione domini nostri Jhesu Christi sexcentesimo septuagesimo sexto , indictione quarta , mense Novembris . viiio idus Novembris .|Indiction|Dating clause|https://aschart.kcl.ac.uk/charters/s0051.html
Anno recapitulationis Dionisi . id est ab incarnatione Christi sexcentessimo . octuagessimo indictione sexta revoluta .|Indiction|Dating clause|https://aschart.kcl.ac.uk/charters/s0052.html
Hæc carta scripta est anno dominicæ incarnationis .dcco. vio. Indictione . iiiia.|Indiction|Dating clause|https://aschart.kcl.ac.uk/charters/s0054.html
in mense februarii indictione xiia . anno vero ab incarnatione Christi . dccoloviii[i] .|Indiction|Dating clause|https://aschart.kcl.ac.uk/charters/s0056.html
Conscripta est autem hæc donatio anno ab incarnatione domini nostri Jhesu Christi . dcc . lxvii . indictione vi . lunari . v .|Indiction|Dating clause|https://aschart.kcl.ac.uk/charters/s0058.html
Conscripta est [autem hæc donatio anno ab] incarnatione domini nostri Jhesu Christi . dcc . lxx . Indictione viiii . decenovi . xi . Lun' . viii .|Indiction|Dating clause|https://aschart.kcl.ac.uk/charters/s0059.html
Conscripta est autem hæc donatio anno ab incarnatione domini nostri Jhesu Christi . dcclxx . indictione . viiii . decennovenal' . xi . . lun . viii .|Indiction|Dating clause|https://aschart.kcl.ac.uk/charters/s0060.html
hæc kartala scripta Anno ab incarnatione domini nostri dcc . iiii . indictione . ii . tertia decima die mensis Junii quod est idus Junii .|Indiction|Dating clause|https://aschart.kcl.ac.uk/charters/s0065.html
Scripta est autem hæc cyrographi cartula , anno ab incarnatione domini . dclxxx . Indictione . ix .|Indiction|Dating clause|https://aschart.kcl.ac.uk/charters/s0071.html
Scripta est autem hæc cirographi cartula anno ab incarnatione domini .dclxxxi. , indictione .ix.|Indiction|Dating clause|https://aschart.kcl.ac.uk/charters/s0073.html
Acta sunt haec anno dominicæ incarnationis . dcc . ix indictione . iiii .|Indiction|Dating clause|https://aschart.kcl.ac.uk/charters/s0079.html
Acta est autem hec donatio. anno incarnationis Christi . dcc.xviii . indictione . x .|Indiction|Dating clause|https://aschart.kcl.ac.uk/charters/s0084.html
Actum autem hoc meæ concessionis donum anno dominicæ incarnationis . dcc . xviii . indictionis . x .|Indiction|Dating clause|https://aschart.kcl.ac.uk/charters/s0085.html
Actum est die .iiii. kalendarum Nouembris, anno .i. regni mei, indictione .xv.|Indiction|Dating clause|https://aschart.kcl.ac.uk/charters/s0086.html
actum mense septembrio die indictionis, ii, anno regni nostri xvii|Indiction|Dating clause|https://aschart.kcl.ac.uk/charters/s0088.html
anno vero dominicæ incarnationis dccxlii . Indictione . x . et regni Æðelbaldi regis Merciorum . xxvii .|Indiction|Dating clause|https://aschart.kcl.ac.uk/charters/s0090.html
Actum mense Maio in ciuitate Lundonia, indiccione .xiiii., anno ab incarnacione Christi .dccxlviii.|Indiction|Dating clause|https://aschart.kcl.ac.uk/charters/s0091.html
Huius scedulæ scriptio dominicæ incarnationis anno . dccxlviiii . indictione secunda in loco celebre cujus vocabulum est Godmundeslaech . xxxiii . anno Ædelbaldi regis peracta est|Indiction|Dating clause|https://aschart.kcl.ac.uk/charters/s0092.html
Peracta est autem hæc donatio in mense Februario . indictione xii . anno vero ab incarnatione Christi dcclviii .|Indiction|Dating clause|https://aschart.kcl.ac.uk/charters/s0104.html
anno dominice incarnationis . dcclxiiii . indictione . ii .|Indiction|Dating clause|https://aschart.kcl.ac.uk/charters/s0105.html
Anno ab incarnacione domini nostri Jhesu Christi . dcc . lxxii . Indictione . x . mensis Augusti . die . xv .|Indiction|Dating clause|https://aschart.kcl.ac.uk/charters/s0108.html
anno ab incarnatione Christi indictione 13tia|Indiction|Dating clause|https://aschart.kcl.ac.uk/charters/s0109.html
Scriptum est hoc anno ab incarnatione Christi .dcclxxviii. Indictione .xv. anno decen . xviii . lun. .xv.|Indiction|Dating clause|https://aschart.kcl.ac.uk/charters/s0113.html
Conscribta est 'autem' hæc munificentia piissimi regis Offan anno ab incarnatione Christi . dcclxxviiii . Indictione secunda . anno decennovenali primo . lunari . xvii .|Indiction|Dating clause|https://aschart.kcl.ac.uk/charters/s0114.html
Conscripta est hæc cartula anno ab incarnatione Christi . dcclxxviiii . indictione secunda . anno decennovennali primo . lunari . xvii .|Indiction|Dating clause|https://aschart.kcl.ac.uk/charters/s0115.html
anno incarnationis Christi . dcc o . lxxx o. indictione tertia . die quo passio sancti Mauricii a fidelibus cælebrati .|Indiction|Dating clause|https://aschart.kcl.ac.uk/charters/s0116.html
Anno incarnationis dominicæ . dcc . lxxx . indictione . iii . regni mei anno . xx . iii . mense Septembri . die quo passio Thebaidæ legionis a fidelibus Dei famulis celebratur .|Indiction|Dating clause|https://aschart.kcl.ac.uk/charters/s0118.html
anno ab incarnatione Christi . dcclxxxi . indictione quarta die natali sancti Stephani martyris .|Indiction|Dating clause|https://aschart.kcl.ac.uk/charters/s0120.html
Secundo die nativitatis domini . in die festivitatis beati Stephani martiris concedendo donavi . firmamque perpetualiter munio ; Anno ab incarnatione Christi . dcclxxxi . indictione quarta .|Indiction|Dating clause|https://aschart.kcl.ac.uk/charters/s0121.html
Actum anno dominice incarnationis . dcclxxxix . indictione . xii .|Indiction|Dating clause|https://aschart.kcl.ac.uk/charters/s0131.html
Anno dominicæ incarnationis . dcc . xc. Indictione xiii . Anno namque regni mei . xxxiii . cum his testibus , secundo die pascæ, pridiae idus Aprilis|Indiction|Dating clause|https://aschart.kcl.ac.uk/charters/s0133.html
anno dominicæ incarnacionis .dccxciii. indiccione .iii. anno vero Offan regis Merciorum .xxxvi.|Indiction|Dating clause|https://aschart.kcl.ac.uk/charters/s0136.html
anno dominicæ incarnacionis .dccxcv. Indictione .v. et regni Offanis .xxxv. sub .iiii. nonas Maias .|Indiction|Dating clause|https://aschart.kcl.ac.uk/charters/s0138.html
anno dominice incarnacionis .dccxcv. et regni regis Offanis .xxxv. indiccione .v. sub .iiii. nonas . Maias .|Indiction|Dating clause|https://aschart.kcl.ac.uk/charters/s0138.html
Et actum est anno ab incarnacione Christi . dcc . xc . vi . indictione . iiii a .|Indiction|Dating clause|https://aschart.kcl.ac.uk/charters/s0149.html
Anno dominice incarnacionis septingentesimo nonagesimo sexto . indiccione quarta . primo vero anno regni nostri|Indiction|Dating clause|https://aschart.kcl.ac.uk/charters/s0150.html
anno dominice incarnacionis . dcc . xcvi . indiccione . iiii . primo autem anno regni nobis|Indiction|Dating clause|https://aschart.kcl.ac.uk/charters/s0151.html
anno dominice incarnationis . dcc . xc o . viiii a . indictione . vii a .|Indiction|Dating clause|https://aschart.kcl.ac.uk/charters/s0154.html
anno dominicae incarnationis . dcc o. xc o. viiii o. in vicu regio æt Tome worðige . qui est tertius annus inperii nostri indictio[ne] . vero . vii .|Indiction|Dating clause|https://aschart.kcl.ac.uk/charters/s0155.html
Actum est xvi . kalendus agusti indictione vii . anno regni nostri . iii .|Indiction|Dating clause|https://aschart.kcl.ac.uk/charters/s0156.html
Actum est anno aduentus Domini .dccciiii., indictione .xii. et regni regis Coeneuulfi anno .viii.|Indiction|Dating clause|https://aschart.kcl.ac.uk/charters/s0159.html
Anno vero dominicæ incarnationi . dccc oviii o . indict' . xv a . et regni mei a Deo concessi . xii o .|Indiction|Dating clause|https://aschart.kcl.ac.uk/charters/s0163.html
Anno dominice incarnacionis . dccc o . x o. Indictione . iii .|Indiction|Dating clause|https://aschart.kcl.ac.uk/charters/s0164.html
anno dominice incarnacionis . dccc o. viiii . Indictione . ii .|Indiction|Dating clause|https://aschart.kcl.ac.uk/charters/s0164.html
anno dominicae incarnationis . dccc axi a . indictione . iiii a .|Indiction|Dating clause|https://aschart.kcl.ac.uk/charters/s0165.html
Anno vero incarnationis ejusdem salvatoris mundi domini nostri Jhesu Christi . dccc o . xi o . indictione autem . iiii . Imperii vero nostri a Deo dato anno . xvi . die . vero . v . Id . Nov .|Indiction|Dating clause|https://aschart.kcl.ac.uk/charters/s0167.html
Anno autem incarnationis ejusdem domini salvatoris mundi Jhesu Christi . dccc o . xi o . indictione vero . iiii a . Porro quoque imperii piissimi regis Merciorum Coenu'u'lfi anno . xv o . praesulatus etiam Uulfredi archipontificis anno. vi o . prima kalendarum die augustarum|Indiction|Dating clause|https://aschart.kcl.ac.uk/charters/s0168.html
Anno quoque incarnationis Dei et salvatoris mundi . dccc o . xii o . indictione . v . Regni quoque gloriosissimi Merciorum regis Coenuulfi anno . xvi o . Præsulatus etiam anno Uulfredi archiepiscopi . vii o .|Indiction|Dating clause|https://aschart.kcl.ac.uk/charters/s0169.html
Actum est anno dominicæ incarnationis . dccc o . xii . Indictione . v . In vico regis Lundon' . die . ii . kl' . Novembr' .|Indiction|Dating clause|https://aschart.kcl.ac.uk/charters/s0170.html
anno dominicæ incarnationis . dccc mo . xiiii to . indictione . vii .|Indiction|Dating clause|https://aschart.kcl.ac.uk/charters/s0171.html
Anno .dccc.xiiii. indictione .vii. in vico celeberrimo qui vocatur Tomoworðig . die . vii o . kl' Januarii . regni autem nostri a Deo concessi .xviii. anno .|Indiction|Dating clause|https://aschart.kcl.ac.uk/charters/s0172.html
anno . dcccxiiii . indictione . vii a . die . vii . Kalendas Januarii .|Indiction|Dating clause|https://aschart.kcl.ac.uk/charters/s0174.html
anno dominice incarnationis . dccc o. xiiii o. indictione . vi a .|Indiction|Dating clause|https://aschart.kcl.ac.uk/charters/s0175.html
anno dominicæ incarnationis . dccc . xiiii o . indictione . vi a .|Indiction|Dating clause|https://aschart.kcl.ac.uk/charters/s0176.html
anno dominicae incarnationis . dccc oxiiii o . indictione . vii a|Indiction|Dating clause|https://aschart.kcl.ac.uk/charters/s0177.html
anno dominicæ incarnationis . dccc . xvi . indictione nona ; regni vero nostri a Deo concessi . xx o .|Indiction|Dating clause|https://aschart.kcl.ac.uk/charters/s0179.html
anno dominice incarnationis dcccxvi indictione namque nona regni vero nostri a Deo concessi xx o .|Indiction|Dating clause|https://aschart.kcl.ac.uk/charters/s0180.html
anno dominicæ incarnationis . dccc . xvii . indictione namque . x . regni vero nostri a Deo concessi . xxi .|Indiction|Dating clause|https://aschart.kcl.ac.uk/charters/s0181.html
anno dominicæ incarnationis . dccc o . xvii o . indictione vero . x ma . Porro autem primo et vicesimo anno regni nostri .|Indiction|Dating clause|https://aschart.kcl.ac.uk/charters/s0182.html
Anno uero dominice incarnationis .dcccxxi., indictione .xiiii. Ego Coenulfus rex Merciorum ab eodem Deo et Domino nostro populis et tribubus preordinatus in regem, anno imperii nostri .xxv.|Indiction|Dating clause|https://aschart.kcl.ac.uk/charters/s0183.html
anno dominice inca[r]n[a]ti[onis] . dcccxxii . indicti[one] . xv . die vero . xv . k'l octob' .|Indiction|Dating clause|https://aschart.kcl.ac.uk/charters/s0186.html
anno dominice incarnationis . dccc . xxiii . indictione . i . die vero . vii . k'l Junias|Indiction|Dating clause|https://aschart.kcl.ac.uk/charters/s0187.html
anno vero dominicae incarnationis . dccc oxxx oi a. indictione . viiii o .|Indiction|Dating clause|https://aschart.kcl.ac.uk/charters/s0188.html
anno dominicae incarnationis . dccc o . xxx o . vi o , indictione vero . xiiii o regni autem nostri a Deo concessi . vii o .|Indiction|Dating clause|https://aschart.kcl.ac.uk/charters/s0190.html
anno dominice incarnationis . dcccxl . Indictione vero . iii . regni autem ejusdem Beorhtwulfi regis . ii o . anno .|Indiction|Dating clause|https://aschart.kcl.ac.uk/charters/s0191.html
Anno autem ab incarnatione ejusdem Dei et domini nostri Jhesu Christi . dccc o . xl o . indictione . iii .|Indiction|Dating clause|https://aschart.kcl.ac.uk/charters/s0192.html
anno dominicæ incarnationis . dccc o . xli o . indictione . iiii . in die natalis domini .|Indiction|Dating clause|https://aschart.kcl.ac.uk/charters/s0193.html
anno dominice incarnationis . dccc o . xli . indictione . iiii . in die natalis domini|Indiction|Dating clause|https://aschart.kcl.ac.uk/charters/s0193.html
anno dominicæ incarnationis . dccc . xli . indictione . iii .|Indiction|Dating clause|https://aschart.kcl.ac.uk/charters/s0194.html
Anno incarnationis domini nostri Jhesu Christi . dccc o . xli o . indictione . iiii a . in die natalis domini .|Indiction|Dating clause|https://aschart.kcl.ac.uk/charters/s0195.html
in natali domini æt Tomanworðie . istis testibus confirmata . anno domini . dccc . xli . regis præfati . iii . anno . indictione vero . iii .|Indiction|Dating clause|https://aschart.kcl.ac.uk/charters/s0196.html
anno dominicæ Incarnationis . dccc o . xlv o . Indictione . viii a . in loco regali qui dicitur . Tomeuuorðig . in nativitate . domini .|Indiction|Dating clause|https://aschart.kcl.ac.uk/charters/s0198.html
anno ab incarnatione Christi .dccclii., indiccione quinta|Indiction|Dating clause|https://aschart.kcl.ac.uk/charters/s0202.html
anno dominice incarnationis. dccc . lv o . indictione . iii a .|Indiction|Dating clause|https://aschart.kcl.ac.uk/charters/s0206.html
Anno dominicæ incarnationis . dccc o . lv o . indictione . iii .|Indiction|Dating clause|https://aschart.kcl.ac.uk/charters/s0207.html
anno dominice incarnationis . dccc o . lv o . indictione iii a .|Indiction|Dating clause|https://aschart.kcl.ac.uk/charters/s0207.html
Anno dominici incarnatione . dccc . lvii . indictione vero . v . in loco famosa qui dicitur Tomanworðig in sancta pascha domini .|Indiction|Dating clause|https://aschart.kcl.ac.uk/charters/s0208.html
anno dominicæ Incarnationis dccc o lxii o Indictione x a|Indiction|Dating clause|https://aschart.kcl.ac.uk/charters/s0209.html
anno dominicæ incarnationis octingentesimo septuagesimo secundo , indictione quinta|Indiction|Dating clause|https://aschart.kcl.ac.uk/charters/s0209.html
die autem in . viii . K'l agustus quo missa beati Jacobi apostoli celebratur . Anno ab incarnatione Christi . dccc . lxiiii . indictione . xii . Burhrede rege regnante . xiii . anno .|Indiction|Dating clause|https://aschart.kcl.ac.uk/charters/s0210.html
Anno dominicæ incarnationis . dccc . lxvi . indictione . v . decima .|Indiction|Dating clause|http://www.aschart.kcl.ac.uk/charters/s0211.html
anno dominicæ incarnationis dccc . lxvi . indictione vero decima .|Indiction|Dating clause|https://aschart.kcl.ac.uk/charters/s0212.html
Anno dominicæ incarnationis . dccclxix . indictione vero . ii a . Burgredi autem regis regno . xvii o .|Indiction|Dating clause|https://aschart.kcl.ac.uk/charters/s0214.html
anno ejusdem incarnationis humane . dccclxxv . indictione . vii .|Indiction|Dating clause|https://aschart.kcl.ac.uk/charters/s0215.html
dom'c incarnat' . dccc . lxxx . indictione vero . v .|Indiction|Dating clause|https://aschart.kcl.ac.uk/charters/s0217.html
anno dominice incarnationis dccclxxxiii, Indictione autem 1|Indiction|Dating clause|https://aschart.kcl.ac.uk/charters/s0218.html
Incarnationis dccc o . lxxx o . iiii . Indictione vero secunda .|Indiction|Dating clause|https://aschart.kcl.ac.uk/charters/s0219.html
Anno autem incarnacionis ejus . dccc . lxxxviii . indiccione vero vi .|Indiction|Dating clause|https://aschart.kcl.ac.uk/charters/s0220.html
anno dominice incarnationis . dcccc oi o . in[dictione . iiii .]|Indiction|Dating clause|https://aschart.kcl.ac.uk/charters/s0221.html
Anno dominice incarnacionis . dccc . luna indictione . uero . iij .|Indiction|Dating clause|https://aschart.kcl.ac.uk/charters/s0224.html
Indictione . i . mense Augusto . Anno ab incarnatione domini . dclxxxii.|Indiction|Dating clause|https://aschart.kcl.ac.uk/charters/s0231.html
anno ab incarnatione Domini .dclxxiii., indictione .xi., mensis Augusti die tertia.|Indiction|Dating clause|https://aschart.kcl.ac.uk/charters/s0232.html
indictione . i ., anno ab incarnatione domini sexcentesimo octogesimo octavo, mense Augusto , quarta decima kalendarum Septembrium die|Indiction|Dating clause|https://aschart.kcl.ac.uk/charters/s0234.html
Anno ab incarnatione domini nostri Jhesu Christi . dc.lxxxviii . indictione . i .|Indiction|Dating clause|https://aschart.kcl.ac.uk/charters/s0235.html
Anno ab incarnatione domini nostri Jhesu Christi . dclxxii . Indictione . x .|Indiction|Dating clause|https://aschart.kcl.ac.uk/charters/s0237.html
Anno incarnationis salvatoris humani generis dclxiii . Indictione sexta xiiio kalendas Augusti .|Indiction|Dating clause|https://aschart.kcl.ac.uk/charters/s0238.html
tercio nonas mensis Iulii, indictione .xii., anno ab incarnatione Christi .dclxxxvii.|Indiction|Dating clause|https://aschart.kcl.ac.uk/charters/s0239.html
anno DCXCIII incarnacionis Christi indiccione sexta iij Kal: Januarii.|Indiction|Dating clause|https://aschart.kcl.ac.uk/charters/s0240.html
anno ab incarnatione Christi .dcxcix, indictione .xii.|Indiction|Dating clause|https://aschart.kcl.ac.uk/charters/s0241.html
anno dominicæ incarnationis . dcc . i . indictione . xiiii.|Indiction|Dating clause|https://aschart.kcl.ac.uk/charters/s0242.html
anno ab incarnatione Christi septingentesimo primo , indictione xma. ivta.|Indiction|Dating clause|https://aschart.kcl.ac.uk/charters/s0243.html
anno septingenteseimo secundo incarnacionis Jhesu Christi Domini nostri xva indicione.|Indiction|Dating clause|https://aschart.kcl.ac.uk/charters/s0244.html
viio. kalendarum Juniarum die , indictione . iida . anno ab incarnatione Christi . dciiiito .|Indiction|Dating clause|https://aschart.kcl.ac.uk/charters/s0245.html
anno ab incarnatione domini . dcc . secundo , indictione quarta mense Junio .|Indiction|Dating clause|https://aschart.kcl.ac.uk/charters/s0247.html
indictione .iiii., mense Iunio, anno ab incarnatione Domini .d.cc.v.|Indiction|Dating clause|https://aschart.kcl.ac.uk/charters/s0248.html
anno dominicæ incarnationis . dccmo xxmo vto . indictione . iiiita .|Indiction|Dating clause|https://aschart.kcl.ac.uk/charters/s0250.html
anno ab incarnatione domini . dccxxv . indictione octava .|Indiction|Dating clause|https://aschart.kcl.ac.uk/charters/s0251.html
anno ab incarnatione domini nostri Jhesu Christi dccxxxviiii . Indictione vii . die . iiii . Iduum Aprilium|Indiction|Dating clause|https://aschart.kcl.ac.uk/charters/s0255.html
anno ab incarnatione Christi . dccoxlovo .|Indiction|Dating clause|https://aschart.kcl.ac.uk/charters/s0256.html
anno ab incarnatione Christi . dcc . l . viii . indictione . xi .|Indiction|Dating clause|https://aschart.kcl.ac.uk/charters/s0260.html
anno dominice incarnacionis DCCLXII Indictione XV.|Indiction|Dating clause|https://aschart.kcl.ac.uk/charters/s0261.html
anno dominicæ incarnationis dcclxvi . indictione . xii .|Indiction|Dating clause|https://aschart.kcl.ac.uk/charters/s0262.html
anno ab incar'n'[a]tione Christi . dcclxxuiii . indictione i|Indiction|Dating clause|https://aschart.kcl.ac.uk/charters/s0264.html
anno dominice incarnationis .dcccxxiii. indictione .vi.|Indiction|Dating clause|https://aschart.kcl.ac.uk/charters/s0271.html
"Anno dominicæ incarnationis
.dcccxxvi. Indictione .iiii. anno Ecgberhti regis .xxiiii."|Indiction|Dating clause|https://aschart.kcl.ac.uk/charters/s0272.html
"Anno dominicæ incarnationis .dcccxxv.
Indictione .iii. .xiiii.
kl' Septembris . sub testimonio episcoporum
ac procerum suorum quorum
nomina in superfitie huius cartulæ
ascripta inferius leguntur .
Deinde istius agelluli privilegii
singrapha caraxatum est in Homtune
.vii. kl' Januarius . quando
natalem sancti Stephani prothomartyris
celebramus die secunda
dominicæ incarnationis ."|Indiction|Dating clause|https://aschart.kcl.ac.uk/charters/s0272.html
"Anno dominicæ incarnationis . dccc xxv .
indictione . iii . xiiii . kl' Sept' . sub testimonio episcoporum ac
procerum suorum quorum nomina in fronte huius cartulæ ascripta
leguntur . Deinde istius agelluli privilegii singrapha caraxatum est
in Omtune . vii . kl' Januar' ."|Indiction|Dating clause|https://aschart.kcl.ac.uk/charters/s0273.html
"Anno dominicæ
incarnationis . dcccxxvi . Indictione . iiii . Anno decimo regni sui
."|Indiction|Dating clause|https://aschart.kcl.ac.uk/charters/s0274.html
"Anno dominicæ .
incarnationis . d.ccc.xxvi . indictione . iiii . Anno Egbert . regis
. xxiiii . ducatus sui anno . xiii ."|Indiction|Dating clause|https://aschart.kcl.ac.uk/charters/s0275.html
"Anno
dominicæ incarnationis . dcccxxvi . Indictione . iiii . Anno
Ecgberti regis . xxiiii . Ducatus sui . Anno . xiiii ."|Indiction|Dating clause|https://aschart.kcl.ac.uk/charters/s0276.html
"anno dominice
incarnacionis .dcccxxxiii., indiccione .xii., die qua sancti Stephani
prothomartiris"|Indiction|Dating clause|https://aschart.kcl.ac.uk/charters/s0277.html
Anno dominice incarnationis .dcccxxxv., indictione .xiii.|Indiction|Dating clause|https://aschart.kcl.ac.uk/charters/s0278.html
"anno dominice incarnationis
.dcccxxxvi., indictione .xiiii."|Indiction|Dating clause|https://aschart.kcl.ac.uk/charters/s0279.html
"anno
dominice incarnationis . dcccxxx . uiii . indictione .i."|Indiction|Dating clause|https://aschart.kcl.ac.uk/charters/s0280.html
"Anno dominicæ incarnationis . dcccc . xxiiii .
indictione . ii . Anno Ecgberti regis . xxiii ."|Indiction|Dating clause|https://aschart.kcl.ac.uk/charters/s0283.html
anno dominice incarnationis . dccc . xxxviii . indictione . i . iii . feria . die . vero . xiii . kl' Decembr' .|Indiction|Dating clause|https://aschart.kcl.ac.uk/charters/s0286.html
anno dominicæ incarnationis dcccxxxviiii indictionis|Indiction|Dating clause|https://aschart.kcl.ac.uk/charters/s0287.html
anno ab incarnatione Christi . d . ccc . xl . in [in]diccione tertia|Indiction|Dating clause|https://aschart.kcl.ac.uk/charters/s0288.html
anni domini . dcccxli . indictione . iiii .|Indiction|Dating clause|https://aschart.kcl.ac.uk/charters/s0289.html
anno ab incarnatione Christi . dccc . xli . indictione . iiii . die qua Sancti Stephani protomartiris|Indiction|Dating clause|https://aschart.kcl.ac.uk/charters/s0290.html
anno dominice incarnacionis .dccc.xlii. indiccione .v.|Indiction|Dating clause|https://aschart.kcl.ac.uk/charters/s0291.html
anno ab incarnacione Christi . dcccxlii . indictione quarta|Indiction|Dating clause|https://aschart.kcl.ac.uk/charters/s0292.html
anno dominicæ incarnacionis .dcccxliiii. indictione .vii. die quoque Nonas Novembris|Indiction|Dating clause|https://aschart.kcl.ac.uk/charters/s0294b.html
anno dominicæ incarnationis 855 . indictione tertia , nonas Novembris|Indiction|Dating clause|https://aschart.kcl.ac.uk/charters/s0294a.html
anno dominice incarnationis . dcccxliiii . indictione . iiii . die quoque nonas Nouembris|Indiction|Dating clause|https://aschart.kcl.ac.uk/charters/s0294.html
anno dominice incarnationis .dcccxiiii. indictione .iiii. die .v. nonas Novembris|Indiction|Dating clause|https://aschart.kcl.ac.uk/charters/s0294a.html
anno dominicæ incarnationis .dcccxlv. indictione .viii. die .ii. feria .xvi. kl' Decemb'|Indiction|Dating clause|https://aschart.kcl.ac.uk/charters/s0296.html
anno dominice incarnationis .dcccxlv., indictione .viii., die .xvi. kalendarum Decembris|Indiction|Dating clause|https://aschart.kcl.ac.uk/charters/s0297.html
anno ab incarnacione domini .dcccl. indiccione .xii.|Indiction|Dating clause|https://aschart.kcl.ac.uk/charters/s0299.html
anno dominice incarnacionis .dcccl., indictione uero .xiii.|Indiction|Dating clause|https://aschart.kcl.ac.uk/charters/s0300.html
anno ab incarnatione Domini nostri Iesu Christi .dcccliiii., indictione .ii., die paschali|Indiction|Dating clause|https://aschart.kcl.ac.uk/charters/s0302.html
Anno dominicæ incarnationis . dccc . liiii . indictione . ii . die vero paschali|Indiction|Dating clause|https://aschart.kcl.ac.uk/charters/s0304.html
anno dominici incarnacionis .dcccliiii. Indictione .i. die vero paschali|Indiction|Dating clause|https://aschart.kcl.ac.uk/charters/s0305.html
anno ab incarnacione domini .dcccliiii. Indiccione .iii.|Indiction|Dating clause|https://aschart.kcl.ac.uk/charters/s0306.html
Anno ab incarnatione domini nostri Jhesu Christi . dcccliiii . Indictione . ii . Die vero paschali|Indiction|Dating clause|https://aschart.kcl.ac.uk/charters/s0307.html
Anno dominicæ incarnationis . dccc . et . liiii . Indictione . i . pascali|Indiction|Dating clause|https://aschart.kcl.ac.uk/charters/s0309.html
Anno dominicæ incarnationis . dccc et liiii . Indictione . i . pascali|Indiction|Dating clause|https://aschart.kcl.ac.uk/charters/s0310.html
Anno dominicæ incarnationis . dccc et liiii . Indictione . i . pascali|Indiction|Dating clause|https://aschart.kcl.ac.uk/charters/s0311.html
Anno ab incarnatione domini nostri Jesu Christi dcccliiii . Indictione secunda|Indiction|Dating clause|https://aschart.kcl.ac.uk/charters/s0312.html
anno dominice incarnationis .dccclv. indictione .iii.|Indiction|Dating clause|https://aschart.kcl.ac.uk/charters/s0315.html
anno dominicæ incarnationis . dccc . lv . indictione . i .|Indiction|Dating clause|https://aschart.kcl.ac.uk/charters/s0316.html
Anno dominicæ incarnationis . dccc . lvi . Indictione . iiii .|Indiction|Dating clause|https://aschart.kcl.ac.uk/charters/s0317.html
Dominicæ Incarnationis anno octingentesimo quinquagesimo septimo , die undecimo Nonas Novembris indictione septima . Anno vero regni mei decimo nono|Indiction|Dating clause|https://aschart.kcl.ac.uk/charters/s0318.html
anno dominicæ incarnationis ; dccclxxiiii ; indictione ; vii|Indiction|Dating clause|https://aschart.kcl.ac.uk/charters/s0319.html
anno dominice incarnationis domini nostri Iesu Christi . dccclxxx . indictione . xiii .|Indiction|Dating clause|https://aschart.kcl.ac.uk/charters/s0321.html
anno dominice incarnacionis .dccclx., indiccione .iiii.|Indiction|Dating clause|https://aschart.kcl.ac.uk/charters/s0326.html
anno dominice incarnationis . dccclviii . indictione vi|Indiction|Dating clause|https://aschart.kcl.ac.uk/charters/s0328.html
anno incarnacionis dominice .dccclx., indiccione .iiii.|Indiction|Dating clause|https://aschart.kcl.ac.uk/charters/s0329.html
anno dominice incarnationis .dccclxi., indictione .ix.|Indiction|Dating clause|https://aschart.kcl.ac.uk/charters/s0330.html
anno dominice incarnations dccclxiii . indictione xi .|Indiction|Dating clause|https://aschart.kcl.ac.uk/charters/s0332.html
eahta hund wintra 7 feower 7 sixtig . 7 in þam tacencircole þæt twelfte gear . ðe dæg wæs septimo kalendis Ianuariis .|Indiction|Dating clause|https://aschart.kcl.ac.uk/charters/s0333.html
anno ab incarnacione Domini nostri Iesu Christi .dccclix., indiccione .iii.|Indiction|Dating clause|https://aschart.kcl.ac.uk/charters/s0334.html
anno ab incarnatione Domini nostri Iesu Christi .dccclxvii. indictione .xv.|Indiction|Dating clause|https://aschart.kcl.ac.uk/charters/s0337.html
Actum est autem anno ab incarnatione domini . dccclxvii . indictione . xv .|Indiction|Dating clause|https://aschart.kcl.ac.uk/charters/s0338.html
anno ab incarnatione Christi .dccccxlviii.|Indiction|Dating clause|https://aschart.kcl.ac.uk/charters/s0338a.html
anno ab incarnatione Christi dccclii . indictione . 4|Indiction|Dating clause|https://aschart.kcl.ac.uk/charters/s0343.html
anno dominice ab incarnationis . dccc . l . xx . iii . indictiones vero . v . ii .|Indiction|Dating clause|https://aschart.kcl.ac.uk/charters/s0344.html
Anno dominicæ incarnationis . dccclxxxii . Indictione vero . xv .|Indiction|Dating clause|https://aschart.kcl.ac.uk/charters/s0345.html
Anno igitur postquam almifica cælestini luminis gemma per agrum virginalis pudicitiæ humano generi desiderabilis mistici spiraminis specimine enituit octingentesimo . octuagesimo nono . indictione . vii .|Indiction|Dating clause|https://aschart.kcl.ac.uk/charters/s0346.html
anno dominicae incarnationis . dccc.x.ci. indictione .vii. die . vero .iii. nonas Augusti .|Indiction|Dating clause|https://aschart.kcl.ac.uk/charters/s0347.html
anno dominice incarnationis dcccxcii. Indictione .x.|Indiction|Dating clause|https://aschart.kcl.ac.uk/charters/s0348.html
Anno ab incarnatione domini nostri Jhesu . d . cccc xxxviiii . Indictione . xii .|Indiction|Dating clause|https://aschart.kcl.ac.uk/charters/s0351.html
Anno ab incarnatione domini nostri Jhesu Christi . dcccclxxviiii . Indictione . xiiii . kal' . November|Indiction|Dating clause|https://aschart.kcl.ac.uk/charters/s0352.html
Anno ab incarnatione domini . dc.mo lxxx.mo, indictione viii.|Indiction|Dating clause|https://aschart.kcl.ac.uk/charters/s1166.html
in mense Octobri, Indictione nona|Indiction|Dating clause|https://aschart.kcl.ac.uk/charters/s1167.html
in mense Octobris, indictione ixa.|Indiction|Dating clause|https://aschart.kcl.ac.uk/charters/s1168.html
mense Julio, tricesima die mensis ejusdem , indictione . xiii.a , anno ab incarnatione domini . 'dc' . octogesimo quinto .|Indiction|Dating clause|https://aschart.kcl.ac.uk/charters/s1169.html
mense Augusto , indictione prima , anno ab incarnatione Christi, dcmo. lxxx.o viiivo.|Indiction|Dating clause|https://aschart.kcl.ac.uk/charters/s1170.html
septingentesimo viii anno + Incarnacionis Christi sexta indicione.|Indiction|Dating clause|https://aschart.kcl.ac.uk/charters/s1176.html
Actum die .xi. Iulii mensis, anno .xxxiii. regni regis Wihtredi, indictione .vii.|Indiction|Dating clause|https://aschart.kcl.ac.uk/charters/s1180.html
Anno . ab incarnatione Christi . dccco . iiiio . Indictione . xiia .|Indiction|Dating clause|https://aschart.kcl.ac.uk/charters/s1187.html
anno dominicæ Incarnationis . dcccxlva , I[ndictione , viii , die do]minico , vi , Id' Novemb'|Indiction|Dating clause|https://aschart.kcl.ac.uk/charters/s1194.html
an'no' dominice incarnationis . dccclviiii . indictione septem|Indiction|Dating clause|https://aschart.kcl.ac.uk/charters/s1196.html
anno dominice incarnationis .dccclxviii., indictione .i.|Indiction|Dating clause|https://aschart.kcl.ac.uk/charters/s1201.html
anno dominice incarnationis dccclxxvo . indictione . vero . viii .|Indiction|Dating clause|https://aschart.kcl.ac.uk/charters/s1203.html
anno ab incarnatione Domini . dclxxvii . indictione prima .|Indiction|Dating clause|https://aschart.kcl.ac.uk/charters/s1246.html
in mense iulio, indictione sexta|Indiction|Dating clause|https://aschart.kcl.ac.uk/charters/s1247.html
Junii mensis . indictione . vi . Anno ab incarnatione domini sexcentesimo nonagesimo . iiio|Indiction|Dating clause|https://aschart.kcl.ac.uk/charters/s1248.html
mense Julio, pridie nonas, indictione quinta, anno incarnationis ejusdem . dclxxx.|Indiction|Dating clause|https://aschart.kcl.ac.uk/charters/s1249.html
anno . dcc . xii . indictione prima .|Indiction|Dating clause|https://aschart.kcl.ac.uk/charters/s1253.html
anno ab incarnatione Christi. dcc . lxx . iiii . indictione xii .|Indiction|Dating clause|https://aschart.kcl.ac.uk/charters/s1255.html
<anno> ab incarnacione Domini nostri Iesu Christi .dcclviiii., indiccione .xii.|Indiction|Dating clause|https://aschart.kcl.ac.uk/charters/s1256.html
Anno ab incarnatione Christi . dcclxxxi . Indictione . iiiita .|Indiction|Dating clause|https://aschart.kcl.ac.uk/charters/s1257.html
dcccv . anno incarnationis Christi xiii . indictione .|Indiction|Dating clause|https://aschart.kcl.ac.uk/charters/s1259.html
anno dominicæ incarnationis . dccco . iiio . Indictione . xi . die . ii . Non' . Octob'.|Indiction|Dating clause|https://aschart.kcl.ac.uk/charters/s1260.html
anno dominice incarnationis , dccc , xliii , indictione , vi , in illa famosa loco quae nominatur Meran worð die , v , k'l . Junias . ii . feria|Indiction|Dating clause|https://aschart.kcl.ac.uk/charters/s1264.html
anno dominicæ incarnationis . dccc . xi . indictione enim . iiiia . imperii autem Coenuulfi regis . xv . anno praesulatus autem Wulfredi archiepiscopi anno . vi . die autem undecimo k'l mai' .|Indiction|Dating clause|https://aschart.kcl.ac.uk/charters/s1264.html
Anno ab incarnatione ejusdem Dei et redemptoris mundi . d . ccc . xiii . Indictione . iii . præsidente Christi gratia archipontifice Wlfredo metropolitano sedem ecclesiæ Christi quæ sita est in Dorovernia civitate anno . iiii .|Indiction|Dating clause|https://aschart.kcl.ac.uk/charters/s1265.html
anno dominicæ inkarnationis . dcccxx . iiii . indictione . ii . die . x . kl' Augusti .|Indiction|Dating clause|https://aschart.kcl.ac.uk/charters/s1266.html
anno dominice incarnationis .dcccxliiii., indiccione uero .vi., regni autem regis Bertulfi .iiii. anno|Indiction|Dating clause|https://aschart.kcl.ac.uk/charters/s1271.html
anno dominicæ Incarnationis . dccco . xlo . viiiio . Indictione . vero . xiio .|Indiction|Dating clause|https://aschart.kcl.ac.uk/charters/s1272.html
anno Incarnationis Christi dccco 7 lvo . Indictione iiia .|Indiction|Dating clause|https://aschart.kcl.ac.uk/charters/s1273.html
anno incarnationis . dccc lxxii . indictione . v .|Indiction|Dating clause|https://aschart.kcl.ac.uk/charters/s1278.html
anno incarnationis humanae . dccc . lxxii . indictione . v .|Indiction|Dating clause|https://aschart.kcl.ac.uk/charters/s1278.html
anno autem ejusdem Incarnationis humane . dccc . nonagessima nona . indictione vero . ii .|Indiction|Dating clause|https://aschart.kcl.ac.uk/charters/s1279.html
Anno ab incarnacione Christi . d . c . c . xl . iiii . cum consensu Athelbaldi regis atque imperio reverentissimique pontificis consciencia Herewaldi indictione . xii .|Indiction|Dating clause|https://aschart.kcl.ac.uk/charters/s1410.html
Anno ejusdem sacre incarnationis . dccc . lxxxviiiio . Indictione . viia . ego Werfryð episcopus anno præsulatus mei . xvi .|Indiction|Dating clause|https://aschart.kcl.ac.uk/charters/s1415.html
Anno ab incarnatione redemptoris nostri Jhesu Christi dcccxcii Indictione xi|Indiction|Dating clause|https://aschart.kcl.ac.uk/charters/s1416.html
Anno vero dominicæ incarnationis . d.c . lxxx . indictio . ix .|Indiction|Dating clause|https://aschart.kcl.ac.uk/charters/s1428a.html
Anno dominici incarnationis . dcco . lxxxo . viiiio . indictione vero . xiia . qui est annus . xxxi . regni Offan strenuissimi Merciorum regis|Indiction|Dating clause|https://aschart.kcl.ac.uk/charters/s1430.html
Anno ab incarnatione domini . dccciii . indictione . xi . die quarta idus octobris .|Indiction|Dating clause|https://aschart.kcl.ac.uk/charters/s1431b.html
Anno dominicæ incarnationis . dccco . iiio . indictione xia . vo . qui est annus . vii . regni Cenwulfi pii regis Merciorum .|Indiction|Dating clause|https://aschart.kcl.ac.uk/charters/s1431.html
anno vero dominicæ incarnationis . dcccoiiio . indictione . xia . Dei . iiiia . idus octobris .|Indiction|Dating clause|https://aschart.kcl.ac.uk/charters/s1431a.html
Anno vero ab incarnatione domini nostri Jhesu Christi . dccco . xxiiiio . Indictione autem . ii . regnante Beornuulfo rege Merciorum|Indiction|Dating clause|https://aschart.kcl.ac.uk/charters/s1433.html
Anno vero . dominicae incarnationis . dcccoxxiiiio . indictione . ii . Congregatum est synodus in loco celebri ubi nominatur aet Clofeshoum . praesidenti autem Beornuulfo regi Merciorum . anno . ii . regni ejus . atque Uulfredo archiepiscopo anno . xviiiio .|Indiction|Dating clause|https://aschart.kcl.ac.uk/charters/s1434.html
Anno ab incarnacione Christi .dcccxxv., indictione .iii., anno .ii. regni Beornulfi regis Merciorum|Indiction|Dating clause|https://aschart.kcl.ac.uk/charters/s1435.html
Anno vero dominicae incarnationis . dcccxxva . indictione . iiia . de diversis Saxoniae partibus congregatum est synodale concilium in loco præclaro quæ nominatur aet Clofeshoum . praesidente autem huic venerabili concilio Uulfredo archiepiscopo . anno . xxo . episcopatus sui . Seu etiam Beornuulfo regi Merciorum . anno . iiia . regni ejus .|Indiction|Dating clause|https://aschart.kcl.ac.uk/charters/s1436.html
Anno ab incarnatione Christi .dcccxxxviiii. indictione .ii. primo videlicet anno regni Eðeluulfi regis|Indiction|Dating clause|https://aschart.kcl.ac.uk/charters/s1438.html
anno dominicæ incarnationis . dcccxliiii . indictione .[ ].|Indiction|Dating clause|https://aschart.kcl.ac.uk/charters/s1439.html
Anno uero dominice incarnationis .doccco liio. Indictione .xv. hoc factum est.|Indiction|Dating clause|https://aschart.kcl.ac.uk/charters/s1440.html
Rixiendum ussum Dryhtene þem Helendan Criste, Efter ðon þe agan was ehta hund wintra 7 syx 7 hundnigontig Efter his acennednesse, 7 þy feowerteoþan gebonngere|Indiction|Dating clause|https://aschart.kcl.ac.uk/charters/s1441.html
Anno dominicæ incarnationis . dccc . xcvii . indictione vero . xv .|Indiction|Dating clause|https://aschart.kcl.ac.uk/charters/s1442.html
Actum sane quadragesimo quinto anno regni nostri sub die .v. idus Ianuarii.|Regnal dating|Dating clause|https://aschart.kcl.ac.uk/charters/s0004.html
anno regni nostri primo, indictione tercia, sub die kalendarum Aprilis|Regnal dating|Dating clause|https://aschart.kcl.ac.uk/charters/s0007.html
anno secundo regni nostri, indictione secunda, sub die kalendarum Martis|Regnal dating|Dating clause|https://aschart.kcl.ac.uk/charters/s0010.html
Anno secundo regni mei, indictione autem tertia, sub die .vi. kalendarum Februarii|Regnal dating|Dating clause|https://aschart.kcl.ac.uk/charters/s0013.html
Actum .xvi. kalendas Augusti, indictione .vii., anno regni nostri tertio|Regnal dating|Dating clause|https://aschart.kcl.ac.uk/charters/s0015.html
Actum est hoc in loco qui dicitur Berkamystede, indiccione nona, anno regni nostri .v., in mense Februarii.|Regnal dating|Dating clause|https://aschart.kcl.ac.uk/charters/s0017.html
anno regni mei .vi., secunda feria Aprilis|Regnal dating|Dating clause|https://aschart.kcl.ac.uk/charters/s0018.html
Actum die .vi. idus Aprilis, anno regni mei .viii., indictione .xii.|Regnal dating|Dating clause|https://aschart.kcl.ac.uk/charters/s0020.html
Anno ab incarnatione domini . dcc . xvi . Indictione . xiii . Anno primo regni regis Æþelbaldi Merciorum .|Regnal dating|Dating clause|https://aschart.kcl.ac.uk/charters/s0021.html
[Actum est] die vicesima Februarii mensis . anno regni nostri septimo . Indic[tione q]uinta decima|Regnal dating|Dating clause|https://aschart.kcl.ac.uk/charters/s0023.html
Anno regni mei tertio.|Regnal dating|Dating clause|https://aschart.kcl.ac.uk/charters/s0026.html
anno primo regni nostri, die .viii. kalendarum Augusti, in ciuitate Dorouerni|Regnal dating|Dating clause|https://aschart.kcl.ac.uk/charters/s0028.html
anno secundo regni nostri|Regnal dating|Dating clause|https://aschart.kcl.ac.uk/charters/s0029.html
Anno Incarnationis Dominicae . dcccv . nostri regni concessi a Deo . v . Indictione xiiii .|Regnal dating|Dating clause|https://aschart.kcl.ac.uk/charters/s0039.html
octabo anno regni mei|Regnal dating|Dating clause|https://aschart.kcl.ac.uk/charters/s0040.html
Gesta sunt hæc anno dominicæ incarnationis dcco . lvio . regni Offan regis Merciorum iiius . annus .|Regnal dating|Dating clause|https://aschart.kcl.ac.uk/charters/s0057.html
anno ætatis regis Egfridi quadragesimo , regni vero ejus decimo quarto .|Regnal dating|Dating clause|https://aschart.kcl.ac.uk/charters/s0066.html
Sancitum est hoc privilegium Anno dominicæ Incarnationis Sexcentesimo . Sexagesimo quarto . Uulferi Regis septimo . Deusdedit Nono . quod nullius insana et punienda cupiditas violet.|Regnal dating|Dating clause|https://aschart.kcl.ac.uk/charters/s0068.html
anno domini . dc. lxxx . meique regni . vi .|Regnal dating|Dating clause|https://aschart.kcl.ac.uk/charters/s0072.html
anno regni mei tertio|Regnal dating|Dating clause|https://aschart.kcl.ac.uk/charters/s0081.html
anno regni mei primo|Regnal dating|Dating clause|https://aschart.kcl.ac.uk/charters/s0083.html
Actum est die .iiii. kalendarum Nouembris, anno .i. regni mei, indictione .xv.|Regnal dating|Dating clause|https://aschart.kcl.ac.uk/charters/s0086.html
Actum est die .iiii. kalendarum Nouembris, anno .xxii. regni nostri|Regnal dating|Dating clause|https://aschart.kcl.ac.uk/charters/s0087.html
actum mense septembrio die indictionis, ii, anno regni nostri xvii|Regnal dating|Dating clause|https://aschart.kcl.ac.uk/charters/s0088.html
anno vero dominicæ incarnationis dccxlii . Indictione . x . et regni Æðelbaldi regis Merciorum . xxvii .|Regnal dating|Dating clause|https://aschart.kcl.ac.uk/charters/s0090.html
Huius scedulæ scriptio dominicæ incarnationis anno . dccxlviiii . indictione secunda in loco celebre cujus vocabulum est Godmundeslaech . xxxiii . anno Ædelbaldi regis peracta est|Regnal dating|Dating clause|https://aschart.kcl.ac.uk/charters/s0092.html
Anno incarnationis dominicæ . dcc . lxxx . indictione . iii . regni mei anno . xx . iii . mense Septembri . die quo passio Thebaidæ legionis a fidelibus Dei famulis celebratur .|Regnal dating|Dating clause|https://aschart.kcl.ac.uk/charters/s0118.html
Anno ab incarnatione domini . dcc . lxxxiiii o . et regni mei . xxvii o .|Regnal dating|Dating clause|https://aschart.kcl.ac.uk/charters/s0122.html
fif hundred wintra 7 nigan 7 hundeahtatig wintra fram Cristes gebyrtide . Offa kyning on þam an and þrittigan geare his kynedomes|Regnal dating|Dating clause|https://aschart.kcl.ac.uk/charters/s0126.html
in . xxxii . anno regni sui|Regnal dating|Dating clause|https://aschart.kcl.ac.uk/charters/s0126.html
Anno dominicæ incarnationis . dcc . xc. Indictione xiii . Anno namque regni mei . xxxiii . cum his testibus , secundo die pascæ, pridiae idus Aprilis|Regnal dating|Dating clause|https://aschart.kcl.ac.uk/charters/s0133.html
regni mei a Deo concessi .xxxv.|Regnal dating|Dating clause|https://aschart.kcl.ac.uk/charters/s0134.html
anno dominicæ incarnacionis .dccxciii. indiccione .iii. anno vero Offan regis Merciorum .xxxvi.|Regnal dating|Dating clause|https://aschart.kcl.ac.uk/charters/s0136.html
Anno [ab] incarnatione Christi . dcc . xc o . iiii . regni Offani . xxxvii o . anno .|Regnal dating|Dating clause|https://aschart.kcl.ac.uk/charters/s0137.html
anno dominicæ incarnacionis .dccxcv. Indictione .v. et regni Offanis .xxxv. sub .iiii. nonas Maias .|Regnal dating|Dating clause|https://aschart.kcl.ac.uk/charters/s0138.html
anno dominice incarnacionis .dccxcv. et regni regis Offanis .xxxv. indiccione .v. sub .iiii. nonas . Maias .|Regnal dating|Dating clause|https://aschart.kcl.ac.uk/charters/s0138.html
anno primo regni mei|Regnal dating|Dating clause|https://aschart.kcl.ac.uk/charters/s0140.html
Anno dominice incarnacionis septingentesimo nonagesimo sexto . indiccione quarta . primo vero anno regni nostri|Regnal dating|Dating clause|https://aschart.kcl.ac.uk/charters/s0150.html
anno dominice incarnacionis . dcc . xcvi . indiccione . iiii . primo autem anno regni nobis|Regnal dating|Dating clause|https://aschart.kcl.ac.uk/charters/s0151.html
anno secundo imperii nostri|Regnal dating|Dating clause|https://aschart.kcl.ac.uk/charters/s0153.html
anno dominicae incarnationis . dcc o. xc o. viiii o. in vicu regio æt Tome worðige . qui est tertius annus inperii nostri indictio[ne] . vero . vii .|Regnal dating|Dating clause|https://aschart.kcl.ac.uk/charters/s0155.html
Actum est xvi . kalendus agusti indictione vii . anno regni nostri . iii .|Regnal dating|Dating clause|https://aschart.kcl.ac.uk/charters/s0156.html
anno . v o . imperii nostri|Regnal dating|Dating clause|https://aschart.kcl.ac.uk/charters/s0157.html
Anno dominice incarnacionis .dccci., regni uero Coenuulfi regis Merciorum anno .v.|Regnal dating|Dating clause|https://aschart.kcl.ac.uk/charters/s0158.html
Actum est anno aduentus Domini .dccciiii., indictione .xii. et regni regis Coeneuulfi anno .viii.|Regnal dating|Dating clause|https://aschart.kcl.ac.uk/charters/s0159.html
Anno vero dominicæ incarnationi . dccc oviii o . indict' . xv a . et regni mei a Deo concessi . xii o .|Regnal dating|Dating clause|https://aschart.kcl.ac.uk/charters/s0163.html
Anno dominice incarnationis .dcccxi., Cenulfi uero regis Merciorum anno .xix.|Regnal dating|Dating clause|https://aschart.kcl.ac.uk/charters/s0166.html
Anno vero incarnationis ejusdem salvatoris mundi domini nostri Jhesu Christi . dccc o . xi o . indictione autem . iiii . Imperii vero nostri a Deo dato anno . xvi . die . vero . v . Id . Nov .|Regnal dating|Dating clause|https://aschart.kcl.ac.uk/charters/s0167.html
Anno autem incarnationis ejusdem domini salvatoris mundi Jhesu Christi . dccc o . xi o . indictione vero . iiii a . Porro quoque imperii piissimi regis Merciorum Coenu'u'lfi anno . xv o . praesulatus etiam Uulfredi archipontificis anno. vi o . prima kalendarum die augustarum|Regnal dating|Dating clause|https://aschart.kcl.ac.uk/charters/s0168.html
Anno quoque incarnationis Dei et salvatoris mundi . dccc o . xii o . indictione . v . Regni quoque gloriosissimi Merciorum regis Coenuulfi anno . xvi o . Præsulatus etiam anno Uulfredi archiepiscopi . vii o .|Regnal dating|Dating clause|https://aschart.kcl.ac.uk/charters/s0169.html
Anno .dccc.xiiii. indictione .vii. in vico celeberrimo qui vocatur Tomoworðig . die . vii o . kl' Januarii . regni autem nostri a Deo concessi .xviii. anno .|Regnal dating|Dating clause|https://aschart.kcl.ac.uk/charters/s0172.html
anno dominice incarnationis dcccxiiii . regni vero nostri a Deo concessi xviii .|Regnal dating|Dating clause|https://aschart.kcl.ac.uk/charters/s0173.html
anno dominicæ incarnationis . dccc o . xv o . Indictione . vii a . regni siquidem nostri . xviiii o . anno . In vico regis qui dicitur Uuicbold . die . xiiii o . Kl' apriles .|Regnal dating|Dating clause|https://aschart.kcl.ac.uk/charters/s0178.html
anno dominicæ incarnationis . dccc . xvi . indictione nona ; regni vero nostri a Deo concessi . xx o .|Regnal dating|Dating clause|https://aschart.kcl.ac.uk/charters/s0179.html
anno dominice incarnationis dcccxvi indictione namque nona regni vero nostri a Deo concessi xx o .|Regnal dating|Dating clause|https://aschart.kcl.ac.uk/charters/s0180.html
anno dominicæ incarnationis . dccc . xvii . indictione namque . x . regni vero nostri a Deo concessi . xxi .|Regnal dating|Dating clause|https://aschart.kcl.ac.uk/charters/s0181.html
anno dominicæ incarnationis . dccc o . xvii o . indictione vero . x ma . Porro autem primo et vicesimo anno regni nostri .|Regnal dating|Dating clause|https://aschart.kcl.ac.uk/charters/s0182.html
Anno uero dominice incarnationis .dcccxxi., indictione .xiiii. Ego Coenulfus rex Merciorum ab eodem Deo et Domino nostro populis et tribubus preordinatus in regem, anno imperii nostri .xxv.|Regnal dating|Dating clause|https://aschart.kcl.ac.uk/charters/s0183.html
anno dominice incarnationis .dcccxxi., regni autem mei anno .xi.|Regnal dating|Dating clause|https://aschart.kcl.ac.uk/charters/s0184.html
anno primo secundi regni mei|Regnal dating|Dating clause|https://aschart.kcl.ac.uk/charters/s0188.html
anno dominicae incarnationis . dccc o . xxx o . vi o , indictione vero . xiiii o regni autem nostri a Deo concessi . vii o .|Regnal dating|Dating clause|https://aschart.kcl.ac.uk/charters/s0190.html
anno dominice incarnationis . dcccxl . Indictione vero . iii . regni autem ejusdem Beorhtwulfi regis . ii o . anno .|Regnal dating|Dating clause|https://aschart.kcl.ac.uk/charters/s0191.html
in natali domini æt Tomanworðie . istis testibus confirmata . anno domini . dccc . xli . regis præfati . iii . anno . indictione vero . iii .|Regnal dating|Dating clause|https://aschart.kcl.ac.uk/charters/s0196.html
anno . xiii . regni mei|Regnal dating|Dating clause|https://aschart.kcl.ac.uk/charters/s0201.html
die autem in . viii . K'l agustus quo missa beati Jacobi apostoli celebratur . Anno ab incarnatione Christi . dccc . lxiiii . indictione . xii . Burhrede rege regnante . xiii . anno .|Regnal dating|Dating clause|https://aschart.kcl.ac.uk/charters/s0210.html
Anno dominicæ incarnationis . dccclxix . indictione vero . ii a . Burgredi autem regis regno . xvii o .|Regnal dating|Dating clause|https://aschart.kcl.ac.uk/charters/s0214.html
anno dominice incarnationis . dclxxi|Regnal dating|Dating clause|https://aschart.kcl.ac.uk/charters/s0228.html
"Anno dominicæ incarnationis
.dcccxxvi. Indictione .iiii. anno Ecgberhti regis .xxiiii."|Regnal dating|Dating clause|https://aschart.kcl.ac.uk/charters/s0272.html
"Anno dominicæ
incarnationis . dcccxxvi . Indictione . iiii . Anno decimo regni sui
."|Regnal dating|Dating clause|https://aschart.kcl.ac.uk/charters/s0274.html
"Anno dominicæ .
incarnationis . d.ccc.xxvi . indictione . iiii . Anno Egbert . regis
. xxiiii . ducatus sui anno . xiii ."|Regnal dating|Dating clause|https://aschart.kcl.ac.uk/charters/s0275.html
"Anno
dominicæ incarnationis . dcccxxvi . Indictione . iiii . Anno
Ecgberti regis . xxiiii . Ducatus sui . Anno . xiiii ."|Regnal dating|Dating clause|https://aschart.kcl.ac.uk/charters/s0276.html
"in Pascha in
Dorchecestre, et posterea uice eandem donationem liberaliter in
Natali confirmauimus, anno imperii nostri .xxxiiii."|Regnal dating|Dating clause|https://aschart.kcl.ac.uk/charters/s0278.html
"Anno ab incarnatione domini .dcccxxxix. primo videlicet anno regni
Æðelwulfi regis"|Regnal dating|Dating clause|https://aschart.kcl.ac.uk/charters/s0281.html
"Anno dominicæ incarnationis . dcccc . xxiiii .
indictione . ii . Anno Ecgberti regis . xxiii ."|Regnal dating|Dating clause|https://aschart.kcl.ac.uk/charters/s0283.html
Dominicæ Incarnationis anno octingentesimo quinquagesimo septimo , die undecimo Nonas Novembris indictione septima . Anno vero regni mei decimo nono|Regnal dating|Dating clause|https://aschart.kcl.ac.uk/charters/s0318.html
anno ab incarnatione Domini octingesimo septuagesimo secundo et anno regni mei septimo.|Regnal dating|Dating clause|https://aschart.kcl.ac.uk/charters/s0343a.html
anno xiiiio regni sui|Regnal dating|Dating clause|https://aschart.kcl.ac.uk/charters/s1168.html
Actum die .xi. Iulii mensis, anno .xxxiii. regni regis Wihtredi, indictione .vii.|Regnal dating|Dating clause|https://aschart.kcl.ac.uk/charters/s1180.html
Actum dominicæ incarnationis anno 795 . anno quo cæpit Offa Rex regnare 31 .|Regnal dating|Dating clause|https://aschart.kcl.ac.uk/charters/s1186.html
Secundo autem anno regni Cenulfi|Regnal dating|Dating clause|https://aschart.kcl.ac.uk/charters/s1258.html
anno dominicæ incarnationis . dccc . xi . indictione enim . iiiia . imperii autem Coenuulfi regis . xv . anno praesulatus autem Wulfredi archiepiscopi anno . vi . die autem undecimo k'l mai' .|Regnal dating|Dating clause|https://aschart.kcl.ac.uk/charters/s1264.html
anno dominice incarnationis .dcccxliiii., indiccione uero .vi., regni autem regis Bertulfi .iiii. anno|Regnal dating|Dating clause|https://aschart.kcl.ac.uk/charters/s1271.html
Anno dominici incarnationis . dcco . lxxxo . viiiio . indictione vero . xiia . qui est annus . xxxi . regni Offan strenuissimi Merciorum regis|Regnal dating|Dating clause|https://aschart.kcl.ac.uk/charters/s1430.html
Anno dominicæ incarnationis . dccco . iiio . indictione xia . vo . qui est annus . vii . regni Cenwulfi pii regis Merciorum .|Regnal dating|Dating clause|https://aschart.kcl.ac.uk/charters/s1431.html
Anno vero ab incarnatione domini nostri Jhesu Christi . dccco . xxiiiio . Indictione autem . ii . regnante Beornuulfo rege Merciorum|Regnal dating|Dating clause|https://aschart.kcl.ac.uk/charters/s1433.html
Anno vero . dominicae incarnationis . dcccoxxiiiio . indictione . ii . Congregatum est synodus in loco celebri ubi nominatur aet Clofeshoum . praesidenti autem Beornuulfo regi Merciorum . anno . ii . regni ejus . atque Uulfredo archiepiscopo anno . xviiiio .|Regnal dating|Dating clause|https://aschart.kcl.ac.uk/charters/s1434.html
Anno ab incarnacione Christi .dcccxxv., indictione .iii., anno .ii. regni Beornulfi regis Merciorum|Regnal dating|Dating clause|https://aschart.kcl.ac.uk/charters/s1435.html
Anno vero dominicae incarnationis . dcccxxva . indictione . iiia . de diversis Saxoniae partibus congregatum est synodale concilium in loco præclaro quæ nominatur aet Clofeshoum . praesidente autem huic venerabili concilio Uulfredo archiepiscopo . anno . xxo . episcopatus sui . Seu etiam Beornuulfo regi Merciorum . anno . iiia . regni ejus .|Regnal dating|Dating clause|https://aschart.kcl.ac.uk/charters/s1436.html
Anno ab incarnatione Christi .dcccxxxviiii. indictione .ii. primo videlicet anno regni Eðeluulfi regis|Regnal dating|Dating clause|https://aschart.kcl.ac.uk/charters/s1438.html
